{"type": "FeatureCollection", "features": [{"type": "Feature", "properties": {"threshold": 70}, "geometry": {"type": "MultiPolygon", "coordinates": [[[[77.39827594853999, 28.692683755703246], [77.40095056010466, 28.696481731730515], [77.40594189990134, 28.697295455561363], [77.41121623403517, 28.69133764957125], [77.41611878871645, 28.690551522885034], [77.41483577030972, 28.70427701458764], [77.4202115594597, 28.705575276151645], [77.4244167186337, 28.702627460836982], [77.42259397630161, 28.69578529449202], [77.42452863335623, 28.691550009542397], [77.42884568613573, 28.69076996534243], [77.43253939288206, 28.692729456926493], [77.43337751260371, 28.69658191711861], [77.44124229941552, 28.699953572004205], [77.4539874200249, 28.71250228742984], [77.4578841515709, 28.713207345253064], [77.45886037730428, 28.707061259109302], [77.45531739269674, 28.700567563483872], [77.45770501461278, 28.694743791544152], [77.45506388634804, 28.689710321850914], [77.45784616287469, 28.677247377401276], [77.46410092136948, 28.67340902837021], [77.46364106742348, 28.666689780523757], [77.47440538303398, 28.65657458967842], [77.47327290217335, 28.64846524417761], [77.46585567389972, 28.639375898465236], [77.46862868036456, 28.635807252919545], [77.46740287231236, 28.631252917362513], [77.46307367615567, 28.630344300241806], [77.45178031373199, 28.63451031490237], [77.43609474064237, 28.627728791767055], [77.42302140841838, 28.628950708878854], [77.42204819507776, 28.63439432695962], [77.4268721555541, 28.637745368234107], [77.42744360428206, 28.641336054471214], [77.42256437421885, 28.666312777422167], [77.4193178204655, 28.670052264448334], [77.40809988853702, 28.671169723394886], [77.4062828096742, 28.685223948405937], [77.3979927328315, 28.688362023455976], [77.39827594853999, 28.692683755703246]]], [[[76.94628356562148, 28.686165178800987], [76.95258143858631, 28.69839247451601], [76.96885997843336, 28.69058406408846], [76.98067662570524, 28.69023073581713], [76.98474833134162, 28.694732843979693], [76.99287404649817, 28.695678574055535], [76.99861961674158, 28.699260918229893], [77.00840307209234, 28.690026543470893], [77.02001534520736, 28.68772831981842], [77.02547771032626, 28.694981565196734], [77.03008304999443, 28.692641619635904], [77.04610022676394, 28.69177206983357], [77.05020240720427, 28.699264885824192], [77.05430443039839, 28.699126211712276], [77.05635929529174, 28.693988978966615], [77.06007599296922, 28.693881598311428], [77.06800026929903, 28.70282156151027], [77.05343099182312, 28.71516429127675], [77.05372514418718, 28.725326282160733], [77.05983539402973, 28.728616092114713], [77.06959944388639, 28.72306425271452], [77.07411394509118, 28.723128595661855], [77.07782083060506, 28.725193897686744], [77.07924786274978, 28.731725091605398], [77.08315954237301, 28.735115639188177], [77.09085603249208, 28.73531893855458], [77.09346342061156, 28.73874383568947], [77.10151669474772, 28.737677283487077], [77.10624784100459, 28.74230877942847], [77.10249592105818, 28.747364435316925], [77.09283792528551, 28.74153162502749], [77.07994830310675, 28.7431193682009], [77.07435600530943, 28.74736984441357], [77.07283120869967, 28.753801135903114], [77.0753119596957, 28.755544207005165], [77.08771076851063, 28.75378360952834], [77.09785310364931, 28.748998704810383], [77.10195975991508, 28.754177968932645], [77.1061421246262, 28.755060543392986], [77.11616101034733, 28.751673642466574], [77.12102908941995, 28.746756431106775], [77.12809761680937, 28.753450414680625], [77.12404993711492, 28.766478994701025], [77.11557779877037, 28.767428759609], [77.10702334481563, 28.773944186577566], [77.1143772576233, 28.778986003359773], [77.1227832922917, 28.777990604047964], [77.12691377397974, 28.773153840110787], [77.1321146831714, 28.775168269640844], [77.13497229207785, 28.79386527484114], [77.12734416933635, 28.796144850372993], [77.1264219089505, 28.803709017728607], [77.13478402286182, 28.805177860593655], [77.13641820070814, 28.81589020741494], [77.1448730302606, 28.811590959239865], [77.14839257753202, 28.80350967169752], [77.14996002426886, 28.793022419290985], [77.14359343514775, 28.78501303768475], [77.15217417568613, 28.77318828954807], [77.14954815233602, 28.76966648183004], [77.15063346375746, 28.76521392772314], [77.15870525787075, 28.759460188656274], [77.1655552826592, 28.75946512021376], [77.17636229337488, 28.751922154488703], [77.17619919535866, 28.74583301417687], [77.16896280627078, 28.74433333020505], [77.168541458447, 28.740826025929334], [77.18281110195092, 28.73522788935646], [77.18758835782047, 28.735452365141317], [77.19209527164539, 28.739531063466114], [77.1860279929533, 28.746663890624188], [77.18871772901167, 28.752534913691957], [77.18692131938042, 28.759699920920358], [77.1784611005217, 28.763856394813565], [77.18575420336752, 28.76852724422697], [77.18861113155397, 28.76413621371716], [77.20028689708757, 28.760914200863784], [77.19713666715498, 28.75039433398582], [77.20245485750485, 28.74869739786897], [77.2042037656526, 28.744225972208962], [77.21322645123519, 28.737282451413478], [77.21880669352768, 28.7376512761196], [77.22781216373795, 28.7302025450947], [77.23380117974325, 28.717400480486912], [77.23060180347768, 28.690716492676373], [77.2346212403813, 28.67315992963817], [77.2336822481137, 28.664664793751285], [77.2395147324164, 28.66179407239457], [77.24134654718179, 28.654103472349693], [77.24701001620468, 28.653348123988607], [77.24995765579587, 28.6484935588295], [77.2611425731617, 28.642747641706972], [77.26016676280601, 28.635191880243312], [77.25575892660538, 28.630178679146265], [77.25701382604244, 28.623800878194466], [77.26955614934043, 28.626026413042116], [77.27389855724742, 28.635160029651512], [77.27004876988853, 28.637990230407045], [77.26449920231916, 28.651695600814605], [77.25473101396399, 28.659906539335513], [77.25424417021823, 28.664140343525954], [77.24439347781487, 28.670165188587028], [77.244357692885, 28.674625679560688], [77.24709181484698, 28.675974773163485], [77.25523900225723, 28.67500820501276], [77.25876486923025, 28.67181221980111], [77.26644733044454, 28.672643059880187], [77.27189744385767, 28.67486633784347], [77.27555576281074, 28.68225952621237], [77.28017943358967, 28.68347623196949], [77.27549443885312, 28.691100489217146], [77.27950853005181, 28.6993137321403], [77.28789295368293, 28.700567168415528], [77.28903260335306, 28.709461842658094], [77.28129053947025, 28.71490415301852], [77.286293143112, 28.724848964545444], [77.2928097257462, 28.723684326819424], [77.29069560803953, 28.710985010703066], [77.29919828152632, 28.703161218347223], [77.33232866172462, 28.700116584007144], [77.33668932874782, 28.70158363056653], [77.34838199720194, 28.696532686385943], [77.35414916943391, 28.68494509964935], [77.36398897412343, 28.686645821178928], [77.36850051206008, 28.690943903074206], [77.37724116260956, 28.691424256646208], [77.38077376492865, 28.68519381210593], [77.39032433645274, 28.68100026457466], [77.39301385114123, 28.674312501687794], [77.38907051472361, 28.664524188048556], [77.38403980488786, 28.663981461681903], [77.38080032477713, 28.660599200231108], [77.37373078823961, 28.66313517786437], [77.37143895964338, 28.667597311741016], [77.3672702821703, 28.663563962411473], [77.37053284052813, 28.64885786011044], [77.38352328870376, 28.646787330976338], [77.37895090145017, 28.633703809726352], [77.38573939047862, 28.629747679150213], [77.38224317667783, 28.62154736128058], [77.38886058447392, 28.619012663347373], [77.39073706284795, 28.61307758373515], [77.38908596322175, 28.60994509449177], [77.38339197609159, 28.61312135126171], [77.37844429621515, 28.61101078257375], [77.37999448408108, 28.604580493867818], [77.37635615477456, 28.598284928690937], [77.38239593714682, 28.594678485563595], [77.37758076933228, 28.58797082221222], [77.3803694535998, 28.582774258535157], [77.37808443102016, 28.57917985926726], [77.3713974040256, 28.57852111906706], [77.37031962575837, 28.574914717579002], [77.37400817745464, 28.568823186672404], [77.38129054315148, 28.56888140792929], [77.38175648430773, 28.565755583083583], [77.37603727084908, 28.56265993719191], [77.37359158770673, 28.5540562179865], [77.37611948751471, 28.549560890060025], [77.37294774838769, 28.54284229122754], [77.3693403769388, 28.542905316118908], [77.3629492732108, 28.549072865037388], [77.35328630208977, 28.546930999321322], [77.34720509537449, 28.54984404326436], [77.34695195450112, 28.553480944107275], [77.36472761768185, 28.551957247910632], [77.36402911022208, 28.56250956459021], [77.34988238473846, 28.562525481060046], [77.3429641215228, 28.56572824901289], [77.34042983644585, 28.562217118581966], [77.34543307350725, 28.559134857681975], [77.34574698508867, 28.554587359181333], [77.34038642920193, 28.553476115050955], [77.33973046492899, 28.5420195770724], [77.33327726836896, 28.541202415121184], [77.33216394266458, 28.54744646068174], [77.33583410637576, 28.55023991115948], [77.3341260610923, 28.556723488237004], [77.33774444988308, 28.56229785439628], [77.3344982809414, 28.567479285204236], [77.327765214251, 28.568064480032117], [77.32299016329917, 28.562988641522153], [77.31621993801545, 28.56477164099637], [77.31178804688123, 28.57260095966904], [77.30247259126448, 28.575829331480413], [77.29959444419632, 28.579234083616882], [77.28425165997781, 28.606880926780438], [77.28036045363042, 28.608951822664938], [77.27153528969232, 28.605027325186068], [77.2672905098476, 28.617674456867032], [77.25953655311919, 28.619640319989383], [77.2567369409101, 28.61719313965081], [77.2595420556546, 28.604466005847037], [77.2581871880036, 28.594230959852087], [77.2603743703201, 28.59138090051854], [77.26789538602677, 28.590713808818933], [77.26989637144038, 28.57725184078657], [77.27805910995237, 28.57313203754521], [77.28733420500836, 28.572826109077422], [77.29452568674367, 28.567105703603687], [77.29474060760236, 28.556902678559847], [77.30311874667602, 28.543271978216534], [77.31231928853379, 28.542846702743624], [77.31593062456967, 28.536561351723527], [77.32298033796899, 28.53215954212549], [77.32358127925404, 28.524512211535335], [77.3157717588218, 28.523343751345326], [77.31613017576896, 28.498612446845165], [77.31040300610601, 28.491688341775504], [77.31829285140438, 28.483562700324246], [77.32003511944417, 28.477896521625144], [77.31811351914226, 28.466301738742825], [77.32062693264652, 28.46384646872414], [77.32063962451338, 28.454973471236], [77.32555343661545, 28.448244122882116], [77.32341734242726, 28.440417107820128], [77.3283922121514, 28.42582881365353], [77.30555490985147, 28.423622102572242], [77.30139287771834, 28.43012977908704], [77.29633992110536, 28.431155002774386], [77.29733211453579, 28.43948630863478], [77.30458102325056, 28.45244655082428], [77.30362524744221, 28.458581608351505], [77.2960064808272, 28.46093419128754], [77.30135838323238, 28.467196650479487], [77.29715268484395, 28.473329488002356], [77.30074633569997, 28.482018228470363], [77.29753635548369, 28.48949476483384], [77.28651368533248, 28.494712705270754], [77.28317564741558, 28.500063118165755], [77.2733581210585, 28.503636683713363], [77.27857290462241, 28.511750159862217], [77.27672663851719, 28.518619874239707], [77.27029174813221, 28.524291704153118], [77.2570307943873, 28.51732985885054], [77.2556738833271, 28.512887888120304], [77.26014374084242, 28.508885100490872], [77.25705067408089, 28.496864349744456], [77.2488070551984, 28.489865332478665], [77.24405024168725, 28.487500741734735], [77.23781678672155, 28.488590664351925], [77.23390330415963, 28.484582624158005], [77.22218694413186, 28.490455626262463], [77.22264669809049, 28.497631974481507], [77.21047256166979, 28.50121450607641], [77.19874684432358, 28.500867951029235], [77.195998865292, 28.507590840615645], [77.19952275074516, 28.512253095445033], [77.19756017731085, 28.516597517661133], [77.18579559343769, 28.522349689960837], [77.18789573435808, 28.535396975697033], [77.17909671303579, 28.539896496008463], [77.17319970802228, 28.540076347072247], [77.17570100662282, 28.54602771136845], [77.17337995835122, 28.54950024906874], [77.163755325733, 28.550602211054112], [77.16052360583551, 28.5396849906294], [77.15538805634226, 28.536482408657854], [77.15551368449951, 28.532048202797952], [77.16890426811102, 28.53042613529773], [77.17512454648383, 28.521489444429804], [77.1751514907969, 28.51509888066753], [77.18133966905555, 28.50887361806638], [77.18690089919022, 28.508411041428488], [77.19320836362944, 28.50080400129916], [77.18690644187511, 28.480691317027073], [77.17900534495861, 28.489797629513102], [77.17855661680295, 28.49794372756191], [77.17480573378428, 28.498929052095164], [77.1707335808799, 28.495715120713243], [77.1682187856094, 28.484538501696125], [77.16294857505632, 28.480924357937784], [77.1758136836868, 28.475892070331632], [77.17563833425923, 28.473254851151747], [77.17076046553578, 28.472385104113332], [77.15854664802623, 28.47531241474364], [77.15854062838541, 28.49256234630916], [77.15349658489937, 28.493179722510988], [77.14929676666488, 28.488274853259348], [77.13507747876264, 28.487322471754393], [77.13521566722372, 28.49199410512888], [77.14221340987042, 28.495197556028273], [77.14348913935382, 28.49828482402417], [77.15539947565676, 28.498085563297106], [77.16565354088323, 28.504361098056602], [77.16108602066163, 28.511380843139083], [77.15671285344398, 28.512522233958077], [77.15331398493079, 28.52208551309286], [77.14421113619096, 28.522497268567363], [77.14120590520926, 28.525121931274548], [77.14263991938053, 28.53004620410193], [77.13622821968384, 28.53738667565996], [77.12631656633, 28.53819176194813], [77.11339391118001, 28.53437293519286], [77.11009180343673, 28.527160929513705], [77.10613791096674, 28.526518751381104], [77.10165148008186, 28.521610689135837], [77.08755079167692, 28.523310642817545], [77.08481638780998, 28.516623591926777], [77.0875758617369, 28.51518631895187], [77.09496439514969, 28.5175125927565], [77.09930035661431, 28.50546646628097], [77.0978985874371, 28.50155153937126], [77.09226184261544, 28.502494673624025], [77.08372054007742, 28.511223100529453], [77.07331148188332, 28.510000508304024], [77.07608536773674, 28.529102441432432], [77.07907814029635, 28.5318313901492], [77.0865894666507, 28.53242287717514], [77.09103821414037, 28.539568037870904], [77.0967804143298, 28.535664866916296], [77.11295230019672, 28.53835552100636], [77.11242221929103, 28.543712149550696], [77.10118393307218, 28.547535101426252], [77.10028528765844, 28.55412911852592], [77.10553949579383, 28.556432727949478], [77.11766062827682, 28.553577252419977], [77.12136337898747, 28.558117881597816], [77.11892877946167, 28.56313214599732], [77.11982093925624, 28.5741722675615], [77.11131531634929, 28.577994060453047], [77.11760726191157, 28.58894437678803], [77.11761619463783, 28.600162441122986], [77.10834543495864, 28.601143878468267], [77.0949335494988, 28.5895359877988], [77.09498758060728, 28.58243759136932], [77.10315081934456, 28.581898190681308], [77.10304984899761, 28.57682464403093], [77.09870692272116, 28.575973746747007], [77.09309927562114, 28.580021720664597], [77.08648863930809, 28.578289131516193], [77.07944321772845, 28.574732906236935], [77.07340115135865, 28.567544099494796], [77.07352040097093, 28.564182842088794], [77.07900709860489, 28.55920917585186], [77.07913167540661, 28.552033275119694], [77.07657439598833, 28.550677856434067], [77.06899138091178, 28.551696225766786], [77.06584420444898, 28.556629325362856], [77.0571195248359, 28.55330207337186], [77.04183687528167, 28.55991248913238], [77.04083492293016, 28.564769596692283], [77.04930424503702, 28.570735765432083], [77.04516261391814, 28.580285274082378], [77.0273756429639, 28.584960733744516], [77.02559908338023, 28.59035582934009], [77.01607999535679, 28.595267859300773], [77.00993735044658, 28.60427515831358], [77.00231871670167, 28.60592546319762], [76.99603424088956, 28.599604183916327], [76.9965661506112, 28.596648249947798], [77.00313015361306, 28.595873413498747], [77.00693889732717, 28.590575455310045], [76.99896751300703, 28.589435821547237], [76.99564931617697, 28.58451313126891], [76.98697163976681, 28.59026565002778], [76.98309354639342, 28.59688195784423], [76.96616747124988, 28.595089714391055], [76.96559994736363, 28.60248078981714], [76.95737492447725, 28.60621604873119], [76.9571916701229, 28.60994518972952], [76.96796734752066, 28.616603162048754], [76.96904260927909, 28.620515233943426], [76.96032336486127, 28.628794430343145], [76.95879276649794, 28.635224801765514], [76.96494619005124, 28.635328849989858], [76.97046298348096, 28.632002542812582], [76.97122924420836, 28.627387495314018], [76.97793417789231, 28.622257708007133], [76.98547890109514, 28.627288028808216], [76.99869600790717, 28.627836693075423], [77.0014494301373, 28.63016810693128], [77.01245817504362, 28.628570025281977], [77.01590237510088, 28.631587488138923], [77.0155087830926, 28.635512932193475], [77.00815010408891, 28.637237608967517], [77.00636454313133, 28.642232134455185], [77.01825602121816, 28.643311805585796], [77.01978248436254, 28.647571703506593], [77.0319835197628, 28.65290514961406], [77.03853493523155, 28.66203414646023], [77.04527165901183, 28.658688614470712], [77.0487380670628, 28.66276455173807], [77.04239239472071, 28.672801475595826], [77.03129059456126, 28.674836404074693], [77.02672151936015, 28.672513562616217], [77.01863392001722, 28.67583533107362], [77.0149647636878, 28.680324564678482], [76.99574541362269, 28.68337544660627], [76.98205811890514, 28.674697397420253], [76.98017341921683, 28.68171749792395], [76.9769020203246, 28.683579326035474], [76.96744816075896, 28.679577619870226], [76.96139023813323, 28.681410135424024], [76.94953954474069, 28.67672170259111], [76.94533539762348, 28.680431182014146], [76.94628356562148, 28.686165178800987]], [[77.37442399632387, 28.585359767935373], [77.37678424372046, 28.588573434048037], [77.37236509143527, 28.589861269252147], [77.37097845418045, 28.586629313529833], [77.37442399632387, 28.585359767935373]], [[77.34353896480134, 28.625555876449177], [77.34413722751313, 28.621860301819996], [77.33868027388688, 28.620160864231856], [77.33949153740747, 28.616352680607527], [77.35238731334962, 28.61283546342945], [77.35782457067998, 28.608896547263296], [77.36297196101029, 28.614862313540574], [77.36838390012352, 28.61598058617063], [77.37081980496109, 28.62686404513417], [77.36450855448113, 28.634159214604864], [77.35885986151175, 28.630665996184597], [77.35387868177148, 28.6322578991772], [77.345665862821, 28.62984098780484], [77.34353896480134, 28.625555876449177]], [[77.35157655281856, 28.600776782315137], [77.35105668702451, 28.596917560921632], [77.3551455348749, 28.592769425374275], [77.365657149006, 28.5972486608425], [77.36335402525494, 28.601018757193867], [77.35157655281856, 28.600776782315137]], [[77.34150160992792, 28.582546164551466], [77.35028366536326, 28.573665727797742], [77.35602309647604, 28.574298235603536], [77.35383520217731, 28.587651333746262], [77.34239510530267, 28.590294568952334], [77.34150160992792, 28.582546164551466]], [[77.33587791389151, 28.606479473105374], [77.33532909668283, 28.602990720454034], [77.33809846868336, 28.601516487206766], [77.34399783954494, 28.607063544507806], [77.33971529835236, 28.609239236674437], [77.33587791389151, 28.606479473105374]], [[77.33508970326743, 28.655276787979435], [77.33468280607867, 28.649908107898497], [77.33913510965924, 28.648316326078646], [77.33953057598828, 28.654667466837342], [77.33508970326743, 28.655276787979435]], [[77.33296270675078, 28.633685860040913], [77.33294161300964, 28.630249648446426], [77.3367344061184, 28.630059639986595], [77.33709549546356, 28.633856663627853], [77.33296270675078, 28.633685860040913]], [[77.26846828556597, 28.620794200626946], [77.26962105449529, 28.61719660986494], [77.27468722715493, 28.61895753363875], [77.27222434819757, 28.6229850987173], [77.26846828556597, 28.620794200626946]], [[77.24774422210008, 28.596547435305823], [77.25286706103942, 28.596352161535695], [77.25115441865822, 28.60138227426593], [77.24748147868966, 28.60055757009034], [77.24774422210008, 28.596547435305823]], [[77.24455248323393, 28.5192878328477], [77.24846284187224, 28.517207844772482], [77.2503422555627, 28.522387098445478], [77.24586533513067, 28.523835436675313], [77.24455248323393, 28.5192878328477]], [[77.19715354239509, 28.73769796917211], [77.19799795237127, 28.72968030614522], [77.20398636611034, 28.729090598653425], [77.20303301856353, 28.740072581064737], [77.19846631565544, 28.740995864826072], [77.19715354239509, 28.73769796917211]], [[77.18640013244084, 28.553602039719447], [77.19310541295532, 28.54940389069575], [77.19616663474932, 28.55563397924275], [77.19097900308435, 28.558249419547312], [77.18640013244084, 28.553602039719447]], [[77.18542296472748, 28.718996730631908], [77.1876462816261, 28.71482754911078], [77.19265801827358, 28.71563436212935], [77.19636230210828, 28.71223578756197], [77.19916304265669, 28.713497585852505], [77.19555523716201, 28.727918285644364], [77.18812186749538, 28.728320804094782], [77.18542296472748, 28.718996730631908]], [[77.1199930709731, 28.578335681739567], [77.12141495856685, 28.574913451848253], [77.13532716504555, 28.57408903187101], [77.13803559605991, 28.580093327015277], [77.13520012061456, 28.584830316471578], [77.13790961519658, 28.586188693896936], [77.14264986389973, 28.58601977610513], [77.15346652094738, 28.577886963705417], [77.15882986050279, 28.579072494623812], [77.1620890031502, 28.587263795954442], [77.15904849906046, 28.59035859752696], [77.15949274477892, 28.600360363142745], [77.16254617623292, 28.602832665835255], [77.16943756176079, 28.602625539426597], [77.16888926760731, 28.593940574204478], [77.17468218897176, 28.591352055326684], [77.1778487502784, 28.593746885191035], [77.1780032348526, 28.605439559442477], [77.18390530897395, 28.60755819334689], [77.18808458439152, 28.612451961334745], [77.19648234959168, 28.613623649670494], [77.19172582804764, 28.630641094917028], [77.17264668136049, 28.627598906115008], [77.1703517731159, 28.63707222809851], [77.1659985161442, 28.64156487121946], [77.15788450119403, 28.644201029736323], [77.15420896428384, 28.64815502018233], [77.15054597679212, 28.647590813264866], [77.14697749480952, 28.64086376437185], [77.1497426329577, 28.632880924757522], [77.15669575747435, 28.62724529746729], [77.16373689744715, 28.628361686921924], [77.16408137266129, 28.625826601071193], [77.15902632498398, 28.62080763311164], [77.15041908225686, 28.623964615512755], [77.14165072081421, 28.6197129250401], [77.14329382527038, 28.5982229990871], [77.13800392369507, 28.596076321055786], [77.13557311285987, 28.59169326402409], [77.12545053199217, 28.593008366915093], [77.1199930709731, 28.578335681739567]], [[77.18612386951641, 28.58774048287382], [77.18920919295253, 28.590628689867298], [77.18494581685398, 28.59270439209034], [77.1829705692476, 28.589912548976127], [77.18612386951641, 28.58774048287382]], [[77.12733598639859, 28.560921420782456], [77.1290727731735, 28.55572080706605], [77.13712232003962, 28.553906992220742], [77.13395671108805, 28.54380763589531], [77.13565459003063, 28.541474920890394], [77.14789860410822, 28.53970297561188], [77.15272154444837, 28.542641584497613], [77.15407177912803, 28.546957231133376], [77.16099042193028, 28.549345108673187], [77.15950178257924, 28.554791313899084], [77.15400961209457, 28.557775375063443], [77.1568204186795, 28.56832248792353], [77.15377567504822, 28.571860152479694], [77.13723712953777, 28.575052360465463], [77.13594337759513, 28.572286062611127], [77.14003656272851, 28.569448691863307], [77.14080624993765, 28.564051924652492], [77.13817249332894, 28.56213006019649], [77.13056184118521, 28.564053089187674], [77.12733598639859, 28.560921420782456]], [[77.12313972359095, 28.614527979637913], [77.12410982850089, 28.6103112170942], [77.13120377264269, 28.611224914666654], [77.13311996923174, 28.616581466790215], [77.12801003886229, 28.620151029061496], [77.12313972359095, 28.614527979637913]], [[77.09430660412552, 28.531225179563023], [77.0958504341422, 28.527054865475183], [77.10036464963181, 28.52807555107039], [77.09859098232586, 28.533993525355896], [77.09430660412552, 28.531225179563023]], [[77.0599293933398, 28.65850494141157], [77.06273940825999, 28.645324261039153], [77.07023682490319, 28.652358165314823], [77.08069854948495, 28.651388296874302], [77.08298195538015, 28.653341681046975], [77.07783049243069, 28.658146725447878], [77.07077846692177, 28.676424719971926], [77.06078655351163, 28.675055984110944], [77.05772784752097, 28.66475217804925], [77.0599293933398, 28.65850494141157]], [[77.05759519980032, 28.568029107833265], [77.06650562510514, 28.571723013036806], [77.06601500832143, 28.57585935123368], [77.0597498653945, 28.57730096671604], [77.05483622926859, 28.57520708928757], [77.05368637188535, 28.570389907803733], [77.05759519980032, 28.568029107833265]], [[77.04241484737942, 28.655616581757513], [77.04518760278506, 28.652036884398242], [77.05142613873458, 28.652095074452735], [77.05350248488195, 28.654915505083427], [77.04526730830236, 28.65850984948139], [77.04241484737942, 28.655616581757513]]], [[[77.02587622748999, 28.79752597406991], [77.03029237945401, 28.80742395883559], [77.0424439937254, 28.805716189818916], [77.05551974471226, 28.810101839978717], [77.05786294353581, 28.79795061233982], [77.06331806227713, 28.795879158864825], [77.06713881876745, 28.798388533571085], [77.0693816564613, 28.805010465361722], [77.07678795961456, 28.809743728909883], [77.08770872372976, 28.80749230481164], [77.08500083947766, 28.803223610493266], [77.08793047183568, 28.797984781838107], [77.08263856711282, 28.792809992460903], [77.07066734127625, 28.78919457495031], [77.06587175659894, 28.781580770825872], [77.05438731457392, 28.773256715482184], [77.05524828384293, 28.76413888879988], [77.06564784282452, 28.765368208137176], [77.0665130603105, 28.760183970958636], [77.06400552631634, 28.757286993469553], [77.05727558754013, 28.758242042998777], [77.05395743011847, 28.762580599146442], [77.03858852305335, 28.761820556607265], [77.03854663419291, 28.767967818382175], [77.04254150400507, 28.76955758309548], [77.04382192201571, 28.775833559479018], [77.03924708285966, 28.788033972576972], [77.03386890593922, 28.79092986373035], [77.02781869903188, 28.790586038359944], [77.02587622748999, 28.79752597406991]]], [[[77.00050204625417, 28.435520037883403], [77.00449396825593, 28.444740972863894], [76.9999464943329, 28.44747430087302], [77.00007857428868, 28.452146405902706], [77.00753783508651, 28.45849683347428], [77.01910814106863, 28.4603639763975], [77.02081399548352, 28.464281493314683], [77.01578471598609, 28.46909069457611], [77.00823614732369, 28.46992469728808], [77.0100675224259, 28.474575726900714], [77.00675240614083, 28.488033249342354], [77.0090958295513, 28.490322096150926], [77.02237206253614, 28.485960452035723], [77.02576445635887, 28.468085613268553], [77.03073730707209, 28.467923951178314], [77.03342176298739, 28.472138114919886], [77.03750680271322, 28.47127540468392], [77.04305176244463, 28.467864418533843], [77.04433247141341, 28.46309107610806], [77.05320632803817, 28.46169495848525], [77.06051194524079, 28.45576657177747], [77.05794964225905, 28.44918251402747], [77.0637929477406, 28.441302391942017], [77.0552850206762, 28.436987766980174], [77.05156799337202, 28.438169702895973], [77.05235403875211, 28.44409293579518], [77.04876388335038, 28.449354368869], [77.03381080055779, 28.446596799387837], [77.03235984730638, 28.45375565010679], [77.02576818650556, 28.455206782680463], [77.02224875629861, 28.452772376371833], [77.02262318087202, 28.44727905267839], [77.01570706844798, 28.437138471939388], [77.0159454262479, 28.430759947195117], [77.00447985993526, 28.42763213929604], [77.00050204625417, 28.435520037883403]]]]}}, {"type": "Feature", "properties": {"threshold": 80}, "geometry": {"type": "MultiPolygon", "coordinates": [[[[77.39774635849159, 28.688821788286], [77.39698254298912, 28.692254426251722], [77.40107835130115, 28.698846052856723], [77.41342139701352, 28.696180456535075], [77.41459266480233, 28.70564616221968], [77.42507272503971, 28.703457780181854], [77.42854272369773, 28.70689005568916], [77.43264724119393, 28.70689270133612], [77.43754361640603, 28.70000172816145], [77.44073492061585, 28.6997083691009], [77.45846528722004, 28.716739675282597], [77.45062637230379, 28.724000678160902], [77.45081245109931, 28.72730093420765], [77.45626587438055, 28.728112915172876], [77.46269796343394, 28.722001445059945], [77.46852807215795, 28.729356989117772], [77.4740576468244, 28.730031712164], [77.47326258260107, 28.724429277218647], [77.46575297566527, 28.718465588511997], [77.45676445542483, 28.703295772006513], [77.45770501461278, 28.694743791544152], [77.45506921586546, 28.689938638983275], [77.45801583533658, 28.67681204906229], [77.46420605498547, 28.67320203805326], [77.46364106742348, 28.666689780523757], [77.47439453120204, 28.656649828623948], [77.47327290217335, 28.64846524417761], [77.46579994522185, 28.639152887841714], [77.46834090025612, 28.631292036350686], [77.46227944455588, 28.630347609647398], [77.4499935744923, 28.633308278518054], [77.43607682462681, 28.62695325576467], [77.4230839220477, 28.628898643627632], [77.42204819507776, 28.63439432695962], [77.4268721555541, 28.637745368234107], [77.42744360428206, 28.641336054471214], [77.42256437421885, 28.666312777422167], [77.4193178204655, 28.670052264448334], [77.40815634672042, 28.67111250716716], [77.40526594327646, 28.68603087457206], [77.39774635849159, 28.688821788286]], [[77.423934403997, 28.693694801390862], [77.43186962272537, 28.693351264052335], [77.43329364790581, 28.69882031083394], [77.4264739141882, 28.699827842098802], [77.42300986294994, 28.696413579151187], [77.423934403997, 28.693694801390862]]], [[[76.94549637004093, 28.680157130229638], [76.94819830574107, 28.692478732490667], [76.95323953341634, 28.699879816769123], [76.96456120346309, 28.696540471243875], [76.96821860455435, 28.69127670837755], [76.97361056814454, 28.69343139810914], [76.98078885175927, 28.692156149824605], [76.98176156373697, 28.697670435909732], [76.97384328599719, 28.70125150577161], [76.97415613253165, 28.704064454490517], [76.9808267330706, 28.707282445864134], [76.98360604221445, 28.706634233647492], [76.98270244847689, 28.69682265691202], [76.99235384965333, 28.695540426837226], [76.99861961674158, 28.699260918229893], [77.00963667957332, 28.690620410322982], [77.02140900662259, 28.69234111157052], [77.02461285100075, 28.69577048139742], [77.03502036954985, 28.69428900351903], [77.03624065224486, 28.7010388501129], [77.04224770247997, 28.69911740668626], [77.04417984308976, 28.691714293090257], [77.0473148473336, 28.692654491821564], [77.05020240720427, 28.699264885824192], [77.05430443039839, 28.699126211712276], [77.05635929529174, 28.693988978966615], [77.06007599296922, 28.693881598311428], [77.06800026929903, 28.70282156151027], [77.05175717393578, 28.715818806859406], [77.05362718302088, 28.725201749458577], [77.05983539402973, 28.728616092114713], [77.07350098498063, 28.723177117690295], [77.077791353001, 28.725435561933555], [77.07924786274978, 28.731725091605398], [77.08302475057974, 28.735021566085052], [77.09069214280022, 28.737782084870087], [77.08892861464199, 28.742639870044698], [77.0808936151996, 28.74230330363438], [77.07358255549286, 28.74726455644742], [77.07283120869967, 28.753801135903114], [77.08157978244175, 28.755430111889], [77.09506976104844, 28.749582699594725], [77.10051944890587, 28.755118517428112], [77.11406435690245, 28.754936800965517], [77.12092848243182, 28.747077056267447], [77.12769311333065, 28.75434169281826], [77.12324733683755, 28.767002865470314], [77.11573549392878, 28.76736828971415], [77.10610899136168, 28.77184763431174], [77.10034558554723, 28.76914195496529], [77.09341127721794, 28.770237155728054], [77.09150849033938, 28.776187792425997], [77.09390911249153, 28.78061290726686], [77.09017744730711, 28.78761923200843], [77.09842754008719, 28.786046529785565], [77.0983308042912, 28.78051341194157], [77.10694631882706, 28.774834492140517], [77.11335883030942, 28.78052425521402], [77.12530506602069, 28.77868810872596], [77.13003779967728, 28.780547603370966], [77.13124546888434, 28.791257124291], [77.1227342701196, 28.795989108441642], [77.12484293033914, 28.80563949927715], [77.13417961493026, 28.81188833131495], [77.12892309856991, 28.830465878914094], [77.13459600148914, 28.828880573264943], [77.13785706680491, 28.818988527041995], [77.14910857092583, 28.811856593232346], [77.15844466548572, 28.8138936212303], [77.15947645564661, 28.81905629342153], [77.17048516721, 28.828403929281453], [77.17918931004618, 28.82991240394362], [77.17944188435386, 28.82169481456564], [77.17556948900696, 28.817686376036825], [77.15878478052672, 28.81342953350485], [77.15813571792394, 28.807489461047275], [77.15117956782082, 28.799538863312883], [77.15310264853107, 28.79633805689955], [77.16467280742648, 28.795087564857642], [77.1656088125239, 28.78938987104785], [77.16057720424057, 28.786038062852217], [77.1559864437105, 28.78947626192058], [77.14436000032012, 28.78552587090768], [77.15217417568613, 28.77318828954807], [77.14954815233602, 28.76966648183004], [77.15042465113373, 28.76565616471011], [77.15918951448096, 28.759298717508265], [77.16924959541139, 28.760873489881465], [77.17809103954686, 28.747000041984823], [77.16896280627078, 28.74433333020505], [77.16822158747264, 28.741198427211376], [77.1820931803363, 28.735327655463628], [77.18758835782047, 28.735452365141317], [77.19235729034968, 28.740661802895037], [77.18604737120837, 28.74658998105649], [77.18872249308149, 28.75276327203294], [77.18607108706485, 28.759343621133922], [77.17948432475735, 28.76194841310619], [77.17076336019112, 28.774843256297647], [77.17295605407983, 28.780987892261074], [77.17905274237334, 28.781031829267526], [77.18798737562332, 28.76457866753562], [77.20028689708757, 28.760914200863784], [77.19713666715498, 28.75039433398582], [77.20245485750485, 28.74869739786897], [77.20839928933621, 28.74190584766936], [77.21352964186175, 28.741814567490206], [77.21759307957511, 28.74551788729203], [77.22275220618343, 28.742765513481043], [77.22279517494489, 28.73682347006873], [77.23380117974325, 28.717400480486912], [77.23060180347768, 28.690716492676373], [77.2346212403813, 28.67315992963817], [77.2336822481137, 28.664664793751285], [77.2395147324164, 28.66179407239457], [77.24134654718179, 28.654103472349693], [77.24701001620468, 28.653348123988607], [77.24995765579587, 28.6484935588295], [77.2611425731617, 28.642747641706972], [77.26016676280601, 28.635191880243312], [77.25575892660538, 28.630178679146265], [77.25657450635009, 28.624059001428922], [77.26955614934043, 28.626026413042116], [77.27389855724742, 28.635160029651512], [77.27004876988853, 28.637990230407045], [77.26449920231916, 28.651695600814605], [77.25473101396399, 28.659906539335513], [77.25424417021823, 28.664140343525954], [77.24439347781487, 28.670165188587028], [77.244357692885, 28.674625679560688], [77.24709181484698, 28.675974773163485], [77.25523900225723, 28.67500820501276], [77.25876486923025, 28.67181221980111], [77.26644733044454, 28.672643059880187], [77.27189744385767, 28.67486633784347], [77.27555576281074, 28.68225952621237], [77.28017943358967, 28.68347623196949], [77.27549443885312, 28.691100489217146], [77.27950853005181, 28.6993137321403], [77.28789295368293, 28.700567168415528], [77.28903260335306, 28.709461842658094], [77.28129053947025, 28.71490415301852], [77.2865278318361, 28.72494199467057], [77.2928097257462, 28.723684326819424], [77.29069560803953, 28.710985010703066], [77.29896091747058, 28.70325266902218], [77.33232866172462, 28.700116584007144], [77.339328320726, 28.701538007769035], [77.34843850216292, 28.696475492779673], [77.35414916943391, 28.68494509964935], [77.36630090334329, 28.688138475330614], [77.36850051206008, 28.690943903074206], [77.37694280752005, 28.691571689306834], [77.38095986940114, 28.68504695569653], [77.38661690752753, 28.68436054152447], [77.3922345872456, 28.67786525529444], [77.39633575028905, 28.67707080906703], [77.3963345731093, 28.674482038957276], [77.39125948936014, 28.672079047228227], [77.39153175125654, 28.662045955500812], [77.38467519487615, 28.662676347585254], [77.37978999600085, 28.65825691228124], [77.37393693215198, 28.65998262701333], [77.3708315711325, 28.657754208699785], [77.37147475431821, 28.649421010394054], [77.3844200170367, 28.647547415013623], [77.3843188873792, 28.64307815380107], [77.37908055524963, 28.635943565412713], [77.38073094120497, 28.63282575387147], [77.38634448393462, 28.631929316265794], [77.39533873995131, 28.639981939712367], [77.40394498077616, 28.640641561501646], [77.40745484906884, 28.654159030044173], [77.40593047184377, 28.660285178183578], [77.4119018168236, 28.66277251193302], [77.41161619176916, 28.652460158922885], [77.41696711881485, 28.64774619844285], [77.41591925244654, 28.643936126063515], [77.40560904829603, 28.641807887998294], [77.40431353436739, 28.636384026097943], [77.39711089474817, 28.633027550919856], [77.39611394591489, 28.628653495743606], [77.38824975280238, 28.628459642291865], [77.38313854139082, 28.623741015183878], [77.3843897738311, 28.62115599656829], [77.38992363891256, 28.62036344263084], [77.3906561825153, 28.609181006525525], [77.38377981724251, 28.608114658236588], [77.37915997091937, 28.601546058512625], [77.37905837228874, 28.597803094485403], [77.38504308070563, 28.594556892611017], [77.38486391392999, 28.591016338012498], [77.37966702037717, 28.586872094806772], [77.38212697184632, 28.582194107952457], [77.38027878841937, 28.577259780795686], [77.38617465655443, 28.57316611822628], [77.38576366790143, 28.567902375942946], [77.3896208048527, 28.563422547680254], [77.38812884318317, 28.560349817505447], [77.38070457354557, 28.560650615803613], [77.37843341107495, 28.553429540742087], [77.38633999576986, 28.546921007726777], [77.39612216300735, 28.546193167454643], [77.39847716531085, 28.552168550599657], [77.40998116283205, 28.55518483780848], [77.41244734895147, 28.547865008472606], [77.41638145853028, 28.545342160843052], [77.41556440072287, 28.5407040730871], [77.42386217767137, 28.53775179939467], [77.42405456867559, 28.533822886014605], [77.41899749516271, 28.530294241590106], [77.409365814732, 28.531163712021293], [77.40362469904461, 28.528512846695868], [77.38992120812031, 28.518239305542934], [77.38702676173958, 28.51148863624333], [77.38438543865139, 28.51068601973562], [77.37357208750993, 28.51634586379652], [77.36615418301724, 28.5149898865237], [77.36219680039339, 28.52516338463278], [77.35056910298412, 28.53163852021262], [77.348686177434, 28.5357367217193], [77.35581986461908, 28.537558685495455], [77.36041472483188, 28.532221258429153], [77.37571959327519, 28.5299504565406], [77.38510040727886, 28.534826860781074], [77.3882407520958, 28.541833810098186], [77.38697972050758, 28.54531259615815], [77.37624533627489, 28.54577968101056], [77.37380867045121, 28.54205134995759], [77.36884228639231, 28.54201155880914], [77.36286352088743, 28.54720526339648], [77.35197521649745, 28.545463599361867], [77.34333343359265, 28.55174040417809], [77.34101267274528, 28.54981615456872], [77.34057449257743, 28.54045323241222], [77.3323647520713, 28.5396663023348], [77.33050140874076, 28.549420294065985], [77.32153135956948, 28.548260377181855], [77.31831266233101, 28.55098297118224], [77.31995010500357, 28.559101753130744], [77.29959444419632, 28.579234083616882], [77.28443768232042, 28.60670612816966], [77.28036045363042, 28.608951822664938], [77.27145829945071, 28.605061053552923], [77.26765042916146, 28.617331994644996], [77.25877468832678, 28.619519756880717], [77.2567067144754, 28.616966309383496], [77.2595420556546, 28.604466005847037], [77.25811595006866, 28.594451036332682], [77.2603743703201, 28.59138090051854], [77.26789538602677, 28.590713808818933], [77.26916765669233, 28.578523895117282], [77.27783052661204, 28.573203680298853], [77.28741116664091, 28.572792373197252], [77.29452568674367, 28.567105703603687], [77.29474060760236, 28.556902678559847], [77.30311874667602, 28.543271978216534], [77.31244981015716, 28.542748334489133], [77.31593062456967, 28.536561351723527], [77.32287503836638, 28.532366434801766], [77.32257882345054, 28.527665240946906], [77.32881817929422, 28.522953802530825], [77.3302172414008, 28.51693812614318], [77.33731143963878, 28.517544675757435], [77.34092657277591, 28.509350229685236], [77.34048921361334, 28.502328547669386], [77.33177507620042, 28.502336211307576], [77.32861805736687, 28.506082960017267], [77.32902694639054, 28.516428486794794], [77.31660600596582, 28.51698523831069], [77.31611594007913, 28.49853764202185], [77.31043826606191, 28.492143507211992], [77.31829285140438, 28.483562700324246], [77.32003511944417, 28.477896521625144], [77.32052632295994, 28.456173753617456], [77.3255341970826, 28.448318046731302], [77.32367975190044, 28.44131088200573], [77.32914606565109, 28.42570874712913], [77.30555490985147, 28.423622102572242], [77.30139287771834, 28.43012977908704], [77.29633992110536, 28.431155002774386], [77.29555465127396, 28.43944271777671], [77.3036854180998, 28.455587369668], [77.30098677646002, 28.458402942303458], [77.29079793976544, 28.460801962397486], [77.29947467132281, 28.46775696397483], [77.29625230273521, 28.47171782071673], [77.29631424061103, 28.480381320215074], [77.28866830853356, 28.482494945688753], [77.2904742833036, 28.491904463783722], [77.28469603058466, 28.498898595440938], [77.27331537690246, 28.503702474741562], [77.27859335778965, 28.511522481886427], [77.27259874603708, 28.523197574874086], [77.26728666921551, 28.5241766929709], [77.25715681774045, 28.517542266699248], [77.25560348732613, 28.51310765754096], [77.26008148902434, 28.509239138073823], [77.26002251885838, 28.504137894386446], [77.24872483517305, 28.485987051655037], [77.23806724871935, 28.488655132517607], [77.23122059261645, 28.482298892572967], [77.22222470878548, 28.486468160243305], [77.21052863894076, 28.499306039270923], [77.20353243423278, 28.498251005021533], [77.19512985643682, 28.502924779430625], [77.18944868491333, 28.492171575511843], [77.19026658284538, 28.485956951542327], [77.18634404806711, 28.475518108140264], [77.17957638734376, 28.46992733083089], [77.16278034256422, 28.472217928192062], [77.15879830473057, 28.459663278192917], [77.14923752090613, 28.458759814770673], [77.14672704606902, 28.460269075699834], [77.14790107581696, 28.470002291555677], [77.15882361372589, 28.47351973399099], [77.15786004471263, 28.4918263322856], [77.15419477427726, 28.49319133651254], [77.14942494817834, 28.486778913774273], [77.13994040352746, 28.48619032523812], [77.13765142635702, 28.48294430139502], [77.13816361916844, 28.47344669127682], [77.13498658861019, 28.471454831637455], [77.1279071309483, 28.47250938698262], [77.12605024806639, 28.47944369284854], [77.13936276191546, 28.49464492594571], [77.14083197839817, 28.500609393888023], [77.14412100825157, 28.50228774507155], [77.15960434377922, 28.501056289084456], [77.16252883262685, 28.504501480938714], [77.15204033077612, 28.5199235660389], [77.13411381420907, 28.524518565796807], [77.13320136170373, 28.52829070506921], [77.13892817740792, 28.53133861603801], [77.1386371817239, 28.53519634351409], [77.12626463276014, 28.537078917904804], [77.11511951895253, 28.534164525707144], [77.11360832140294, 28.530153867408323], [77.10515048606446, 28.52542997941589], [77.10549034326073, 28.522274610939853], [77.10985308735418, 28.521269106813264], [77.11516808445664, 28.51481060646729], [77.11487429373442, 28.5121908555341], [77.10638042015839, 28.511420298343367], [77.10319143430455, 28.513300597101257], [77.10660400818615, 28.519503262293945], [77.10499781725252, 28.522422765893104], [77.09408323560135, 28.519880334319275], [77.09697748078945, 28.50746007425044], [77.103598864178, 28.500744165742493], [77.10325016695525, 28.49844913058738], [77.09858771819425, 28.497112377129966], [77.09845696979026, 28.492375213270677], [77.10256168653407, 28.489377669700083], [77.10921379008806, 28.492613499951776], [77.11055692380214, 28.485179209576362], [77.11637987956732, 28.481996103377046], [77.10935386959983, 28.47726911123829], [77.10882936361594, 28.46659890238445], [77.0987978668053, 28.466328290016683], [77.09514773188322, 28.459483156337583], [77.08355757149678, 28.455616242403824], [77.07917275682455, 28.450566916751562], [77.07511811402036, 28.454427906881854], [77.06347917163417, 28.454257389540675], [77.0595704403463, 28.448280017559718], [77.06465444328768, 28.44490857004113], [77.06460296309699, 28.44036907491543], [77.05507514016982, 28.434618976156965], [77.04981270239998, 28.43819615882442], [77.04785224069438, 28.44828567570567], [77.04423438281572, 28.448439312956886], [77.04211951412942, 28.445677897460335], [77.03116279724415, 28.445860370612518], [77.03200996085047, 28.45259824940702], [77.02569924604404, 28.454199480860094], [77.02343344226864, 28.45202641861867], [77.0243335991372, 28.446406174376342], [77.02042968254611, 28.444949476277728], [77.0173832258326, 28.436895008920875], [77.01784223026712, 28.43013808524275], [77.00620575815373, 28.426054705533158], [76.99790768006002, 28.434380817321628], [77.00252101660125, 28.444054153455596], [76.99720013945692, 28.447160278795295], [77.00009164489043, 28.455185132160988], [77.00578757490773, 28.459827172276146], [77.00384263432076, 28.46459634803526], [76.99753564306566, 28.46500336773974], [77.0033481943674, 28.472831028452827], [77.00512535761315, 28.489254886439333], [77.00841207086732, 28.491928190324522], [77.01967206159878, 28.491600663489365], [77.02337077422192, 28.48651646428286], [77.02678110612769, 28.47070270873191], [77.02942333507497, 28.4691364400762], [77.03604483702549, 28.479800739848205], [77.0611610968542, 28.478917541292052], [77.06282245432256, 28.483135510511158], [77.05967874984421, 28.48934106150473], [77.06359084698478, 28.491164632611774], [77.06829657695421, 28.488000420972043], [77.0749741000325, 28.49220906035546], [77.07341862572764, 28.496433807238432], [77.06424541592345, 28.492615702517085], [77.05902623877749, 28.509260378136126], [77.06413974951444, 28.512044579778504], [77.07248151182387, 28.511234377244392], [77.0724048614288, 28.520622952982254], [77.07617608099936, 28.529314684739624], [77.0793821047766, 28.531968943033487], [77.0865894666507, 28.53242287717514], [77.09072041203895, 28.53945748788833], [77.09628383559472, 28.53612370807202], [77.11283760619052, 28.538150791811947], [77.11244338679896, 28.54335313098743], [77.10116853007216, 28.54675937564975], [77.10028528765844, 28.55412911852592], [77.10391171716495, 28.55645797636459], [77.11677545814867, 28.553905393443923], [77.12108640804998, 28.558544900337964], [77.11892877946167, 28.56313214599732], [77.11982093925624, 28.5741722675615], [77.11131531634929, 28.577994060453047], [77.11577222329599, 28.588134232126436], [77.11574253693516, 28.598925231835388], [77.1081283616485, 28.601039768005016], [77.10493301277386, 28.59796427927349], [77.10527092311473, 28.593968460358237], [77.0958927133537, 28.58786121275803], [77.09578196128801, 28.583695903027298], [77.10216182882654, 28.583549649822043], [77.10427373112336, 28.57995563148111], [77.10032106489773, 28.572211159000645], [77.08171807901209, 28.574602794543438], [77.07834109540892, 28.56872082937785], [77.07340115135865, 28.567544099494796], [77.07366039624073, 28.563990753061034], [77.0780801339339, 28.561692697659026], [77.08987799400049, 28.564434500742724], [77.09337893401089, 28.561427503528524], [77.09100425029246, 28.55671915280618], [77.08103834359416, 28.55726423995088], [77.07655917121185, 28.549902119015993], [77.06817056469077, 28.550893757358036], [77.06446735053187, 28.555997177226462], [77.05693670266804, 28.55255843862334], [77.04009452138392, 28.560714676583043], [77.04481399429213, 28.56992387718322], [77.03922805091275, 28.57260058091747], [77.03880041515633, 28.58051038592524], [77.02649676859642, 28.584973870069373], [77.02559908338023, 28.59035582934009], [77.01344823078873, 28.59778006784576], [77.00977770799348, 28.596139224024224], [77.00938615151168, 28.588500541016014], [77.0047878530098, 28.587120463660167], [77.00273238835302, 28.582882302789624], [76.9850199100292, 28.58816639392024], [76.98070814412179, 28.584732178006103], [76.97390440436489, 28.585665376898746], [76.97436352400737, 28.59273786510185], [76.96608003557851, 28.594353996032194], [76.9571189195941, 28.60421403956847], [76.95636318439584, 28.610881805425187], [76.96048702659789, 28.613163800140423], [76.96373223391643, 28.622953776217386], [76.96234450284364, 28.626286527024053], [76.95592698288009, 28.62885797177755], [76.9560528165686, 28.63288019289766], [76.95916155285737, 28.63541263616917], [76.9651037899581, 28.635268560266006], [76.97819170820955, 28.62223184007291], [76.98230253568792, 28.623506565837562], [76.98372040181003, 28.62731378763673], [76.99869600790717, 28.627836693075423], [77.0014494301373, 28.63016810693128], [77.01271407889107, 28.62865090010395], [77.01592783272783, 28.633161476443746], [77.00630158119276, 28.638924136683723], [77.00637930991907, 28.64300789529247], [77.03178872103166, 28.652754654562592], [77.03702875976651, 28.66372540409611], [77.04650500208486, 28.658998366419294], [77.04784205250886, 28.665873441407545], [77.03852940811734, 28.672431416432893], [77.02417750856705, 28.672427355939192], [77.021647461799, 28.67019309479087], [77.02316351563671, 28.66511739366559], [77.01915768218532, 28.663005507364776], [77.01762639205656, 28.657323124842826], [77.0133986696806, 28.65716332804224], [77.00594034594032, 28.659773747181355], [77.00571766032974, 28.66292708844564], [77.00737333106576, 28.667045116211906], [77.01435501688097, 28.668371778638438], [77.01852192797973, 28.672978858248864], [77.00962821322814, 28.680325667190626], [76.99168696980293, 28.68187606253339], [76.98047617534007, 28.673343182637186], [76.98099511847433, 28.663842661808385], [76.9758759991742, 28.665173563657024], [76.97829528536487, 28.673713481627157], [76.97457801726337, 28.67800180226817], [76.94688615129002, 28.675983907531215], [76.94549637004093, 28.680157130229638]], [[77.40754341937152, 28.540545865393113], [77.41019098121664, 28.544184990028032], [77.40628561053843, 28.545956860904266], [77.404135542334, 28.542482090746688], [77.40754341937152, 28.540545865393113]], [[77.37327065866013, 28.52175460783678], [77.3705857906971, 28.51933369891156], [77.37333044689261, 28.517048105297516], [77.37592276274499, 28.51952737306202], [77.37327065866013, 28.52175460783678]], [[77.36101661001493, 28.625544955821184], [77.36634276433702, 28.624448817465893], [77.36583187053847, 28.629400073033505], [77.36083521861471, 28.629253908925527], [77.36101661001493, 28.625544955821184]], [[77.34633235917222, 28.5583150843568], [77.3468341782568, 28.555354422988643], [77.35169997614028, 28.55398084810631], [77.36345626370917, 28.55584325410112], [77.36092887292301, 28.559963165696836], [77.34887263228268, 28.560961556333186], [77.34633235917222, 28.5583150843568]], [[77.34353896480134, 28.625555876449177], [77.34587232830799, 28.614427808731886], [77.35911050930862, 28.610996504982097], [77.3601761851122, 28.615518825104857], [77.36376791137961, 28.617397935564505], [77.36245085407181, 28.620693275772435], [77.35162297654348, 28.618519870438398], [77.35017417901697, 28.629899976080555], [77.34408826209824, 28.629053929428363], [77.34353896480134, 28.625555876449177]], [[77.35332711651733, 28.596195111453305], [77.35846485653117, 28.595141217183823], [77.36056978525768, 28.59906382150477], [77.35394221031198, 28.600271404324175], [77.35332711651733, 28.596195111453305]], [[77.34608833908631, 28.581868446972994], [77.35166356567228, 28.579045486132753], [77.3533232710925, 28.585404924580185], [77.3474958689161, 28.586340900433896], [77.34608833908631, 28.581868446972994]], [[77.32572187424707, 28.56450729157396], [77.32446166150234, 28.5604840484084], [77.33253825199236, 28.55876557645195], [77.33257567019044, 28.56618407487822], [77.32572187424707, 28.56450729157396]], [[77.26846828556597, 28.620794200626946], [77.26962105449529, 28.61719660986494], [77.27468722715493, 28.61895753363875], [77.27222434819757, 28.6229850987173], [77.26846828556597, 28.620794200626946]], [[77.24774422210008, 28.596547435305823], [77.25286706103942, 28.596352161535695], [77.25115441865822, 28.60138227426593], [77.24748147868966, 28.60055757009034], [77.24774422210008, 28.596547435305823]], [[77.24455248323393, 28.5192878328477], [77.24846284187224, 28.517207844772482], [77.2503422555627, 28.522387098445478], [77.24586533513067, 28.523835436675313], [77.24455248323393, 28.5192878328477]], [[77.19715354239509, 28.73769796917211], [77.19799795237127, 28.72968030614522], [77.20398636611034, 28.729090598653425], [77.20303301856353, 28.740072581064737], [77.19846631565544, 28.740995864826072], [77.19715354239509, 28.73769796917211]], [[77.18640013244084, 28.553602039719447], [77.19310541295532, 28.54940389069575], [77.19616663474932, 28.55563397924275], [77.19097900308435, 28.558249419547312], [77.18640013244084, 28.553602039719447]], [[77.18542296472748, 28.718996730631908], [77.1876462816261, 28.71482754911078], [77.19265801827358, 28.71563436212935], [77.19636230210828, 28.71223578756197], [77.19916304265669, 28.713497585852505], [77.19555523716201, 28.727918285644364], [77.18812186749538, 28.728320804094782], [77.18542296472748, 28.718996730631908]], [[77.1199930709731, 28.578335681739567], [77.12193148444966, 28.574812090568766], [77.1340969313564, 28.577067474827285], [77.13595613420402, 28.57973185014881], [77.13432800306343, 28.584141693517115], [77.1370307925053, 28.586202546801744], [77.14264986389973, 28.58601977610513], [77.15346652094738, 28.577886963705417], [77.15882986050279, 28.579072494623812], [77.1620890031502, 28.587263795954442], [77.15903742351317, 28.590433824944338], [77.16136176243344, 28.60576216914007], [77.16962485751071, 28.602470175198402], [77.16879458317241, 28.59415314147669], [77.17419238785378, 28.591206177030028], [77.17779365367423, 28.59352371883679], [77.1780032348526, 28.605439559442477], [77.18808458439152, 28.612451961334745], [77.19648234959168, 28.613623649670494], [77.19172582804764, 28.630641094917028], [77.17264668136049, 28.627598906115008], [77.16983285307833, 28.637819174808627], [77.15963656250456, 28.640254401683155], [77.15484656017279, 28.647764964748752], [77.15054597679212, 28.647590813264866], [77.14697749480952, 28.64086376437185], [77.1497426329577, 28.632880924757522], [77.16380983138642, 28.628321516297547], [77.1666391128315, 28.62190602805483], [77.16396524595704, 28.61991680622848], [77.1449499689303, 28.62181189257397], [77.1424233215573, 28.615794425298084], [77.14325568903655, 28.598155014211468], [77.13930643040898, 28.59682090577866], [77.13820971864418, 28.59165170927372], [77.12545053199217, 28.593008366915093], [77.1199930709731, 28.578335681739567]], [[77.15807401106828, 28.53853925335303], [77.15618223517133, 28.534051206252133], [77.16988583146161, 28.529527333811703], [77.18019050879458, 28.509671910268978], [77.19082874481376, 28.508232721575922], [77.19300811008137, 28.518632335321094], [77.18582305081067, 28.522277811320656], [77.18632544539652, 28.534075966718795], [77.17305044303781, 28.540260973340683], [77.17489554572464, 28.5481565646123], [77.16722258818923, 28.55141904076697], [77.16353768056464, 28.550478764775825], [77.16238196527193, 28.54282777808928], [77.15807401106828, 28.53853925335303]], [[77.18612386951641, 28.58774048287382], [77.18920919295253, 28.590628689867298], [77.18494581685398, 28.59270439209034], [77.1829705692476, 28.589912548976127], [77.18612386951641, 28.58774048287382]], [[77.1274147484291, 28.56097276026637], [77.12783803088804, 28.55764836782202], [77.13712232003962, 28.553906992220742], [77.13497902828502, 28.541807577192248], [77.1532100872781, 28.543224398493727], [77.15517651267018, 28.549419411536487], [77.14872343688663, 28.558783789944417], [77.15327551372337, 28.567461252228227], [77.15067693241248, 28.572342559735667], [77.13723712953777, 28.575052360465463], [77.13594337759513, 28.572286062611127], [77.14091524454751, 28.569434826896526], [77.14080624993765, 28.564051924652492], [77.13817249332894, 28.56213006019649], [77.13056184118521, 28.564053089187674], [77.1274147484291, 28.56097276026637]], [[77.12313972359095, 28.614527979637913], [77.12259000919069, 28.611615008051235], [77.12587898622061, 28.61013221840401], [77.13231472224949, 28.611789014211116], [77.13312280426139, 28.616219252724054], [77.12731898694678, 28.61915547275247], [77.12313972359095, 28.614527979637913]], [[77.09666012371127, 28.74295782113964], [77.09659124311901, 28.739509261806525], [77.10134574572388, 28.738713998905837], [77.10627779976112, 28.742535654904852], [77.10249592105818, 28.747364435316925], [77.09666012371127, 28.74295782113964]], [[77.09589964205117, 28.47479779732775], [77.09980262182437, 28.474737570516673], [77.09964981584793, 28.478343873886853], [77.09588364596652, 28.47815412716982], [77.09589964205117, 28.47479779732775]], [[77.08627518334119, 28.521300362398303], [77.08502769583254, 28.518753391215082], [77.08747357132678, 28.516939199720188], [77.09346645259568, 28.52075735671818], [77.08918089117044, 28.52343655821563], [77.08627518334119, 28.521300362398303]], [[77.07095801149082, 28.503142916762993], [77.07692196879172, 28.49690684029005], [77.08819597214693, 28.506015129279948], [77.0844339105427, 28.50988246679589], [77.07293366327602, 28.509731683320258], [77.07095801149082, 28.503142916762993]], [[77.0599293933398, 28.65850494141157], [77.06273940825999, 28.645324261039153], [77.07023682490319, 28.652358165314823], [77.08069854948495, 28.651388296874302], [77.08298195538015, 28.653341681046975], [77.07783049243069, 28.658146725447878], [77.07077846692177, 28.676424719971926], [77.06078655351163, 28.675055984110944], [77.05772784752097, 28.66475217804925], [77.0599293933398, 28.65850494141157]], [[77.05828843127362, 28.473351986498155], [77.05560926922509, 28.471005598208993], [77.05988738164069, 28.46734434747268], [77.05900862391607, 28.45960702916414], [77.07062007701663, 28.45892398854661], [77.07389642833523, 28.465424835746234], [77.07353529414142, 28.47169460553275], [77.06854969541396, 28.475514330107607], [77.05828843127362, 28.473351986498155]], [[77.05759519980032, 28.568029107833265], [77.06634298620124, 28.571589124110464], [77.06667161549353, 28.574827188115794], [77.06110842661712, 28.577250852454956], [77.05732470571058, 28.576245937711548], [77.05468326870758, 28.570752247075337], [77.05759519980032, 28.568029107833265]], [[77.04899435039532, 28.46322204267824], [77.0531797371928, 28.462840330854355], [77.05452948434665, 28.46578770032077], [77.05277262555511, 28.469974411574487], [77.0470340602348, 28.47121859920673], [77.04502391844852, 28.466128138859826], [77.04899435039532, 28.46322204267824]], [[77.04583607791324, 28.653554581751262], [77.04806394269846, 28.65638924202935], [77.04448089264889, 28.65843991320823], [77.04255234543744, 28.65527490864829], [77.04583607791324, 28.653554581751262]]], [[[77.02588715557967, 28.79809088770544], [77.02697974930253, 28.803976093364216], [77.03182494606334, 28.808100411370134], [77.04224924049366, 28.805719707967544], [77.0551202660587, 28.810169584378613], [77.05858422541019, 28.804835966693737], [77.05842309046689, 28.79734702695162], [77.06354569220198, 28.7962679614191], [77.07382248024257, 28.80834572300836], [77.07287363717009, 28.81104158122096], [77.06757850073156, 28.8121562683798], [77.06773674300705, 28.815772916189864], [77.07191649917003, 28.818430453908697], [77.07716480577983, 28.818081938970224], [77.07960233074421, 28.81058163364543], [77.09615749802572, 28.815684165695163], [77.09693599054272, 28.81072326460026], [77.1000696097179, 28.80885237250647], [77.09953547549794, 28.794196260740655], [77.09205834971858, 28.793592634199108], [77.09202179427335, 28.80503259091112], [77.08812918867925, 28.806523908754144], [77.08500776267805, 28.803009555196503], [77.08856366570626, 28.79821217835879], [77.08371295886448, 28.79294577838111], [77.07253717262228, 28.789242886291355], [77.06311025730723, 28.778462973892413], [77.0575142426024, 28.777174314812612], [77.05461677891104, 28.773665751572945], [77.05524828384293, 28.76413888879988], [77.06481750841961, 28.765792398770568], [77.06737797628855, 28.76378983380154], [77.06400552631634, 28.757286993469553], [77.05727558754013, 28.758242042998777], [77.05421113059356, 28.762532399611956], [77.03684289673117, 28.762622850233992], [77.0367860915822, 28.766513899920195], [77.04257054301164, 28.77020202297573], [77.04385925058534, 28.775313417877395], [77.03924708285966, 28.788033972576972], [77.03386890593922, 28.79092986373035], [77.02781869903188, 28.790586038359944], [77.02588715557967, 28.79809088770544]]]]}}, {"type": "Feature", "properties": {"threshold": 90}, "geometry": {"type": "MultiPolygon", "coordinates": [[[[76.94549637004093, 28.680157130229638], [76.94822704375227, 28.694030297243625], [76.95235966076649, 28.699892519110552], [76.96451712405927, 28.698132088943876], [76.96835314863833, 28.691292415351757], [76.97451950219366, 28.69497010023627], [76.97786339071959, 28.692030346799587], [76.98098348670601, 28.692609462174982], [76.9816119539163, 28.6978635357098], [76.97384328599719, 28.70125150577161], [76.97713893091115, 28.70682858750305], [76.97589046775937, 28.710840712463455], [76.98094369505799, 28.713488567284887], [76.98634354002883, 28.712875480995663], [76.98160557512911, 28.698854464453493], [76.98590221615297, 28.69567417141129], [76.99261798920531, 28.695597669794306], [76.99861961674158, 28.699260918229893], [77.00808662289073, 28.691696779507367], [77.01274360757093, 28.691319852985984], [77.01577022087407, 28.693574620430013], [77.02196549926283, 28.692992131938265], [77.02461285100075, 28.69577048139742], [77.03430979541601, 28.695069391351755], [77.03564351755577, 28.700768889247847], [77.0397812543633, 28.70099203252418], [77.04393747332546, 28.691794917152812], [77.04715812803022, 28.69246471940418], [77.05028772142477, 28.699274725677327], [77.05437745757351, 28.69908609561337], [77.05618113325384, 28.694162202492592], [77.05930478384543, 28.6935140243614], [77.06800026929903, 28.70282156151027], [77.05156710723236, 28.71507281855916], [77.05362718302088, 28.725201749458577], [77.05983539402973, 28.728616092114713], [77.07350098498063, 28.723177117690295], [77.077791353001, 28.725435561933555], [77.07928601332209, 28.73179309336128], [77.08542405143092, 28.73709901878632], [77.08472654984863, 28.741651213651974], [77.07171539018289, 28.74741035761999], [77.07283120869967, 28.753801135903114], [77.08157978244175, 28.755430111889], [77.09534358954112, 28.750376790113258], [77.10030036388835, 28.75580086157982], [77.10794938594826, 28.7573601799915], [77.11453133015172, 28.754757722302994], [77.12092848243182, 28.747077056267447], [77.1268207852886, 28.752547648524292], [77.12387145140407, 28.76663464746716], [77.1087082853365, 28.768254132867007], [77.10568670392732, 28.771643659240304], [77.10034558554723, 28.76914195496529], [77.09361534403043, 28.770098836780527], [77.09146433739157, 28.77397493447055], [77.09379213672473, 28.78105737979629], [77.08902407595751, 28.784099983103037], [77.08928144469888, 28.786857158449635], [77.09466674274239, 28.790263702827783], [77.09955598434084, 28.785727209840495], [77.0999410335104, 28.779337559022906], [77.10630822156855, 28.775140439901023], [77.11005638795599, 28.775822335836285], [77.11425493986029, 28.781286163098226], [77.12537239784375, 28.77908817624107], [77.1299931026479, 28.781943855252045], [77.12924845251324, 28.791691085597726], [77.1218222546141, 28.794451581313798], [77.123081599311, 28.805667222495906], [77.13417961493026, 28.81188833131495], [77.1284153044235, 28.831524352340068], [77.1148127956856, 28.832887416836687], [77.11610737344625, 28.822053333622474], [77.10519230364426, 28.816442741135628], [77.09972736773749, 28.8197291699196], [77.09702941695693, 28.825638687118055], [77.09006705091501, 28.826213002316297], [77.08881558376522, 28.832073504610367], [77.0822899918673, 28.8364814597445], [77.07790224655477, 28.84649605629137], [77.06236442410238, 28.848309680613013], [77.06254270400183, 28.85410695058515], [77.06873843606273, 28.853349400586477], [77.07631064271314, 28.85794705889754], [77.08786122431704, 28.85518071449204], [77.09078478854346, 28.86209999559881], [77.10145772330334, 28.868409266259995], [77.10548812734645, 28.85920366780976], [77.10605185451763, 28.845633850468914], [77.10859687106654, 28.84335432416164], [77.11568595966523, 28.843413877800852], [77.1247604252862, 28.848296695696465], [77.11985901609864, 28.866175377477294], [77.1289842482282, 28.866348908706453], [77.13289777369323, 28.862444357104106], [77.13099501843413, 28.858378231825984], [77.13260660246398, 28.849164557119146], [77.12816399302552, 28.845741697615196], [77.13070366569147, 28.84166198846135], [77.12934961017591, 28.834595162237004], [77.13803792242106, 28.819693699326606], [77.15111597898293, 28.812899521742626], [77.15757994245612, 28.814683375006652], [77.16863730712947, 28.827612541186745], [77.17572448449292, 28.82859427155779], [77.1799438843648, 28.832252647509502], [77.18130845457642, 28.846755090575847], [77.18931637151425, 28.846792872763217], [77.18862750042128, 28.831898981490237], [77.18301748215164, 28.831939474099514], [77.18151327073919, 28.828580013039296], [77.1834657526946, 28.826404652417608], [77.19080594755715, 28.826523550753816], [77.19096064078704, 28.822345062787914], [77.17804498874045, 28.821233299933162], [77.17537709687252, 28.816079646605424], [77.16351919354699, 28.81576760747815], [77.15257973171552, 28.799324721665567], [77.15398542545309, 28.796397320661512], [77.16634964590367, 28.794329934929426], [77.16736982076536, 28.789361607542332], [77.16034084535193, 28.786024183059702], [77.15546125445726, 28.789422905712215], [77.14551388611186, 28.786719937912014], [77.14425713718983, 28.784177691214065], [77.15217417568613, 28.77318828954807], [77.14950831121303, 28.76944904740218], [77.1509405946134, 28.764818720632608], [77.15918951448096, 28.759298717508265], [77.16903123765056, 28.760993635985955], [77.17463085956057, 28.75512231615093], [77.17801377666477, 28.74664828515082], [77.16783970520082, 28.742539246391193], [77.17348540414402, 28.738008374380215], [77.1866120809527, 28.735162184404583], [77.19235729034968, 28.740661802895037], [77.18604737120837, 28.74658998105649], [77.18872249308149, 28.75276327203294], [77.18583544232844, 28.759749873489948], [77.17954095984864, 28.761891283261498], [77.17164244420326, 28.77235632312358], [77.17084993346676, 28.7790231305357], [77.17343014820756, 28.781152026987314], [77.18121572734687, 28.77997161786373], [77.18062995096952, 28.775424073953907], [77.18817792806742, 28.764412819065775], [77.20019401838056, 28.761041727732938], [77.20024271819011, 28.75567056286146], [77.19642377376508, 28.751560846375188], [77.20251755498687, 28.74864542509686], [77.20458487052069, 28.743895210898103], [77.21130458610152, 28.741760267511612], [77.21952519645576, 28.745486162310122], [77.22275220618343, 28.742765513481043], [77.22279517494489, 28.73682347006873], [77.23380117974325, 28.717400480486912], [77.23060180347768, 28.690716492676373], [77.2346212403813, 28.67315992963817], [77.2336822481137, 28.664664793751285], [77.2395147324164, 28.66179407239457], [77.24134654718179, 28.654103472349693], [77.24701001620468, 28.653348123988607], [77.24995765579587, 28.6484935588295], [77.2611425731617, 28.642747641706972], [77.26016676280601, 28.635191880243312], [77.25575892660538, 28.630178679146265], [77.25637898392621, 28.624215830494347], [77.26955614934043, 28.626026413042116], [77.27389855724742, 28.635160029651512], [77.27004876988853, 28.637990230407045], [77.26449920231916, 28.651695600814605], [77.25473101396399, 28.659906539335513], [77.25424417021823, 28.664140343525954], [77.24439347781487, 28.670165188587028], [77.244357692885, 28.674625679560688], [77.24709181484698, 28.675974773163485], [77.25523900225723, 28.67500820501276], [77.25876486923025, 28.67181221980111], [77.26644733044454, 28.672643059880187], [77.27189744385767, 28.67486633784347], [77.27555576281074, 28.68225952621237], [77.28017943358967, 28.68347623196949], [77.27549443885312, 28.691100489217146], [77.27950853005181, 28.6993137321403], [77.28789295368293, 28.700567168415528], [77.28903260335306, 28.709461842658094], [77.28129053947025, 28.71490415301852], [77.2865278318361, 28.72494199467057], [77.2928097257462, 28.723684326819424], [77.29069560803953, 28.710985010703066], [77.29896091747058, 28.70325266902218], [77.33232866172462, 28.700116584007144], [77.33924529482537, 28.701557877783465], [77.34843850216292, 28.696475492779673], [77.35364990489498, 28.68506465750786], [77.36630090334329, 28.688138475330614], [77.36850051206008, 28.690943903074206], [77.37677497728673, 28.69160420366578], [77.3813750037159, 28.684802923938186], [77.3890325906326, 28.685170200081068], [77.39340162246275, 28.681426386157792], [77.39906242219884, 28.68090181668305], [77.40162384463427, 28.677914356266367], [77.3978905000723, 28.671709504797136], [77.39884863293805, 28.666739770685126], [77.38029542238621, 28.65552548933496], [77.38711022292492, 28.6514479510541], [77.3899338999358, 28.63787902294645], [77.39306700711765, 28.638095507559942], [77.39547006674154, 28.64233966189148], [77.40145507606373, 28.642164454515534], [77.40742428404991, 28.65393225414438], [77.40596106746042, 28.660356063721636], [77.40827427078217, 28.663836757539027], [77.41195163829585, 28.66271068956957], [77.41161619176916, 28.652460158922885], [77.41693193649095, 28.647815407040028], [77.4160032622172, 28.644068278461738], [77.40560904829603, 28.641807887998294], [77.40431353436739, 28.636384026097943], [77.39802531010362, 28.632874427781122], [77.40236953220304, 28.6234338405434], [77.39394790778005, 28.622196517101532], [77.39319272938206, 28.606527065132], [77.38503797735537, 28.600670959418864], [77.38977895086252, 28.593214892511693], [77.39779923595154, 28.602561455051998], [77.40250788242409, 28.60330488906308], [77.40678155051145, 28.584635637517685], [77.39784480650547, 28.581071951920865], [77.38523355366752, 28.588923609095577], [77.38002933854322, 28.586901829118965], [77.38373913290275, 28.578076580968293], [77.39409926559016, 28.573802337567965], [77.39495497458279, 28.566450620309233], [77.39104076532556, 28.55741880505035], [77.38205051665786, 28.553085097780883], [77.38728705524635, 28.54845453505261], [77.39486965092597, 28.550511529603977], [77.39960567765438, 28.556888052473774], [77.41045584297771, 28.55877104286629], [77.41732250927299, 28.546805714937797], [77.41556440072287, 28.5407040730871], [77.42386217767137, 28.53775179939467], [77.4301320999116, 28.52920763817985], [77.42585040357524, 28.526274167859242], [77.4110307786458, 28.526194305993346], [77.4070591408878, 28.51787869000165], [77.4154929688867, 28.51218998444858], [77.416886095459, 28.5072358769082], [77.42941703182612, 28.506510516454387], [77.42749088649566, 28.49334472013906], [77.4207735683943, 28.4924378944632], [77.41772247399537, 28.501528778369185], [77.41427633588242, 28.500783796943487], [77.41312848266297, 28.49709401554207], [77.39776630628671, 28.49339251392907], [77.39284670679613, 28.494388223608933], [77.38963806840457, 28.49814943068779], [77.37462964459016, 28.49773995968974], [77.37237121325387, 28.503396525178967], [77.36577103502985, 28.504218282140375], [77.36484853513818, 28.509636941860048], [77.34754211927931, 28.521772362169806], [77.34772482596502, 28.528533666148817], [77.31819370140602, 28.54555368997369], [77.32006760550141, 28.558898286714438], [77.31166277805501, 28.563393714905853], [77.29959444419632, 28.579234083616882], [77.28443768232042, 28.60670612816966], [77.28036045363042, 28.608951822664938], [77.27145829945071, 28.605061053552923], [77.26765042916146, 28.617331994644996], [77.25927852844215, 28.619622232325483], [77.2567067144754, 28.616966309383496], [77.2595420556546, 28.604466005847037], [77.25811595006866, 28.594451036332682], [77.2603743703201, 28.59138090051854], [77.26789538602677, 28.590713808818933], [77.26916765669233, 28.578523895117282], [77.27783052661204, 28.573203680298853], [77.28741116664091, 28.572792373197252], [77.29452568674367, 28.567105703603687], [77.29474060760236, 28.556902678559847], [77.30327895683375, 28.54309267937445], [77.31238728571367, 28.542800349675964], [77.31593062456967, 28.536561351723527], [77.32287503836638, 28.532366434801766], [77.32269628808078, 28.527461772732604], [77.33138287755276, 28.517730746305812], [77.33709377665159, 28.517665057682635], [77.34362937127767, 28.512407210742122], [77.34150798258062, 28.503194054239163], [77.33359689538221, 28.501510591183827], [77.32863730220085, 28.506009035793888], [77.32893156872439, 28.516409270548056], [77.316388272232, 28.516862042860343], [77.31611594007913, 28.49853764202185], [77.31043826606191, 28.492143507211992], [77.31829285140438, 28.483562700324246], [77.32003511944417, 28.477896521625144], [77.32306818381552, 28.451184116416943], [77.33044464826247, 28.431090413827892], [77.32914606565109, 28.42570874712913], [77.30555490985147, 28.423622102572242], [77.3011883359848, 28.43026931705243], [77.29023121196711, 28.432809803534685], [77.2979550461532, 28.454484855710362], [77.29368181665548, 28.458711026710958], [77.28406369728657, 28.455873757396215], [77.28112223187705, 28.462888106340294], [77.28591443372702, 28.472533334166137], [77.29217578590541, 28.47244029360954], [77.29501079460069, 28.478704658784142], [77.29171414320422, 28.480480312395535], [77.28507328891577, 28.478675845954246], [77.2862442039544, 28.48624399275588], [77.27994670812896, 28.489913473971598], [77.28414640108257, 28.493402072891566], [77.28364110017158, 28.498612080126204], [77.27331537690246, 28.503702474741562], [77.27857290462241, 28.511750159862217], [77.27672663851719, 28.518619874239707], [77.26953474414458, 28.52443710224255], [77.2570307943873, 28.51732985885054], [77.25560348732613, 28.51310765754096], [77.26008148902434, 28.509239138073823], [77.26002251885838, 28.504137894386446], [77.25710311310249, 28.496924418297617], [77.25040487613555, 28.491645184645495], [77.24936864659283, 28.485879392966613], [77.23806724871935, 28.488655132517607], [77.23122059261645, 28.482298892572967], [77.21363460649789, 28.48885196653095], [77.20971862546801, 28.495351923007156], [77.20406526401055, 28.496805922617405], [77.19720800352697, 28.50273547383188], [77.194019791344, 28.50236114223086], [77.18634404806711, 28.475518108140264], [77.17957638734376, 28.46992733083089], [77.16255265681889, 28.472098742706596], [77.16062197523792, 28.460471213102995], [77.14951400605435, 28.45596549948121], [77.15000885890917, 28.44454274083], [77.15673363881643, 28.434522742444134], [77.15638577446727, 28.430158900282873], [77.15246023024467, 28.42770000645767], [77.14917861107108, 28.428585836323176], [77.1384477928259, 28.43845245651344], [77.13956725249203, 28.4535498188725], [77.14799888689913, 28.470126767421103], [77.15864094821549, 28.473092969006483], [77.15845744387326, 28.491087301671836], [77.15330373596552, 28.49273850642156], [77.14880421499429, 28.48393721973734], [77.14249605121965, 28.482270266367454], [77.13498658861019, 28.471454831637455], [77.1279071309483, 28.47250938698262], [77.1260361486691, 28.479368860473063], [77.13936276191546, 28.49464492594571], [77.14083197839817, 28.500609393888023], [77.15203983387211, 28.50293849132754], [77.15960434377922, 28.501056289084456], [77.16252883262685, 28.504501480938714], [77.15182735530514, 28.520053989555837], [77.14264370104034, 28.5232225376565], [77.13155412994526, 28.522889693839307], [77.13536797909674, 28.533507393464035], [77.12626463276014, 28.537078917904804], [77.11511951895253, 28.534164525707144], [77.11360832140294, 28.530153867408323], [77.1050083465549, 28.524975565585766], [77.10566997677765, 28.522110287969888], [77.11231478461967, 28.518776667190917], [77.12125588034056, 28.517160708238258], [77.1201280924934, 28.51133298836701], [77.10528831562506, 28.509138898973546], [77.10300049229069, 28.513851187674124], [77.10513910157778, 28.521196807388588], [77.096183478892, 28.521616138959327], [77.09403457642333, 28.519660648265315], [77.09709537314392, 28.50725677937202], [77.10957437738355, 28.49860232331907], [77.11034317682805, 28.485595585317704], [77.11639927142032, 28.48192220106526], [77.10935386959983, 28.47726911123829], [77.10888812412428, 28.466654210468565], [77.0989192379568, 28.461896272754192], [77.10104572797655, 28.451738377461993], [77.1043508988, 28.449443425960943], [77.10198655698235, 28.440682262841698], [77.11185204464451, 28.436489419539885], [77.1107077266102, 28.428547163062746], [77.10160403522681, 28.43024001011649], [77.1013857219915, 28.44036112421942], [77.0898386313221, 28.449591384232434], [77.07287531814491, 28.441003265714876], [77.07229737423093, 28.427205422705505], [77.06809657280793, 28.422800353868823], [77.05795133144093, 28.423730118883427], [77.0503445031413, 28.42849250761279], [77.03812197707768, 28.42477492825385], [77.03239015797317, 28.426500205024986], [77.03581591819177, 28.44057939930875], [77.03172426852038, 28.444122224524897], [77.02406027576998, 28.44514428436941], [77.02095052391334, 28.443548162716436], [77.01767119285107, 28.42918237482975], [77.00838495696688, 28.426004128224452], [77.00262977013378, 28.42690893635913], [77.00046312602163, 28.43089582234888], [76.99524563275496, 28.43286786999145], [76.99669302303997, 28.44151843699372], [76.99012157864723, 28.44317600832038], [76.9903484567504, 28.450672045311844], [76.99665879295286, 28.45064834118968], [76.99791064387061, 28.455475095915485], [76.98489966268247, 28.455836876467558], [76.9833637430302, 28.458093844490865], [76.99478208561288, 28.46318707072773], [76.99599577556646, 28.468502393154], [77.0019361306772, 28.471943867627346], [77.00134746574183, 28.480485915212057], [77.00408155297868, 28.486805999714136], [76.99813071264398, 28.49095693866721], [76.9990956683043, 28.49555168737447], [77.01538010162032, 28.492666260384123], [77.02315519433223, 28.49693593519719], [77.0254958835601, 28.50433630458452], [77.01949481246656, 28.507781527063287], [77.02141896312703, 28.514621179033846], [77.0334209196573, 28.51596605302155], [77.04053073755487, 28.52632499673438], [77.04510138239844, 28.52597146849548], [77.04449440254817, 28.51802927801053], [77.05091813499199, 28.51436119895545], [77.05491350025339, 28.508026265624], [77.06792686760076, 28.514198526381684], [77.07576959617867, 28.524933608929597], [77.07627387053394, 28.5294392125073], [77.0865894666507, 28.53242287717514], [77.09072041203895, 28.53945748788833], [77.09628383559472, 28.53612370807202], [77.11236596934273, 28.537609425679452], [77.11244338679896, 28.54335313098743], [77.10116853007216, 28.54675937564975], [77.10028528765844, 28.55412911852592], [77.10391171716495, 28.55645797636459], [77.11519984932659, 28.554047859343328], [77.12108640804998, 28.558544900337964], [77.11892877946167, 28.56313214599732], [77.11982093925624, 28.5741722675615], [77.1113264254618, 28.577918835072794], [77.11577222329599, 28.588134232126436], [77.11510331537407, 28.598421892381275], [77.11214030600534, 28.60140067132795], [77.1081283616485, 28.601039768005016], [77.10705968668144, 28.595492588023774], [77.0958927133537, 28.58786121275803], [77.09614155559437, 28.584359290351802], [77.10216182882654, 28.583549649822043], [77.10427373112336, 28.57995563148111], [77.10032106489773, 28.572211159000645], [77.08210939996916, 28.574594640089416], [77.08015738992084, 28.569429765610394], [77.07312759503202, 28.56715582430921], [77.07679399077725, 28.562559138072512], [77.08446170326445, 28.566809627175644], [77.09045714169305, 28.565844400489766], [77.09339005503217, 28.561352278974645], [77.09129157104155, 28.556882324396838], [77.08125609118747, 28.557388437085837], [77.07655917121185, 28.549902119015993], [77.06736902066932, 28.550873529431207], [77.06365083564656, 28.554633793231773], [77.05951992529967, 28.553241729754397], [77.0594166291913, 28.54852129286578], [77.06665414972477, 28.545686821433012], [77.06649835101865, 28.535154815115632], [77.05540967502664, 28.52629536348611], [77.05187500453218, 28.526309813663115], [77.04544812538927, 28.530604088475783], [77.04513345416204, 28.539482650644622], [77.0412804051613, 28.542306528481806], [77.04124959798592, 28.545851168569296], [77.04727943213352, 28.548770817059705], [77.05356559619858, 28.548239964984024], [77.05463914318719, 28.55397093130853], [77.0398823104901, 28.560951066356928], [77.03845916950655, 28.580873054164847], [77.02479231066809, 28.58417815019657], [77.02296213172832, 28.590392678046758], [77.01242285366268, 28.596963255018196], [77.00978134491349, 28.595461556190177], [77.0096038573136, 28.59081214948591], [77.01643235138602, 28.586862021853563], [77.01500692795895, 28.581148516736807], [77.00612883363468, 28.58480771780154], [77.0004678625383, 28.58287172671719], [76.9850199100292, 28.58816639392024], [76.97909550669443, 28.584037732937276], [76.97491183239096, 28.584040718742997], [76.97393164781842, 28.592493215008155], [76.96338930591124, 28.595214181958433], [76.95451783425841, 28.608413144748862], [76.96048702659789, 28.613163800140423], [76.96317630370596, 28.624206685494485], [76.95582086109718, 28.62906461925081], [76.95892732084599, 28.6353190114316], [76.96494619005124, 28.635328849989858], [76.97046298348096, 28.632002542812582], [76.97793417789231, 28.622257708007133], [76.98246990519078, 28.623690691786326], [76.98374958472652, 28.628865334167035], [76.9888441203018, 28.626576199973254], [77.0014494301373, 28.63016810693128], [77.01271407889107, 28.62865090010395], [77.01592783272783, 28.633161476443746], [77.00630158119276, 28.638924136683723], [77.00639407729186, 28.643783656124107], [77.03178872103166, 28.652754654562592], [77.03614923421512, 28.663738636040858], [77.04650500208486, 28.658998366419294], [77.04874813653284, 28.66156429299311], [77.04750173481517, 28.666512063726202], [77.03820693013644, 28.67232963245085], [77.02514477957062, 28.67199174632738], [77.01773761489017, 28.65743863058022], [77.0133986696806, 28.65716332804224], [77.00300675806264, 28.66026401221102], [77.00620310167574, 28.667056433631437], [77.0184540172843, 28.67207265570088], [77.00962821322814, 28.680325667190626], [76.99168696980293, 28.68187606253339], [76.98047617534007, 28.673343182637186], [76.98099511847433, 28.663842661808385], [76.97499642859223, 28.665186399375358], [76.97831639759491, 28.673485818957143], [76.97502056005911, 28.676853424102802], [76.96033634424147, 28.67751105819697], [76.94949644044293, 28.674394351143345], [76.94549637004093, 28.680157130229638]], [[77.39706202372982, 28.513081766469167], [77.39666315825363, 28.50824676960757], [77.4022721303955, 28.506724374925952], [77.40226325343875, 28.514607096477494], [77.39927822621031, 28.51546486998332], [77.39706202372982, 28.513081766469167]], [[77.37589598291486, 28.539645296883297], [77.37738640541687, 28.53652794467873], [77.38390296618284, 28.536499172000234], [77.38811685124728, 28.543560829062702], [77.38415376641602, 28.54599070155345], [77.37589598291486, 28.539645296883297]], [[77.3556237538796, 28.54223229566917], [77.35377857148822, 28.53831450288776], [77.36098612628078, 28.537085743339226], [77.36128693049726, 28.542194523047517], [77.3556237538796, 28.54223229566917]], [[77.34353896480134, 28.625555876449177], [77.34550681517013, 28.61482675873442], [77.35246805408671, 28.613945784579435], [77.35098461945518, 28.6290863011655], [77.34545134640554, 28.629740863121075], [77.34353896480134, 28.625555876449177]], [[77.29311342300731, 28.468916926240155], [77.28923899163509, 28.4676665082324], [77.29123594681437, 28.464423221848637], [77.2947732129882, 28.46586190122092], [77.29311342300731, 28.468916926240155]], [[77.26846828556597, 28.620794200626946], [77.26962105449529, 28.61719660986494], [77.27468722715493, 28.61895753363875], [77.27222434819757, 28.6229850987173], [77.26846828556597, 28.620794200626946]], [[77.24774422210008, 28.596547435305823], [77.25286706103942, 28.596352161535695], [77.25115441865822, 28.60138227426593], [77.24748147868966, 28.60055757009034], [77.24774422210008, 28.596547435305823]], [[77.24455248323393, 28.5192878328477], [77.24846284187224, 28.517207844772482], [77.2503422555627, 28.522387098445478], [77.24586533513067, 28.523835436675313], [77.24455248323393, 28.5192878328477]], [[77.19715354239509, 28.73769796917211], [77.19799795237127, 28.72968030614522], [77.20398636611034, 28.729090598653425], [77.20303301856353, 28.740072581064737], [77.19846631565544, 28.740995864826072], [77.19715354239509, 28.73769796917211]], [[77.18640013244084, 28.553602039719447], [77.19310541295532, 28.54940389069575], [77.19616663474932, 28.55563397924275], [77.19097900308435, 28.558249419547312], [77.18640013244084, 28.553602039719447]], [[77.18542296472748, 28.718996730631908], [77.1876462816261, 28.71482754911078], [77.19265801827358, 28.71563436212935], [77.19636230210828, 28.71223578756197], [77.19916304265669, 28.713497585852505], [77.19555523716201, 28.727918285644364], [77.18812186749538, 28.728320804094782], [77.18542296472748, 28.718996730631908]], [[77.1199930709731, 28.578335681739567], [77.12193148444966, 28.574812090568766], [77.1340969313564, 28.577067474827285], [77.13595613420402, 28.57973185014881], [77.13432800306343, 28.584141693517115], [77.1370307925053, 28.586202546801744], [77.14264986389973, 28.58601977610513], [77.15346652094738, 28.577886963705417], [77.15882986050279, 28.579072494623812], [77.1620890031502, 28.587263795954442], [77.15903742351317, 28.590433824944338], [77.16136176243344, 28.60576216914007], [77.16962485751071, 28.602470175198402], [77.16879458317241, 28.59415314147669], [77.17419238785378, 28.591206177030028], [77.1778487502784, 28.593746885191035], [77.17811528339058, 28.610869316379908], [77.19648234959168, 28.613623649670494], [77.19172582804764, 28.630641094917028], [77.17264668136049, 28.627598906115008], [77.16983285307833, 28.637819174808627], [77.15875730209933, 28.640268419449583], [77.15555831980446, 28.647163019413444], [77.15054597679212, 28.647590813264866], [77.14697749480952, 28.64086376437185], [77.1497426329577, 28.632880924757522], [77.16380983138642, 28.628321516297547], [77.1666391128315, 28.62190602805483], [77.16396524595704, 28.61991680622848], [77.1449499689303, 28.62181189257397], [77.1424233215573, 28.615794425298084], [77.14325568903655, 28.598155014211468], [77.13930643040898, 28.59682090577866], [77.13820971864418, 28.59165170927372], [77.12545053199217, 28.593008366915093], [77.1199930709731, 28.578335681739567]], [[77.15807401106828, 28.53853925335303], [77.15618223517133, 28.534051206252133], [77.16988583146161, 28.529527333811703], [77.18019050879458, 28.509671910268978], [77.19082874481376, 28.508232721575922], [77.19288743401124, 28.518536496866258], [77.18582305081067, 28.522277811320656], [77.18632544539652, 28.534075966718795], [77.17305044303781, 28.540260973340683], [77.17489554572464, 28.5481565646123], [77.16722258818923, 28.55141904076697], [77.16353768056464, 28.550478764775825], [77.16238196527193, 28.54282777808928], [77.15807401106828, 28.53853925335303]], [[77.18612386951641, 28.58774048287382], [77.18920919295253, 28.590628689867298], [77.18494581685398, 28.59270439209034], [77.1829705692476, 28.589912548976127], [77.18612386951641, 28.58774048287382]], [[77.1274147484291, 28.56097276026637], [77.12783803088804, 28.55764836782202], [77.13712232003962, 28.553906992220742], [77.13701540696633, 28.547180741547763], [77.1339866437279, 28.54403451119799], [77.135417417973, 28.54156607474067], [77.14290598653945, 28.542993088881733], [77.14552529386386, 28.5479852037589], [77.15115376871535, 28.545122240395976], [77.15475334782391, 28.547718610333437], [77.14787168293721, 28.559498174670658], [77.15213268711076, 28.569152323704866], [77.15023845831935, 28.57258411551651], [77.13723712953777, 28.575052360465463], [77.13594337759513, 28.572286062611127], [77.14091524454751, 28.569434826896526], [77.14080624993765, 28.564051924652492], [77.13817249332894, 28.56213006019649], [77.13056184118521, 28.564053089187674], [77.1274147484291, 28.56097276026637]], [[77.12313972359095, 28.614527979637913], [77.12259000919069, 28.611615008051235], [77.12587898622061, 28.61013221840401], [77.13231472224949, 28.611789014211116], [77.13312280426139, 28.616219252724054], [77.12731898694678, 28.61915547275247], [77.12313972359095, 28.614527979637913]], [[77.0995068034957, 28.746138819101695], [77.09802615123535, 28.740601060759374], [77.10477782016046, 28.739945741444842], [77.1046192955977, 28.74636387580606], [77.0995068034957, 28.746138819101695]], [[77.08627518334119, 28.521300362398303], [77.08502769583254, 28.518753391215082], [77.08747357132678, 28.516939199720188], [77.09346645259568, 28.52075735671818], [77.08918089117044, 28.52343655821563], [77.08627518334119, 28.521300362398303]], [[77.0738203463385, 28.504779604797854], [77.0776434799087, 28.500241942821965], [77.08230609014026, 28.505734855179824], [77.07746494039206, 28.508181764683304], [77.0738203463385, 28.504779604797854]], [[77.0599293933398, 28.65850494141157], [77.06273940825999, 28.645324261039153], [77.07023682490319, 28.652358165314823], [77.08069854948495, 28.651388296874302], [77.08298195538015, 28.653341681046975], [77.07783049243069, 28.658146725447878], [77.07077846692177, 28.676424719971926], [77.06078655351163, 28.675055984110944], [77.05772784752097, 28.66475217804925], [77.0599293933398, 28.65850494141157]], [[77.06319950799875, 28.47189851038176], [77.06407965226158, 28.465391891050068], [77.07005779245384, 28.46520534972358], [77.06964573594617, 28.472972308039946], [77.06319950799875, 28.47189851038176]], [[77.05759519980032, 28.568029107833265], [77.06634298620124, 28.571589124110464], [77.06667161549353, 28.574827188115794], [77.06110842661712, 28.577250852454956], [77.05732470571058, 28.576245937711548], [77.05468326870758, 28.570752247075337], [77.05759519980032, 28.568029107833265]], [[77.02171863862405, 28.49028779548687], [77.02999299449235, 28.474593734557416], [77.03458867667447, 28.47497744759572], [77.03674381571909, 28.48120708103315], [77.04426470430306, 28.48363373896626], [77.05950770511413, 28.479645808443312], [77.06118002378182, 28.48282205011245], [77.05437634299959, 28.487664343939798], [77.05423799931181, 28.49056066361378], [77.0616650724664, 28.495045693666334], [77.06220687065003, 28.49965459275902], [77.05214683449479, 28.50674233088393], [77.0345180570971, 28.498603070064217], [77.02465564298163, 28.49827497149308], [77.02171863862405, 28.49028779548687]], [[77.04583607791324, 28.653554581751262], [77.04806394269846, 28.65638924202935], [77.04448089264889, 28.65843991320823], [77.04255234543744, 28.65527490864829], [77.04583607791324, 28.653554581751262]], [[76.99566353527293, 28.4594424572192], [76.997333737513, 28.45688443279036], [77.00217835976589, 28.45722838376479], [77.00439038726884, 28.461620607463203], [76.99760227883853, 28.462516997098554], [76.99566353527293, 28.4594424572192]]], [[[77.40485712844905, 28.678447256278705], [77.40526594327646, 28.68603087457206], [77.39691774705005, 28.690328622575898], [77.40093357607057, 28.698764428942614], [77.41281287000581, 28.695757989689586], [77.41511898601534, 28.69927505648309], [77.41311688597884, 28.7051571474591], [77.41745431796579, 28.707952167349735], [77.4229918998584, 28.70480372400653], [77.4327302490078, 28.706872774789392], [77.44135113159734, 28.70122490417752], [77.45846528722004, 28.716739675282597], [77.45458794688966, 28.722388561594176], [77.44796895586124, 28.723272987367192], [77.44998692602587, 28.729643434640163], [77.45635689221011, 28.728848102608186], [77.46243968090552, 28.721983762257622], [77.46852807215795, 28.729356989117772], [77.47417663894065, 28.729922378686258], [77.46776532602574, 28.71521968106678], [77.46316329165522, 28.71404121481168], [77.4632214042082, 28.709095815804826], [77.45676445542483, 28.703295772006513], [77.45770501461278, 28.694743791544152], [77.45506921586546, 28.689938638983275], [77.45801583533658, 28.67681204906229], [77.46420605498547, 28.67320203805326], [77.46364106742348, 28.666689780523757], [77.47437537067748, 28.656723767688963], [77.47327290217335, 28.64846524417761], [77.46576926245947, 28.63892613209026], [77.4728500441821, 28.630444332845524], [77.47162387923453, 28.626469928358837], [77.45940177794361, 28.630695725113007], [77.44755869419944, 28.631115512465744], [77.4404967641342, 28.625021376169492], [77.43986662928724, 28.619338038766557], [77.43265865651048, 28.61833778910891], [77.42998419292356, 28.61020531429399], [77.42263859253477, 28.60951002744058], [77.42163010386992, 28.613323219931683], [77.41726071417251, 28.614494423945466], [77.41724268791161, 28.618038396412256], [77.42648981365981, 28.625728972412986], [77.42193219254206, 28.63112568544908], [77.42211711757267, 28.634533104076652], [77.42737225899782, 28.638846459555836], [77.42498397726344, 28.648782964101795], [77.42648126383085, 28.654236494928472], [77.42257274504057, 28.65721195814262], [77.42126186873878, 28.668737987179387], [77.40828692168444, 28.67101404415347], [77.40485712844905, 28.678447256278705]], [[77.4246378037541, 28.69779177772055], [77.42297374083711, 28.694845958049633], [77.42641098385374, 28.693312964653554], [77.42807511158362, 28.696258736748014], [77.4246378037541, 28.69779177772055]]], [[[77.09453715212247, 28.792041331919137], [77.09050081319035, 28.798034837439975], [77.09195089701515, 28.805252295082113], [77.08860129064752, 28.80671171005487], [77.08500083947766, 28.803223610493266], [77.08856366570626, 28.79821217835879], [77.08371295886448, 28.79294577838111], [77.07253717262228, 28.789242886291355], [77.0711571212024, 28.784547373176515], [77.06207969170151, 28.77760661447799], [77.05677895121924, 28.776578548281403], [77.05425283143765, 28.772816096487354], [77.05488850759735, 28.764467044759556], [77.06496819365033, 28.765783564743852], [77.06744102036247, 28.76364884328642], [77.06286792676103, 28.75729323703723], [77.05720252188641, 28.758282162371813], [77.05421113059356, 28.762532399611956], [77.03684289673117, 28.762622850233992], [77.0367860915822, 28.766513899920195], [77.04257054301164, 28.77020202297573], [77.04385925058534, 28.775313417877395], [77.03924708285966, 28.788033972576972], [77.03386890593922, 28.79092986373035], [77.02781869903188, 28.790586038359944], [77.02590401368447, 28.799047816267986], [77.03094420828202, 28.80811367014652], [77.04224924049366, 28.805719707967544], [77.05260776303957, 28.81020782848185], [77.05580115323444, 28.809929956587627], [77.06463568791384, 28.79949627988599], [77.07395361881545, 28.80879691374079], [77.06770403078445, 28.81187564330658], [77.06717851026967, 28.817611749695033], [77.07690390395595, 28.818277328668938], [77.07747681477566, 28.812788046396243], [77.08018673621176, 28.81131279503462], [77.08555204525358, 28.811410516148445], [77.09592432111585, 28.816518855470623], [77.10008128791242, 28.810477665121443], [77.10164675356006, 28.79864693123907], [77.09953547549794, 28.794196260740655], [77.09453715212247, 28.792041331919137]]]]}}, {"type": "Feature", "properties": {"threshold": 95}, "geometry": {"type": "MultiPolygon", "coordinates": [[[[76.94549637004093, 28.680157130229638], [76.94730413101287, 28.691715616580666], [76.95235966076649, 28.699892519110552], [76.9662768261734, 28.698106521778683], [76.96900337498896, 28.69122606313762], [76.97451950219366, 28.69497010023627], [76.97786339071959, 28.692030346799587], [76.98098348670601, 28.692609462174982], [76.9816119539163, 28.6978635357098], [76.97384328599719, 28.70125150577161], [76.97713893091115, 28.70682858750305], [76.97591963625678, 28.712392247213398], [76.98094369505799, 28.713488567284887], [76.98634354002883, 28.712875480995663], [76.98160557512911, 28.698854464453493], [76.98590221615297, 28.69567417141129], [76.99261798920531, 28.695597669794306], [76.99853472799029, 28.699273305687008], [77.008074592247, 28.691918534259955], [77.02122050012447, 28.692804956250466], [77.02461285100075, 28.69577048139742], [77.03430979541601, 28.695069391351755], [77.03564351755577, 28.700768889247847], [77.0397812543633, 28.70099203252418], [77.04393747332546, 28.691794917152812], [77.04715812803022, 28.69246471940418], [77.05028772142477, 28.699274725677327], [77.05437745757351, 28.69908609561337], [77.05618113325384, 28.694162202492592], [77.05930478384543, 28.6935140243614], [77.06742381297421, 28.69991049466173], [77.06787609166194, 28.703235156380927], [77.05128515663598, 28.715156411514567], [77.04812947879802, 28.71373036770401], [77.048087029178, 28.708643810469876], [77.03152060853732, 28.711883961177758], [77.03015252261703, 28.702464395275804], [77.0269701767247, 28.700470316452122], [77.01651539967087, 28.703025944547164], [77.01721779187335, 28.70867862163313], [77.02172512318161, 28.712023624138627], [77.02184190917812, 28.717986270873666], [77.02974828083933, 28.720535601203572], [77.03329560080773, 28.7158083948893], [77.04988300923668, 28.716091899059958], [77.05421217688617, 28.72096995539919], [77.05362718302088, 28.725201749458577], [77.05869810257104, 28.728622284763155], [77.0700836947938, 28.722903101831786], [77.07726385132158, 28.72496885470803], [77.08561640255292, 28.73999978956457], [77.07171539018289, 28.74741035761999], [77.07499181253766, 28.755513026040795], [77.09508524897208, 28.75035840503792], [77.0984668218313, 28.751527656106656], [77.10033142586032, 28.757352265650045], [77.1080343038128, 28.75734772214222], [77.11459407741978, 28.75470578790579], [77.1192712142412, 28.747579778404646], [77.12294029293808, 28.74791523204417], [77.12777822275, 28.754791743480933], [77.1242108402044, 28.766309110408418], [77.1087082853365, 28.768254132867007], [77.10594891433203, 28.77161220844036], [77.10034558554723, 28.76914195496529], [77.09354228588839, 28.77013897532046], [77.09150849033938, 28.776187792425997], [77.09386301711393, 28.780837674956416], [77.08921548854117, 28.783549403425578], [77.08906819586218, 28.786312841195222], [77.09466674274239, 28.790263702827783], [77.09955598434084, 28.785727209840495], [77.09994602171236, 28.779476362708113], [77.10630822156855, 28.775140439901023], [77.11005638795599, 28.775822335836285], [77.11427059051303, 28.782061855338853], [77.12480121637363, 28.779652400406167], [77.12993387913588, 28.78197148949484], [77.1286483642714, 28.791442543529538], [77.12207019061971, 28.793843856201093], [77.1210202294579, 28.79834385679064], [77.12223773989261, 28.804965503905784], [77.13417961493026, 28.81188833131495], [77.1284153044235, 28.831524352340068], [77.1148127956856, 28.832887416836687], [77.11610737344625, 28.822053333622474], [77.10527287712404, 28.816415923480424], [77.0995637675441, 28.819693870303844], [77.09702941695693, 28.825638687118055], [77.09006705091501, 28.826213002316297], [77.08881558376522, 28.832073504610367], [77.0822899918673, 28.8364814597445], [77.07790224655477, 28.84649605629137], [77.0695562718767, 28.849000983571518], [77.06272652942816, 28.84811098507249], [77.06129391285519, 28.851919375656852], [77.06268746396405, 28.854188938549328], [77.06873843606273, 28.853349400586477], [77.07622519634728, 28.857937242392975], [77.08833952386429, 28.85538285763822], [77.0907322435891, 28.862039870430213], [77.09965709573437, 28.870776263913687], [77.10548812734645, 28.85920366780976], [77.10617006464054, 28.845430538317213], [77.10910802635087, 28.8432793721177], [77.11825479179211, 28.844308767367338], [77.12436945533067, 28.84742951948273], [77.12474714430239, 28.852426492740996], [77.12052062885114, 28.858592749281385], [77.11886653782776, 28.874703581085736], [77.11298533101201, 28.87926049492117], [77.11998934789437, 28.88209680847472], [77.12831047848123, 28.88035862842848], [77.12895802959646, 28.874835638128065], [77.13220672085397, 28.872750273770887], [77.13289777369323, 28.862444357104106], [77.13099501843413, 28.858378231825984], [77.13260660246398, 28.849164557119146], [77.12816604287251, 28.84418956321766], [77.13869980653585, 28.819232626616934], [77.14542890871357, 28.81578881303665], [77.15701908412396, 28.815855489186088], [77.16759853413697, 28.823962239958952], [77.16863730712947, 28.827612541186745], [77.17595542499241, 28.828698228984873], [77.17973393874648, 28.833085106695712], [77.1795464968861, 28.846783587424675], [77.19154460046654, 28.846338269271417], [77.19236853171489, 28.84122273645162], [77.18859698970493, 28.831828042842137], [77.18395180023887, 28.83159565060565], [77.18244008077802, 28.829130639680436], [77.18414101687945, 28.82679721683886], [77.19087417764986, 28.826477247344716], [77.19090806239701, 28.82228497834331], [77.17781406342414, 28.821129345234066], [77.17534484742703, 28.81452833217757], [77.16947461880171, 28.816894287650687], [77.163722563557, 28.81588496565615], [77.15571258807283, 28.8055847010062], [77.15440713297433, 28.79728616172254], [77.16634964590367, 28.794329934929426], [77.16736982076536, 28.789361607542332], [77.16034084535193, 28.786024183059702], [77.15546125445726, 28.789422905712215], [77.14551388611186, 28.786719937912014], [77.14425713718983, 28.784177691214065], [77.15217417568613, 28.77318828954807], [77.14950831121303, 28.76944904740218], [77.1509405946134, 28.764818720632608], [77.15918951448096, 28.759298717508265], [77.16903123765056, 28.760993635985955], [77.17463085956057, 28.75512231615093], [77.17801377666477, 28.74664828515082], [77.16783970520082, 28.742539246391193], [77.17348540414402, 28.738008374380215], [77.1866120809527, 28.735162184404583], [77.19235729034968, 28.740661802895037], [77.18604737120837, 28.74658998105649], [77.18872249308149, 28.75276327203294], [77.18583544232844, 28.759749873489948], [77.17954095984864, 28.761891283261498], [77.17164244420326, 28.77235632312358], [77.17084993346676, 28.7790231305357], [77.17343014820756, 28.781152026987314], [77.18121572734687, 28.77997161786373], [77.18062995096952, 28.775424073953907], [77.18817792806742, 28.764412819065775], [77.20019401838056, 28.761041727732938], [77.20024271819011, 28.75567056286146], [77.19642377376508, 28.751560846375188], [77.20251755498687, 28.74864542509686], [77.20458487052069, 28.743895210898103], [77.21130458610152, 28.741760267511612], [77.21952519645576, 28.745486162310122], [77.22275220618343, 28.742765513481043], [77.22279517494489, 28.73682347006873], [77.23380117974325, 28.717400480486912], [77.23060180347768, 28.690716492676373], [77.2346212403813, 28.67315992963817], [77.2336822481137, 28.664664793751285], [77.2395147324164, 28.66179407239457], [77.24134654718179, 28.654103472349693], [77.24701001620468, 28.653348123988607], [77.24995765579587, 28.6484935588295], [77.2611425731617, 28.642747641706972], [77.26016676280601, 28.635191880243312], [77.25575892660538, 28.630178679146265], [77.25657450635009, 28.624059001428922], [77.26955614934043, 28.626026413042116], [77.27389855724742, 28.635160029651512], [77.27004876988853, 28.637990230407045], [77.26449920231916, 28.651695600814605], [77.25473101396399, 28.659906539335513], [77.25424417021823, 28.664140343525954], [77.24439347781487, 28.670165188587028], [77.244357692885, 28.674625679560688], [77.24709181484698, 28.675974773163485], [77.25523900225723, 28.67500820501276], [77.25876486923025, 28.67181221980111], [77.26644733044454, 28.672643059880187], [77.27189744385767, 28.67486633784347], [77.27555576281074, 28.68225952621237], [77.28017943358967, 28.68347623196949], [77.27549443885312, 28.691100489217146], [77.27950853005181, 28.6993137321403], [77.28789295368293, 28.700567168415528], [77.28903260335306, 28.709461842658094], [77.28129053947025, 28.71490415301852], [77.28644626909878, 28.724917815517873], [77.2928097257462, 28.723684326819424], [77.29069560803953, 28.710985010703066], [77.29896091747058, 28.70325266902218], [77.33232866172462, 28.700116584007144], [77.33924529482537, 28.701557877783465], [77.34843850216292, 28.696475492779673], [77.35364990489498, 28.68506465750786], [77.36630090334329, 28.688138475330614], [77.36850051206008, 28.690943903074206], [77.37677497728673, 28.69160420366578], [77.3813750037159, 28.684802923938186], [77.38911559229773, 28.685150300682615], [77.40003048829634, 28.679991636726108], [77.40162384463427, 28.677914356266367], [77.39783500193283, 28.67148562804186], [77.39889431830716, 28.66680403188227], [77.39460344039102, 28.665975925095196], [77.38621461933022, 28.65861044637911], [77.38991092031108, 28.65421337581732], [77.38890302939694, 28.639001416488664], [77.39216501659048, 28.637652682849332], [77.3953916214518, 28.642308613327902], [77.40160319537884, 28.64235175202186], [77.40736866715302, 28.653709212832876], [77.40589357167512, 28.660137200021833], [77.40835580792287, 28.663860864620005], [77.41202953936066, 28.662575650235908], [77.4116793943567, 28.652243405435566], [77.41700326903855, 28.646598082674686], [77.41470116249864, 28.642929702476213], [77.4053949692027, 28.641668524577366], [77.40431353436739, 28.636384026097943], [77.39789873334334, 28.632675219679594], [77.40245196074068, 28.62613521099465], [77.40133655925477, 28.615767047543972], [77.38915422299227, 28.6024738127428], [77.39364010689597, 28.59977056151288], [77.40204212535143, 28.60348489953857], [77.4078288616156, 28.599999824153233], [77.40667246551389, 28.583648099476257], [77.40176373383596, 28.580281845922265], [77.39694859045113, 28.580311922133472], [77.39195903453432, 28.586194314395584], [77.38523355366752, 28.588923609095577], [77.37971909211646, 28.58627619916231], [77.38389942870802, 28.578736138742702], [77.39599168868533, 28.573415197735773], [77.392930894195, 28.55906324539954], [77.38362905684781, 28.55151261208825], [77.38753600984091, 28.548516463060185], [77.3965675289888, 28.552240935763304], [77.3996232750565, 28.557663617667284], [77.41006952925753, 28.559062633365745], [77.41732250927299, 28.546805714937797], [77.41571315370366, 28.540511472970366], [77.43182804325816, 28.532786006856647], [77.4260939138926, 28.526346244702125], [77.41431861248705, 28.525157846443996], [77.40919463920001, 28.518111850296254], [77.41635000605405, 28.513782701355826], [77.4185484355727, 28.5089339529733], [77.42941703182612, 28.506510516454387], [77.43214684016822, 28.502167654045003], [77.43012450734322, 28.49329764000073], [77.42666894014592, 28.48900652855987], [77.41710946275725, 28.493368090691167], [77.41264106395359, 28.490032207818608], [77.40213241846223, 28.493684100745952], [77.3922290308259, 28.491956014436905], [77.39003144738952, 28.49800692548909], [77.37389744940947, 28.496932873228012], [77.37126057563528, 28.50206629857883], [77.36052026892291, 28.505085523095715], [77.35518690337649, 28.5100015695879], [77.35451530087587, 28.51609329662413], [77.34754211927931, 28.521772362169806], [77.3460381257457, 28.526976449361875], [77.32933834595485, 28.540644310397198], [77.31819370140602, 28.54555368997369], [77.32006760550141, 28.558898286714438], [77.31166277805501, 28.563393714905853], [77.29959444419632, 28.579234083616882], [77.28443768232042, 28.60670612816966], [77.28036045363042, 28.608951822664938], [77.27145829945071, 28.605061053552923], [77.26765042916146, 28.617331994644996], [77.25902375559129, 28.619581915191823], [77.2567067144754, 28.616966309383496], [77.2595420556546, 28.604466005847037], [77.25811595006866, 28.594451036332682], [77.2603743703201, 28.59138090051854], [77.26789538602677, 28.590713808818933], [77.26958242488843, 28.57799748969985], [77.27805910995237, 28.57313203754521], [77.28733420500836, 28.572826109077422], [77.29452568674367, 28.567105703603687], [77.29474060760236, 28.556902678559847], [77.30327895683375, 28.54309267937445], [77.31231928853379, 28.542846702743624], [77.31593062456967, 28.536561351723527], [77.32287503836638, 28.532366434801766], [77.32269628808078, 28.527461772732604], [77.33147187774999, 28.518797469842657], [77.34629797637625, 28.51391292741813], [77.34150798258062, 28.503194054239163], [77.33368157229279, 28.501498004460068], [77.32863730220085, 28.506009035793888], [77.32893156872439, 28.516409270548056], [77.316388272232, 28.516862042860343], [77.31611594007913, 28.49853764202185], [77.31043826606191, 28.492143507211992], [77.31829285140438, 28.483562700324246], [77.32003511944417, 28.477896521625144], [77.32306818381552, 28.451184116416943], [77.33044464826247, 28.431090413827892], [77.32914606565109, 28.42570874712913], [77.30555490985147, 28.423622102572242], [77.3011883359848, 28.43026931705243], [77.29023121196711, 28.432809803534685], [77.2948921030616, 28.45268815486863], [77.29091562465089, 28.4571017186003], [77.28390629136594, 28.455184680563132], [77.28111199063406, 28.462755356264903], [77.2849842005694, 28.47248803477111], [77.29045931238207, 28.473008796545713], [77.29188470725092, 28.475436939208155], [77.28421214175327, 28.47946623978296], [77.28582704245385, 28.48681899100221], [77.27909308306607, 28.488155876218823], [77.27920580235248, 28.493401214391618], [77.2837118943836, 28.498391934930574], [77.27331537690246, 28.503702474741562], [77.27857290462241, 28.511750159862217], [77.27672663851719, 28.518619874239707], [77.26953474414458, 28.52443710224255], [77.2570307943873, 28.51732985885054], [77.25560348732613, 28.51310765754096], [77.26008148902434, 28.509239138073823], [77.26002251885838, 28.504137894386446], [77.25710311310249, 28.496924418297617], [77.25040487613555, 28.491645184645495], [77.24936864659283, 28.485879392966613], [77.23806724871935, 28.488655132517607], [77.23122059261645, 28.482298892572967], [77.20491936642351, 28.49209741690882], [77.20278477753891, 28.49881416333649], [77.19421451348524, 28.50251140972795], [77.18634404806711, 28.475518108140264], [77.17957638734376, 28.46992733083089], [77.16255265681889, 28.472098742706596], [77.16062197523792, 28.460471213102995], [77.14941084696235, 28.455756072270088], [77.15000885890917, 28.44454274083], [77.15909284474114, 28.43094815303485], [77.1496378134147, 28.427708520149487], [77.14294210033748, 28.431096285201054], [77.14076207342067, 28.435029080634553], [77.13256802341508, 28.431951024541043], [77.1314077397731, 28.43760274578858], [77.14041626151435, 28.446266700282266], [77.13982839513953, 28.461594013601964], [77.14819215940399, 28.470276083463688], [77.15874414429304, 28.47330238684944], [77.15683486002833, 28.482744789570752], [77.15845744387326, 28.491087301671836], [77.15330373596552, 28.49273850642156], [77.14880421499429, 28.48393721973734], [77.14249605121965, 28.482270266367454], [77.13498658861019, 28.471454831637455], [77.1279071309483, 28.47250938698262], [77.12607258101087, 28.4795169437667], [77.13936276191546, 28.49464492594571], [77.14083197839817, 28.500609393888023], [77.15116170996161, 28.502952398744696], [77.15934988469924, 28.501015766284475], [77.16259540280929, 28.50404902120825], [77.15182735530514, 28.520053989555837], [77.14264370104034, 28.5232225376565], [77.13155412994526, 28.522889693839307], [77.13536797909674, 28.533507393464035], [77.12626463276014, 28.537078917904804], [77.11511951895253, 28.534164525707144], [77.11360832140294, 28.530153867408323], [77.1050083465549, 28.524975565585766], [77.10566997677765, 28.522110287969888], [77.11231478461967, 28.518776667190917], [77.12125588034056, 28.517160708238258], [77.12097525442447, 28.509767838204432], [77.11660766693254, 28.510733650436404], [77.10693353368232, 28.50758701898982], [77.1030052461255, 28.513718184393152], [77.10513910157778, 28.521196807388588], [77.096183478892, 28.521616138959327], [77.09403457642333, 28.519660648265315], [77.09709537314392, 28.50725677937202], [77.10957437738355, 28.49860232331907], [77.11034317682805, 28.485595585317704], [77.11639927142032, 28.48192220106526], [77.10946413902914, 28.47748269143003], [77.10996296830838, 28.468455525872105], [77.10396193475766, 28.462413364904773], [77.10443443511068, 28.45534969252173], [77.10091273656165, 28.452638910652684], [77.10513986901185, 28.44809936648334], [77.10530431263744, 28.44155689630091], [77.11241994766658, 28.440645225816205], [77.11547144884415, 28.437851465403394], [77.11246279029913, 28.42851993030937], [77.09904926471843, 28.431004463034142], [77.09832285438893, 28.440849913399436], [77.09137377790317, 28.442385756149154], [77.0863742957511, 28.446530027023577], [77.08424178886436, 28.442116792122505], [77.08981022456577, 28.440478336660565], [77.09251217579006, 28.432890297454268], [77.08827798339584, 28.430998408578855], [77.08266085019568, 28.433310054276625], [77.0758982306032, 28.43165484768247], [77.06985158954369, 28.422773675347404], [77.06143134717605, 28.422125480489285], [77.0501521650567, 28.42842008826008], [77.03587069083349, 28.424896196597558], [77.03026364561474, 28.42931737520241], [77.0301445583825, 28.441504918214232], [77.02609048994417, 28.442795932786527], [77.01841445161293, 28.429075196817134], [77.00521482971105, 28.42581466070918], [77.00136039670757, 28.421470026567278], [76.99111954038766, 28.42164578186867], [76.98891620342998, 28.426348154841445], [76.99268937086782, 28.43922964352637], [76.99044160615517, 28.440982317097255], [76.98492268001188, 28.439869215823084], [76.98715527556752, 28.451655515963783], [76.9817222781374, 28.453823024795046], [76.97902023006641, 28.45993575924256], [76.98597421751006, 28.46176398344799], [76.99263873561516, 28.470996801097318], [76.99843636185697, 28.472401454843848], [76.99480511711202, 28.47770508383097], [76.98751490034627, 28.475359392356435], [76.98643501321271, 28.480779713259608], [76.99664753731146, 28.484070511515526], [76.9991556629968, 28.496391883157386], [77.00611655111639, 28.49916247496855], [77.01474239610677, 28.507760395630516], [77.01765250519051, 28.522918265104273], [77.0156557815853, 28.532619659620927], [77.02324557467654, 28.53173078280833], [77.02600854970665, 28.518035692996087], [77.03079902327337, 28.518414810186496], [77.03513746342144, 28.524045542981895], [77.04463189354611, 28.526439196443878], [77.045316230001, 28.51660313012865], [77.05087050376879, 28.515188853865347], [77.05315211236686, 28.509555539217924], [77.05638088160964, 28.508789018864164], [77.07533490501149, 28.524341537500906], [77.07901349942146, 28.531781425676677], [77.08678410503603, 28.53257330336081], [77.09072041203895, 28.53945748788833], [77.09628383559472, 28.53612370807202], [77.11254302221332, 28.537775939200113], [77.11244338679896, 28.54335313098743], [77.10116853007216, 28.54675937564975], [77.10030941493264, 28.554336727032275], [77.10553949579383, 28.556432727949478], [77.11495634482098, 28.554000002681516], [77.12046260165596, 28.557556973612986], [77.11996219832717, 28.5737333676598], [77.11137335471736, 28.57777306699337], [77.11577222329599, 28.588134232126436], [77.11514931106633, 28.598197118272846], [77.11237763182189, 28.601309550680348], [77.1085725949974, 28.601229605073083], [77.10705968668144, 28.595492588023774], [77.09572549173103, 28.58741614127049], [77.09652003934926, 28.58404716738237], [77.1034137375516, 28.582368290788562], [77.10425624741855, 28.578028713332888], [77.1013387084585, 28.573078531863626], [77.090010362634, 28.57219864183812], [77.0826367166653, 28.574633422556264], [77.08005803178301, 28.572952850366846], [77.08136461016778, 28.567686543157482], [77.09064449897139, 28.565689142415764], [77.0931906716446, 28.558522134460414], [77.09075395663983, 28.556667879353363], [77.08125609118747, 28.557388437085837], [77.07664436543669, 28.549911948572642], [77.06736902066932, 28.550873529431207], [77.06365083564656, 28.554633793231773], [77.05986848464632, 28.553556245640706], [77.05925597804398, 28.548700326168742], [77.06668169465262, 28.54561496254648], [77.06649835101865, 28.535154815115632], [77.05540967502664, 28.52629536348611], [77.0518020915386, 28.526349923310423], [77.04459966949901, 28.532168829292935], [77.04513345416204, 28.539482650644622], [77.0412804051613, 28.542306528481806], [77.04124959798592, 28.545851168569296], [77.04727943213352, 28.548770817059705], [77.05356559619858, 28.548239964984024], [77.05463914318719, 28.55397093130853], [77.0398823104901, 28.560951066356928], [77.03845916950655, 28.580873054164847], [77.02479231066809, 28.58417815019657], [77.02296213172832, 28.590392678046758], [77.01242285366268, 28.596963255018196], [77.00978134491349, 28.595461556190177], [77.0096038573136, 28.59081214948591], [77.01643235138602, 28.586862021853563], [77.01500692795895, 28.581148516736807], [77.00612883363468, 28.58480771780154], [77.0004678625383, 28.58287172671719], [76.9850199100292, 28.58816639392024], [76.97909550669443, 28.584037732937276], [76.97491183239096, 28.584040718742997], [76.97377078326181, 28.59267215650451], [76.96338930591124, 28.595214181958433], [76.95362436748759, 28.60765002887316], [76.95854018528408, 28.6127617169723], [76.95744012680282, 28.61799024462593], [76.96317630370596, 28.624206685494485], [76.95582086109718, 28.62906461925081], [76.95892732084599, 28.6353190114316], [76.96494619005124, 28.635328849989858], [76.97046298348096, 28.632002542812582], [76.97793417789231, 28.622257708007133], [76.98246990519078, 28.623690691786326], [76.98404989646644, 28.63023672987789], [76.98858526647552, 28.62657999951995], [77.0014494301373, 28.63016810693128], [77.01271407889107, 28.62865090010395], [77.01592783272783, 28.633161476443746], [77.00630158119276, 28.638924136683723], [77.00639407729186, 28.643783656124107], [77.03178872103166, 28.652754654562592], [77.03614923421512, 28.663738636040858], [77.04650500208486, 28.658998366419294], [77.04874813653284, 28.66156429299311], [77.04750173481517, 28.666512063726202], [77.03820693013644, 28.67232963245085], [77.02514477957062, 28.67199174632738], [77.01773761489017, 28.65743863058022], [77.0133986696806, 28.65716332804224], [77.00300675806264, 28.66026401221102], [77.00620310167574, 28.667056433631437], [77.0184540172843, 28.67207265570088], [77.00962821322814, 28.680325667190626], [76.99168696980293, 28.68187606253339], [76.98047617534007, 28.673343182637186], [76.98099511847433, 28.663842661808385], [76.97499642859223, 28.665186399375358], [76.97415581279607, 28.66882292677465], [76.97831210560206, 28.67325742753004], [76.97538553946369, 28.676396914609153], [76.96071685829456, 28.677410232286014], [76.95804407010098, 28.67366675324293], [76.95475999121918, 28.673542442940274], [76.94728452219866, 28.675373966566767], [76.94549637004093, 28.680157130229638]], [[77.37589598291486, 28.539645296883297], [77.37738640541687, 28.53652794467873], [77.38390296618284, 28.536499172000234], [77.38811685124728, 28.543560829062702], [77.38415376641602, 28.54599070155345], [77.37589598291486, 28.539645296883297]], [[77.34353896480134, 28.625555876449177], [77.34550681517013, 28.61482675873442], [77.35246805408671, 28.613945784579435], [77.35098461945518, 28.6290863011655], [77.34545134640554, 28.629740863121075], [77.34353896480134, 28.625555876449177]], [[77.26846828556597, 28.620794200626946], [77.26962105449529, 28.61719660986494], [77.27468722715493, 28.61895753363875], [77.27222434819757, 28.6229850987173], [77.26846828556597, 28.620794200626946]], [[77.24774422210008, 28.596547435305823], [77.25286706103942, 28.596352161535695], [77.25115441865822, 28.60138227426593], [77.24748147868966, 28.60055757009034], [77.24774422210008, 28.596547435305823]], [[77.24455248323393, 28.5192878328477], [77.24846284187224, 28.517207844772482], [77.2503422555627, 28.522387098445478], [77.24586533513067, 28.523835436675313], [77.24455248323393, 28.5192878328477]], [[77.19715354239509, 28.73769796917211], [77.19799795237127, 28.72968030614522], [77.20398636611034, 28.729090598653425], [77.20303301856353, 28.740072581064737], [77.19846631565544, 28.740995864826072], [77.19715354239509, 28.73769796917211]], [[77.18640013244084, 28.553602039719447], [77.19310541295532, 28.54940389069575], [77.19616663474932, 28.55563397924275], [77.19097900308435, 28.558249419547312], [77.18640013244084, 28.553602039719447]], [[77.18542296472748, 28.718996730631908], [77.1876462816261, 28.71482754911078], [77.19265801827358, 28.71563436212935], [77.19636230210828, 28.71223578756197], [77.19916304265669, 28.713497585852505], [77.19555523716201, 28.727918285644364], [77.18812186749538, 28.728320804094782], [77.18542296472748, 28.718996730631908]], [[77.1199930709731, 28.578335681739567], [77.12193148444966, 28.574812090568766], [77.1340969313564, 28.577067474827285], [77.13595613420402, 28.57973185014881], [77.13432800306343, 28.584141693517115], [77.1370307925053, 28.586202546801744], [77.14264986389973, 28.58601977610513], [77.15346652094738, 28.577886963705417], [77.15882986050279, 28.579072494623812], [77.1620890031502, 28.587263795954442], [77.15903742351317, 28.590433824944338], [77.16136176243344, 28.60576216914007], [77.16962485751071, 28.602470175198402], [77.16879458317241, 28.59415314147669], [77.17419238785378, 28.591206177030028], [77.1778487502784, 28.593746885191035], [77.17811528339058, 28.610869316379908], [77.19648234959168, 28.613623649670494], [77.19172582804764, 28.630641094917028], [77.17264668136049, 28.627598906115008], [77.16983285307833, 28.637819174808627], [77.15875730209933, 28.640268419449583], [77.15555831980446, 28.647163019413444], [77.15054597679212, 28.647590813264866], [77.14697749480952, 28.64086376437185], [77.1497426329577, 28.632880924757522], [77.16380983138642, 28.628321516297547], [77.1666391128315, 28.62190602805483], [77.16396524595704, 28.61991680622848], [77.1449499689303, 28.62181189257397], [77.1424233215573, 28.615794425298084], [77.14325568903655, 28.598155014211468], [77.13930643040898, 28.59682090577866], [77.13820971864418, 28.59165170927372], [77.12545053199217, 28.593008366915093], [77.1199930709731, 28.578335681739567]], [[77.15807401106828, 28.53853925335303], [77.15618223517133, 28.534051206252133], [77.16988583146161, 28.529527333811703], [77.18019050879458, 28.509671910268978], [77.19082874481376, 28.508232721575922], [77.19288743401124, 28.518536496866258], [77.18582305081067, 28.522277811320656], [77.18632544539652, 28.534075966718795], [77.17305044303781, 28.540260973340683], [77.17489554572464, 28.5481565646123], [77.16722258818923, 28.55141904076697], [77.16353768056464, 28.550478764775825], [77.16238196527193, 28.54282777808928], [77.15807401106828, 28.53853925335303]], [[77.18612386951641, 28.58774048287382], [77.18920919295253, 28.590628689867298], [77.18494581685398, 28.59270439209034], [77.1829705692476, 28.589912548976127], [77.18612386951641, 28.58774048287382]], [[77.1274147484291, 28.56097276026637], [77.12783803088804, 28.55764836782202], [77.13712232003962, 28.553906992220742], [77.13701540696633, 28.547180741547763], [77.1339866437279, 28.54403451119799], [77.135417417973, 28.54156607474067], [77.14290598653945, 28.542993088881733], [77.14552529386386, 28.5479852037589], [77.15115376871535, 28.545122240395976], [77.15475334782391, 28.547718610333437], [77.14787168293721, 28.559498174670658], [77.14802510393584, 28.564598145672804], [77.15213268711076, 28.569152323704866], [77.15023845831935, 28.57258411551651], [77.13723712953777, 28.575052360465463], [77.13594337759513, 28.572286062611127], [77.14091524454751, 28.569434826896526], [77.14080624993765, 28.564051924652492], [77.13817249332894, 28.56213006019649], [77.13056184118521, 28.564053089187674], [77.1274147484291, 28.56097276026637]], [[77.12313972359095, 28.614527979637913], [77.12259000919069, 28.611615008051235], [77.12587898622061, 28.61013221840401], [77.13231472224949, 28.611789014211116], [77.13312280426139, 28.616219252724054], [77.12731898694678, 28.61915547275247], [77.12313972359095, 28.614527979637913]], [[77.0995068034957, 28.746138819101695], [77.09802615123535, 28.740601060759374], [77.10477782016046, 28.739945741444842], [77.1046192955977, 28.74636387580606], [77.0995068034957, 28.746138819101695]], [[77.08627518334119, 28.521300362398303], [77.08502769583254, 28.518753391215082], [77.08747357132678, 28.516939199720188], [77.09346645259568, 28.52075735671818], [77.08918089117044, 28.52343655821563], [77.08627518334119, 28.521300362398303]], [[77.0599293933398, 28.65850494141157], [77.06273940825999, 28.645324261039153], [77.07023682490319, 28.652358165314823], [77.08069854948495, 28.651388296874302], [77.08298195538015, 28.653341681046975], [77.07783049243069, 28.658146725447878], [77.07077846692177, 28.676424719971926], [77.06078655351163, 28.675055984110944], [77.05772784752097, 28.66475217804925], [77.0599293933398, 28.65850494141157]], [[77.05759519980032, 28.568029107833265], [77.06634298620124, 28.571589124110464], [77.06667161549353, 28.574827188115794], [77.06110842661712, 28.577250852454956], [77.05732470571058, 28.576245937711548], [77.05468326870758, 28.570752247075337], [77.05759519980032, 28.568029107833265]], [[77.02421743974644, 28.493543136754518], [77.02273971078326, 28.487675740841173], [77.02974691619052, 28.474663726178086], [77.03478044974777, 28.475118180586133], [77.03969469924733, 28.4828824110904], [77.04724012273363, 28.483588955195962], [77.05158392677292, 28.480727866548257], [77.05602773825952, 28.484241677175923], [77.05424305980885, 28.4912036370723], [77.05666866349046, 28.49639951156667], [77.05277221023769, 28.504634702459164], [77.04326307373837, 28.500774235347702], [77.03669400647914, 28.500979124672646], [77.02421743974644, 28.493543136754518]], [[77.04583607791324, 28.653554581751262], [77.04806394269846, 28.65638924202935], [77.04448089264889, 28.65843991320823], [77.04255234543744, 28.65527490864829], [77.04583607791324, 28.653554581751262]]], [[[77.40485712844905, 28.678447256278705], [77.40526594327646, 28.68603087457206], [77.39691774705005, 28.690328622575898], [77.40093357607057, 28.698764428942614], [77.41281287000581, 28.695757989689586], [77.41511898601534, 28.69927505648309], [77.41311688597884, 28.7051571474591], [77.41745431796579, 28.707952167349735], [77.4229918998584, 28.70480372400653], [77.4327302490078, 28.706872774789392], [77.44135113159734, 28.70122490417752], [77.45846528722004, 28.716739675282597], [77.45458794688966, 28.722388561594176], [77.44796895586124, 28.723272987367192], [77.44998692602587, 28.729643434640163], [77.45635689221011, 28.728848102608186], [77.46243968090552, 28.721983762257622], [77.46852807215795, 28.729356989117772], [77.47417663894065, 28.729922378686258], [77.46776532602574, 28.71521968106678], [77.46316329165522, 28.71404121481168], [77.4632214042082, 28.709095815804826], [77.45676445542483, 28.703295772006513], [77.45770501461278, 28.694743791544152], [77.45506388634804, 28.689710321850914], [77.45801583533658, 28.67681204906229], [77.46420605498547, 28.67320203805326], [77.46364106742348, 28.666689780523757], [77.47437537067748, 28.656723767688963], [77.47327290217335, 28.64846524417761], [77.46576926245947, 28.63892613209026], [77.4728530347521, 28.628445943191473], [77.46830527563056, 28.624806994507995], [77.46353340543834, 28.629419417663286], [77.45095318946935, 28.63045145362383], [77.44907615621803, 28.627687346098032], [77.4530394808408, 28.621376782583745], [77.44402525312775, 28.623135056197974], [77.44141490755871, 28.61917500654619], [77.43278968056478, 28.61838509464175], [77.43383848574142, 28.611919471631406], [77.44552198168648, 28.61353975659277], [77.4472974210912, 28.607431032132755], [77.4264413900749, 28.6015116015382], [77.41805073438084, 28.61060100113472], [77.4173506757063, 28.621288563327646], [77.42414445485984, 28.625825113431873], [77.4220256199664, 28.634321140253522], [77.42737225899782, 28.638846459555836], [77.42498397726344, 28.648782964101795], [77.426526603177, 28.654011653756356], [77.42257274504057, 28.65721195814262], [77.4214220418892, 28.668558552238338], [77.40828692168444, 28.67101404415347], [77.40485712844905, 28.678447256278705]], [[77.4246378037541, 28.69779177772055], [77.42297374083711, 28.694845958049633], [77.42641098385374, 28.693312964653554], [77.42807511158362, 28.696258736748014], [77.4246378037541, 28.69779177772055]]], [[[77.09453715212247, 28.792041331919137], [77.09050081319035, 28.798034837439975], [77.09195089701515, 28.805252295082113], [77.08860129064752, 28.80671171005487], [77.08500083947766, 28.803223610493266], [77.08856366570626, 28.79821217835879], [77.08371295886448, 28.79294577838111], [77.07253717262228, 28.789242886291355], [77.0711571212024, 28.784547373176515], [77.06207969170151, 28.77760661447799], [77.05677895121924, 28.776578548281403], [77.05425283143765, 28.772816096487354], [77.05488850759735, 28.764467044759556], [77.06496819365033, 28.765783564743852], [77.06744102036247, 28.76364884328642], [77.06286792676103, 28.75729323703723], [77.05720252188641, 28.758282162371813], [77.05421113059356, 28.762532399611956], [77.03684289673117, 28.762622850233992], [77.0367860915822, 28.766513899920195], [77.04257054301164, 28.77020202297573], [77.04385925058534, 28.775313417877395], [77.03924708285966, 28.788033972576972], [77.03386890593922, 28.79092986373035], [77.02781869903188, 28.790586038359944], [77.02590401368447, 28.799047816267986], [77.03094420828202, 28.80811367014652], [77.04224924049366, 28.805719707967544], [77.05245675613799, 28.81020359525408], [77.05573834373561, 28.809981866393727], [77.05797198169006, 28.805516133653892], [77.06579635310896, 28.80109672969768], [77.07398012228515, 28.809028905046752], [77.06770403078445, 28.81187564330658], [77.06717851026967, 28.817611749695033], [77.07690390395595, 28.818277328668938], [77.07747681477566, 28.812788046396243], [77.08044603791289, 28.81130879735502], [77.08763349377328, 28.812314825135047], [77.09593985836851, 28.81729455271472], [77.10008128791242, 28.810477665121443], [77.10164675356006, 28.79864693123907], [77.09953547549794, 28.794196260740655], [77.09453715212247, 28.792041331919137]]]]}}]}