{"type": "Feature", "properties": {"city": "Johannesburg", "country": "South Africa", "real_area": 1630.43}, "geometry": {"type": "MultiLineString", "coordinates": [[[27.8445548037463, -26.3813543430739], [27.8388877283459, -26.3819961637756], [27.8367140526789, -26.3866019404111], [27.8402075997891, -26.3905659211592], [27.8380338647836, -26.395171391746], [27.8415275759906, -26.3991350746174], [27.8471950982156, -26.3984932703243], [27.8506890494955, -26.4024566386031], [27.8563566641995, -26.4018144949271], [27.8598508553887, -26.4057775484505], [27.8576773560975, -26.4103827622075], [27.8611717113832, -26.4143455173952], [27.86683964164, -26.413703042238], [27.8703342366657, -26.4176654823639], [27.8760022587932, -26.4170226675676], [27.8781754625384, -26.4124174047809], [27.8746807920213, -26.4084549812558], [27.8768539365426, -26.4038494121098], [27.8825216036824, -26.4032062420628], [27.8846945410795, -26.3986003422616], [27.881199959268, -26.3946376369592], [27.8755325153966, -26.3952808147891], [27.8720381730152, -26.3913177945312], [27.8663708208314, -26.3919606329668], [27.8628767180437, -26.387997297916], [27.8650498918665, -26.383391141119], [27.8615559531355, -26.3794275081028], [27.855888916252, -26.3800700152245], [27.8523952172842, -26.3761060677218], [27.8467282726963, -26.3767482357055], [27.8445548037463, -26.3813543430739]], [[28.410430152825, -26.2375296375831], [28.4125908461311, -26.2329089379215], [28.4090884723536, -26.228953360943], [28.4034254712607, -26.2296184645782], [28.4012646234824, -26.2342391438152], [28.4047669312387, -26.2381947398474], [28.410430152825, -26.2375296375831]], [[28.1599223205442, -25.9608085570201], [28.1620853527535, -25.9561815046807], [28.1585922778534, -25.952211542671], [28.152936240943, -25.9528686136972], [28.150773057859, -25.9574956426047], [28.1542660625296, -25.9614656239236], [28.1599223205442, -25.9608085570201]], [[28.1704149591885, -25.6748512978135], [28.1682548597488, -25.6794887787318], [28.1717437950053, -25.6834667409681], [28.1773928994797, -25.6828072018017], [28.179552848202, -25.6781696967356], [28.1760638431975, -25.6741917549781], [28.178223734094, -25.6695539588934], [28.1747348917003, -25.665575729825], [28.1690862281456, -25.6662352763378], [28.1669261865605, -25.6708730482359], [28.1704149591885, -25.6748512978135]], [[28.1953401091062, -25.7245560381535], [28.1918500587026, -25.7205798443158], [28.1861999909019, -25.7212397014515], [28.1840397530495, -25.7258757488996], [28.1783895460812, -25.7265352698468], [28.1762290995122, -25.7311710013516], [28.1705787535795, -25.7318301859772], [28.1670890748138, -25.7278536428184], [28.1692496721516, -25.7232179353191], [28.1657601560873, -25.7192411039056], [28.1601101126108, -25.7198999597348], [28.1566208292104, -25.7159228199505], [28.1509708679078, -25.7165813433306], [28.1488099693973, -25.7212170025483], [28.1522991826848, -25.7251941625774], [28.1579493646259, -25.7245356431384], [28.1614388107343, -25.7285124948141], [28.1592780048366, -25.7331478861377], [28.162767613664, -25.7371244495283], [28.1606067498534, -25.7417595486039], [28.1549561266019, -25.7424180601861], [28.151466587852, -25.7384414766112], [28.1458160469534, -25.7390996554951], [28.1423267411749, -25.7351227634378], [28.1366762829144, -25.7357806096968], [28.13451490972, -25.7404153438767], [28.1380041451244, -25.7443922560534], [28.1358427139304, -25.7490266977656], [28.1393321121068, -25.7530033215665], [28.1449830118638, -25.7523454835604], [28.148472643162, -25.7563217987502], [28.1541236254865, -25.7556636279042], [28.1576134897429, -25.7596396343195], [28.1632645543494, -25.7589811305603], [28.1654255339861, -25.7543466164842], [28.1710764599417, -25.7536877759387], [28.174566626878, -25.7576634532748], [28.1802176345803, -25.757004279777], [28.1837080339903, -25.7609796479946], [28.189359123154, -25.7603201414716], [28.1928497548739, -25.7642952004074], [28.1985009252135, -25.7636353607861], [28.2019917890795, -25.767610110277], [28.2076430403095, -25.7669499374843], [28.2098032071488, -25.7623150118276], [28.2154543185248, -25.7616545025193], [28.2176142762825, -25.7570192606863], [28.2232652476013, -25.7563584149959], [28.2254249962137, -25.7517228571676], [28.2310758272722, -25.7510616752286], [28.2345671300534, -25.7550360541971], [28.2324075329681, -25.7596716354511], [28.2358989984148, -25.7636457249665], [28.241550129658, -25.7629842128531], [28.2450418264443, -25.7669579924004], [28.2506930372213, -25.7662961469665], [28.2528523308878, -25.7616605191323], [28.2493605655778, -25.7576867599712], [28.2437095750947, -25.7583486082639], [28.240218040967, -25.7543745391177], [28.2423774287506, -25.749738642101], [28.2480281989509, -25.7490767909413], [28.2501873773692, -25.7444405783428], [28.2466959373297, -25.7404662402205], [28.2410453874012, -25.7411280942556], [28.2375541785578, -25.7371534464398], [28.2319037082702, -25.7378149674763], [28.2297442265488, -25.7424511333402], [28.2240936158445, -25.7431123183609], [28.2206027072351, -25.7391373406019], [28.2149521767072, -25.7397981926621], [28.211461499779, -25.7358229055526], [28.2058110497128, -25.7364834247252], [28.2023206046298, -25.7325078284284], [28.2044805403945, -25.7278717333432], [28.2101307700462, -25.7272112108659], [28.212290496845, -25.7225748001215], [28.2179405866264, -25.7219139416583], [28.2201001043956, -25.7172772154358], [28.2166096837037, -25.7133013713411], [28.2109598142789, -25.7139622330183], [28.2074696252885, -25.7099860800112], [28.2018198364323, -25.710646609123], [28.1983298793073, -25.7066701473669], [28.192680171305, -25.7073303439862], [28.1905202000303, -25.7119669989273], [28.1940100877746, -25.7159434811054], [28.1996600162046, -25.7152832879149], [28.2031501359713, -25.719259461361], [28.2009902579751, -25.7238958483836], [28.1953401091062, -25.7245560381535]], [[28.1966702353109, -25.7331680147862], [28.1945100906442, -25.7378037940313], [28.1888595818613, -25.7384636441361], [28.185369438272, -25.7344877185014], [28.1875297339507, -25.7298519630813], [28.1931800222369, -25.7291921094653], [28.1966702353109, -25.7331680147862]], [[27.7005710069192, -26.2318482414882], [27.7027458114572, -26.2272388378293], [27.6992576973982, -26.2232666581535], [27.6935948571929, -26.2239038654476], [27.6914199073446, -26.2285132425784], [27.6949079429814, -26.2324854389489], [27.7005710069192, -26.2318482414882]], [[28.258103216715, -26.0368637710011], [28.2602650221746, -26.0322379766588], [28.2567688083414, -26.02827261344], [28.2511108575816, -26.0289330252329], [28.2489488998826, -26.033558797228], [28.2524450451524, -26.0375241797831], [28.258103216715, -26.0368637710011]], [[28.3798459646855, -25.764258705921], [28.3820026240893, -25.7596209845113], [28.3785083858167, -25.7556501467528], [28.3728575543806, -25.7563170095891], [28.3707007415595, -25.7609547088786], [28.3741949135616, -25.7649255674577], [28.3798459646855, -25.764258705921]], [[28.3684099138402, -26.1900502342752], [28.370570994503, -26.1854284132593], [28.3670701909789, -26.181470365173], [28.3614083734901, -26.1821341190075], [28.3592471389601, -26.1867559190939], [28.3627478757558, -26.190713986281], [28.3684099138402, -26.1900502342752]], [[28.4037228083398, -26.1946422460068], [28.4058832149806, -26.1900200415292], [28.4023816567491, -26.1860629668566], [28.3967197579591, -26.1867280774698], [28.3932184289348, -26.182770684548], [28.3875566051847, -26.1834354563193], [28.385395890014, -26.1880576194883], [28.388897152767, -26.1920150315908], [28.3945591969923, -26.1913502613378], [28.3980606891111, -26.1953073552079], [28.4037228083398, -26.1946422460068]], [[28.4274196745179, -26.2355329701034], [28.4295800012391, -26.2309119284958], [28.4260773327347, -26.2269566897585], [28.420414403201, -26.2276224735184], [28.4182539217929, -26.2322434948428], [28.4217565245751, -26.2361987526963], [28.4274196745179, -26.2355329701034]], [[28.165597618135, -25.6622567395959], [28.1677576018656, -25.6576186768865], [28.1642691544613, -25.6536398531571], [28.1586207932364, -25.6542990716203], [28.1564606589675, -25.6589371100138], [28.1599490364315, -25.6629159542657], [28.165597618135, -25.6622567395959]], [[28.1832114611198, -25.8880686559618], [28.1853733094628, -25.8834385507258], [28.1818809327184, -25.8794669151072], [28.1762267773775, -25.8801253650554], [28.1740647779609, -25.8847554468367], [28.1775570849285, -25.8887271021301], [28.1832114611198, -25.8880686559618]], [[27.8036837688898, -26.1153938826648], [27.8058553993776, -26.1107783723218], [27.8023670208365, -26.1068049679718], [27.8045385920235, -26.1021891569234], [27.8010503771884, -26.0982154604241], [27.795390667696, -26.0988575574528], [27.7932189500456, -26.1034733424477], [27.7967070883204, -26.107447056473], [27.7945353113406, -26.1120625408005], [27.7980236133383, -26.116035962648], [27.8036837688898, -26.1153938826648]], [[27.8460350184181, -26.5032004127798], [27.848209672534, -26.498598959891], [27.8447142314493, -26.4946385487363], [27.8390442122934, -26.4952795742975], [27.8368694106149, -26.4998810027221], [27.8403647756243, -26.5038414300553], [27.8460350184181, -26.5032004127798]], [[28.274124333909, -26.1399113181388], [28.2762868322678, -26.1352891103682], [28.2727886611835, -26.131327297799], [28.2671280600577, -26.1319876740189], [28.2649654091107, -26.136609859893], [28.2684635118473, -26.1405716914495], [28.274124333909, -26.1399113181388]], [[28.3067518218015, -26.1273602919454], [28.3089135357105, -26.1227370981661], [28.3054149295329, -26.1187756589043], [28.2997546771849, -26.1194373942845], [28.2975928102867, -26.1240605664122], [28.3010913486952, -26.128022024817], [28.3067518218015, -26.1273602919454]], [[28.1363076436706, -25.919788187259], [28.1397997626831, -25.9237596485939], [28.1376366031116, -25.9283875430586], [28.1411288851597, -25.9323587125922], [28.1467843972497, -25.9317019682753], [28.1489474061552, -25.9270740501748], [28.1454550536671, -25.9231029000215], [28.1476180045132, -25.9184746858557], [28.144125815043, -25.9145032439306], [28.1462887078299, -25.9098747338656], [28.1427966813664, -25.9059030003436], [28.1371418325611, -25.906559757453], [28.1349787891658, -25.9111882438059], [28.129323802279, -25.9118446619498], [28.1271605502803, -25.916472828678], [28.1306524356534, -25.9204446010317], [28.1363076436706, -25.919788187259]], [[28.3487457148617, -26.174880484912], [28.3509070456283, -26.1702584054313], [28.3474068651265, -26.1662994236681], [28.3417454208911, -26.1669625022955], [28.3395839365306, -26.1715845606309], [28.343084049969, -26.1755435614899], [28.3487457148617, -26.174880484912]], [[27.6913800300338, -26.1717646392646], [27.6857185319774, -26.1724019057671], [27.6835439405285, -26.177013099928], [27.6870309922453, -26.1809870543482], [27.6926927139638, -26.1803497977386], [27.6961800081445, -26.1843234427488], [27.6940055021315, -26.1889343611982], [27.697492960265, -26.1929077134882], [27.7031550027908, -26.1922701304689], [27.7053293635124, -26.1876591853895], [27.7109912792798, -26.1870212563328], [27.7131654349397, -26.1824099821677], [27.709677820249, -26.1784366636336], [27.7118519162622, -26.1738250870883], [27.7083644654909, -26.1698514758904], [27.702702996901, -26.1704894243136], [27.6992157882798, -26.1665155036675], [27.6935544166392, -26.1671531160435], [27.6913800300338, -26.1717646392646]], [[27.8441678427125, -26.4162715684249], [27.84199392969, -26.4208761198955], [27.8454881332551, -26.4248389081084], [27.851156325804, -26.4241971283554], [27.8533300913043, -26.419592552225], [27.8498358118085, -26.4156297805016], [27.8520095179982, -26.4110248978003], [27.8485154026161, -26.4070618277136], [27.8428476569614, -26.4077036238169], [27.8406738032781, -26.4123084818212], [27.8441678427125, -26.4162715684249]], [[28.3066927274833, -25.7378086745532], [28.3088506108286, -25.7331711326373], [28.3053582072294, -25.7291978070358], [28.2997079877847, -25.7298620026692], [28.2975499519928, -25.7344995217414], [28.301042288062, -25.7384728680296], [28.3066927274833, -25.7378086745532]], [[28.1649184094112, -25.8814415922284], [28.1670805597795, -25.8768115339917], [28.1635886486026, -25.8728392765798], [28.1579346571188, -25.8734970577704], [28.1557723559206, -25.8781270923729], [28.1592641970059, -25.8820993694248], [28.1649184094112, -25.8814415922284]], [[27.7606325834039, -26.1726849858019], [27.76280562626, -26.1680723445567], [27.7593172175911, -26.1640997139342], [27.7536558433692, -26.1647397074339], [27.7514826545023, -26.1693523224761], [27.7549709858376, -26.1733249702272], [27.7606325834039, -26.1726849858019]], [[27.8559434788273, -26.1181933574637], [27.8581141095252, -26.1135770911832], [27.8637742460088, -26.1129326353002], [27.8659446703118, -26.1083160429046], [27.8624551054276, -26.1043439318962], [27.8567951917047, -26.1049883955754], [27.8546246201358, -26.1096049624611], [27.8489645756529, -26.1102490823585], [27.8467937977833, -26.1148653230785], [27.8502832115378, -26.1188374694673], [27.8559434788273, -26.1181933574637]], [[28.1883660370686, -25.8655751008275], [28.1918583205607, -25.8695470079679], [28.19751219709, -25.8688878818135], [28.199673569351, -25.8642568449333], [28.2053273061691, -25.8635973808751], [28.2074884692504, -25.8589660259887], [28.2039960468673, -25.8549941584929], [28.2061571521213, -25.850362509067], [28.2026648925811, -25.8463903505624], [28.19701159715, -25.8470498216137], [28.1935195698527, -25.8430773523701], [28.195680768545, -25.8384454319864], [28.1921889040862, -25.8344726720549], [28.1865359104734, -25.8351318126244], [28.1843745606372, -25.8397637095033], [28.1878663555274, -25.8437364893231], [28.1857049478062, -25.8483680919061], [28.1800515941135, -25.8490268911186], [28.1778899774273, -25.8536581757207], [28.1813818654834, -25.857630684634], [28.1792201908831, -25.8622616746447], [28.1827122418242, -25.8662338926351], [28.1883660370686, -25.8655751008275]], [[27.7631466569931, -26.0762927240807], [27.7653186944677, -26.0716764171656], [27.7618317691184, -26.0677009009197], [27.7561728834859, -26.0683416740865], [27.7540007000965, -26.0729579545175], [27.7483416864682, -26.0735983835541], [27.7461692978156, -26.0782143372653], [27.7496560685811, -26.0821898884798], [27.7553153053917, -26.0815494685169], [27.7574875482239, -26.0769334882714], [27.7631466569931, -26.0762927240807]], [[28.0850760063519, -26.3146411280856], [28.0872440367917, -26.3100285361733], [28.0837467982495, -26.3060677531391], [28.0780816010036, -26.3067195443319], [28.0759134201655, -26.3113321132457], [28.0794105869412, -26.3152929139709], [28.0850760063519, -26.3146411280856]], [[28.2340301092321, -26.2712345116504], [28.2361947161673, -26.2666178785159], [28.2418588208157, -26.2659595901816], [28.2440232174551, -26.2613426327766], [28.2405236618261, -26.2573839854977], [28.2348597785186, -26.2580422772339], [28.2326952295297, -26.2626592128414], [28.2270312050584, -26.2633171619574], [28.2248664458669, -26.2679337732427], [28.2192022804362, -26.2685913796066], [28.2170373111065, -26.2732076663919], [28.22053665934, -26.27716636872], [28.2262010462059, -26.2765087659532], [28.2283658633727, -26.2718924572669], [28.2340301092321, -26.2712345116504]], [[28.4602937755243, -26.2796929467762], [28.4624538661975, -26.2750730517335], [28.4589498597092, -26.2711199747983], [28.4532858276896, -26.2717867738596], [28.4511255818461, -26.2764066490341], [28.4546295231621, -26.2803597450213], [28.4602937755243, -26.2796929467762]], [[27.9313885668476, -25.9346777186448], [27.9335558935692, -25.9300533785105], [27.9300677946722, -25.9260773887525], [27.9244124432186, -25.9267257204946], [27.9222449685979, -25.9313500351408], [27.9257329932996, -25.9353260435387], [27.9313885668476, -25.9346777186448]], [[28.0058730432325, -25.9698734900196], [28.0080392409078, -25.965249246435], [28.013695609111, -25.9645979110245], [28.0171860014016, -25.9685708250776], [28.022842456472, -25.9679191547935], [28.0263330846236, -25.9718917585123], [28.0319896262755, -25.9712397532804], [28.0341553180337, -25.9666151386676], [28.0306646174149, -25.9626425537872], [28.0328302507092, -25.9580176419838], [28.0293397133094, -25.9540447656188], [28.0236836150697, -25.9546967821953], [28.0215178325596, -25.9593216694543], [28.0158615992359, -25.9599733455135], [28.012371370188, -25.956000140092], [28.0067152237664, -25.9566514813848], [28.003225230749, -25.9526779659379], [27.9975691715152, -25.9533289725384], [27.9940794146916, -25.9493551472297], [27.9884234429312, -25.9500058192122], [27.9862570061733, -25.9546303104011], [27.9897466899008, -25.9586041544764], [27.9875801945351, -25.9632283485001], [27.9910700415349, -25.9672019014687], [27.9967264570095, -25.9665512416708], [28.0002165403543, -25.97052448465], [28.0058730432325, -25.9698734900196]], [[28.4322651168916, -26.2480632871437], [28.4301046756218, -26.2526837258594], [28.4336078335085, -26.2566380635759], [28.4314473349646, -26.2612582006006], [28.4257835237286, -26.2619239797418], [28.4236228131062, -26.2665437947765], [28.4271260684937, -26.2704978508113], [28.4327901001826, -26.2698320728042], [28.4349506560007, -26.2652122376339], [28.4406145411194, -26.2645461185897], [28.4427748847665, -26.2599259614817], [28.4484386231113, -26.2592595015338], [28.4505987545238, -26.2546390226669], [28.4470953026114, -26.2506850237732], [28.4492553768083, -26.2460642433049], [28.4457520880086, -26.2421099437852], [28.4400887903679, -26.2427764056183], [28.4365857300745, -26.2388217864943], [28.4309225061388, -26.239487908672], [28.4287621221433, -26.2441086489153], [28.4322651168916, -26.2480632871437]], [[27.9987670748217, -26.3158206876072], [27.9931016298985, -26.3164690591946], [27.9909316578899, -26.3210798740746], [27.9944272800885, -26.3250423410686], [28.0000929475855, -26.3243939758078], [28.0035888068398, -26.3283561274247], [28.0092545619201, -26.3277074230726], [28.0114242351766, -26.3230965608894], [28.007928302821, -26.31913442666], [28.0100979173469, -26.3145232602396], [28.0066021487705, -26.3105608280303], [28.0009368387562, -26.3112095448315], [27.9987670748217, -26.3158206876072]], [[28.3686254718416, -26.2468002823437], [28.3707871087265, -26.2421805899948], [28.3764504706158, -26.2415168487865], [28.3786118959789, -26.2368968341342], [28.3842751128543, -26.2362327517749], [28.3864363266319, -26.2316124149978], [28.3829344777, -26.2276561812294], [28.3772714814388, -26.2283202652697], [28.3751101135257, -26.2329405813917], [28.369446972298, -26.2336043243787], [28.3659454196644, -26.2296477530252], [28.3602823543723, -26.2303111567109], [28.358120621046, -26.2349311298595], [28.3524574112428, -26.235594192324], [28.3502954665804, -26.240213843065], [28.3537968855185, -26.2441704521957], [28.3594603160673, -26.243507391714], [28.3629619651422, -26.2474636822679], [28.3686254718416, -26.2468002823437]], [[28.1860408050889, -25.9621472677358], [28.1882033259979, -25.9575198489223], [28.1847097152322, -25.9535505303512], [28.1790536533017, -25.9542086112083], [28.1768909811808, -25.9588360068206], [28.180384522172, -25.9628053447828], [28.1860408050889, -25.9621472677358]], [[28.3992527289127, -26.387221098429], [28.4014151309207, -26.3826062336978], [28.3979105726808, -26.3786551012883], [28.3922436787102, -26.3793188151699], [28.3887393501662, -26.3753673617229], [28.3909018492362, -26.370752212874], [28.3965685223693, -26.3700884973471], [28.4000729172395, -26.3740399323201], [28.4057396654349, -26.3733758757253], [28.4092442898421, -26.3773269896437], [28.407082099917, -26.3819421786423], [28.4105868876867, -26.3858929898549], [28.41625393142, -26.3852285935551], [28.4184159665892, -26.3806133846147], [28.4149111128113, -26.3766625919102], [28.4170730905897, -26.3720470788221], [28.4135684001558, -26.3680959834399], [28.4079017979398, -26.3687603826154], [28.404397336884, -26.3648089661616], [28.4065594119688, -26.3601931691026], [28.4030551142534, -26.3562414502841], [28.3973888076267, -26.3569055099828], [28.393884739463, -26.3529534703945], [28.3960469116732, -26.3483373896889], [28.3925430068461, -26.3443850480489], [28.3947051216067, -26.3397686637555], [28.3912013801053, -26.3358160202347], [28.3855355902124, -26.3364797424262], [28.3820320784435, -26.3325267785802], [28.3763663640478, -26.3331901601979], [28.3742039406213, -26.3378065038712], [28.3685380811445, -26.3384695430954], [28.3650348659913, -26.3345162405311], [28.3593690825517, -26.3351789392174], [28.3572062933816, -26.3397949384742], [28.3607094416772, -26.3437482595458], [28.3585465949403, -26.348363955199], [28.3528804459138, -26.3490263092387], [28.3507173876173, -26.3536416806149], [28.3542206323097, -26.357594718468], [28.3520575164172, -26.3622097859525], [28.3555609245158, -26.3661625219544], [28.3533977510273, -26.3707772853848], [28.3569013225429, -26.3747297193648], [28.3625681345209, -26.3740673715312], [28.3660719363898, -26.3780194849694], [28.3717388245108, -26.3773567961392], [28.375242856567, -26.381308588876], [28.3809098205425, -26.3806455589784], [28.3844140826198, -26.3845970308542], [28.3900811221614, -26.3839336598184], [28.3935856140935, -26.3878848106738], [28.3992527289127, -26.387221098429]], [[27.7149322821187, -26.2127714607963], [27.7171066167209, -26.2081610947531], [27.7136185102036, -26.2041886552511], [27.7079561472118, -26.2048265649806], [27.7057816671382, -26.2094369045579], [27.7092696954972, -26.2134093608772], [27.7149322821187, -26.2127714607963]], [[28.1388099099121, -25.8800987480205], [28.140972570463, -25.8754690560227], [28.1374811959158, -25.8714961578639], [28.1318272313332, -25.8721529321506], [28.1296644202893, -25.8767826002831], [28.1331557242907, -25.8807555179999], [28.1388099099121, -25.8800987480205]], [[27.8328318664576, -26.4175544569465], [27.835005926879, -26.4129499302233], [27.8315121276696, -26.4089865289021], [27.833686128723, -26.4043816956825], [27.8301924936387, -26.4004179962855], [27.8245249337335, -26.4010591136348], [27.8223507854331, -26.405663921982], [27.8258443442542, -26.4096276378581], [27.8236701365572, -26.4142321397461], [27.8271638595205, -26.418195557519], [27.8328318664576, -26.4175544569465]], [[28.4193672110637, -26.1840662767789], [28.4215271941377, -26.1794434304218], [28.4180255041013, -26.1754863942816], [28.412363896793, -26.1761521852151], [28.4102037592078, -26.1807750110671], [28.4137053834118, -26.1847320664964], [28.4193672110637, -26.1840662767789]], [[28.2061392102417, -25.7013726445323], [28.2082987638219, -25.6967353588686], [28.2048089000682, -25.6927586294787], [28.1991595519632, -25.6934191652584], [28.1969998472721, -25.6980564270842], [28.2004896417666, -25.7020331769739], [28.2061392102417, -25.7013726445323]], [[28.0975236558469, -25.55611767731], [28.0996839607209, -25.5514768653693], [28.0961985369327, -25.5474933486026], [28.0905528792962, -25.5481506230569], [28.0883924249, -25.5527914097481], [28.0918777776323, -25.5567749472401], [28.0975236558469, -25.55611767731]], [[27.8760901332043, -26.4736619230962], [27.8782638995594, -26.4690588335547], [27.874768319752, -26.4650981878987], [27.8690990490879, -26.4657406153997], [27.8669251348201, -26.4703436806422], [27.8704206390984, -26.4743043426884], [27.8760901332043, -26.4736619230962]], [[28.1293578876822, -25.762928803711], [28.1315195852086, -25.7582949716617], [28.1280302575281, -25.754318327819], [28.1223793029262, -25.7549754960371], [28.1202174551881, -25.7596093037721], [28.1237067122334, -25.763585967609], [28.1293578876822, -25.762928803711]], [[28.3529744057559, -26.2573651578489], [28.3551364654937, -26.2527461106423], [28.3516348833184, -26.2487898012512], [28.345971308415, -26.2494525202811], [28.3438090949132, -26.2540715466241], [28.3473106100485, -26.2580278748066], [28.3529744057559, -26.2573651578489]], [[28.2350712593211, -25.7768898095229], [28.2372309717706, -25.77225481355], [28.2337393436474, -25.7682810136637], [28.2280880718472, -25.7689421894642], [28.2259282078129, -25.7735771620885], [28.2294197671334, -25.7775509822665], [28.2350712593211, -25.7768898095229]], [[28.3319666882827, -26.2336247726346], [28.3341289402341, -26.229005163858], [28.330628145307, -26.2250476187728], [28.3327903396622, -26.2204277085481], [28.3292897079645, -26.2164698643533], [28.3236269492926, -26.2171319115459], [28.3214646015054, -26.2217518006178], [28.3249651657915, -26.2257096636556], [28.3228027603789, -26.2303292513165], [28.3263034879126, -26.2342868152161], [28.3319666882827, -26.2336247726346]], [[28.387997759194, -26.2969159611658], [28.3858359316818, -26.3015338609598], [28.3801710248532, -26.3021975899496], [28.3780089856144, -26.3068151665565], [28.3815120074507, -26.3107690345917], [28.3793499107329, -26.3153863082978], [28.382853095869, -26.3193398751076], [28.3885184442077, -26.3186761495336], [28.3906803866194, -26.3140588554519], [28.3963455895163, -26.3133947878474], [28.3998490706951, -26.3173480159283], [28.4055143486224, -26.3166836079263], [28.4090180592233, -26.3206365157905], [28.4146834118928, -26.3199717673203], [28.4168448332912, -26.3153541095974], [28.4225100398115, -26.3146890193], [28.424671249112, -26.3100710385989], [28.4211674066587, -26.3061181682827], [28.4155024207305, -26.3067832598767], [28.4133410566939, -26.3114012204845], [28.4076759246642, -26.312065970349], [28.4041723773302, -26.3081127610024], [28.4063338959808, -26.3034948205769], [28.4028305119027, -26.2995413099191], [28.4049919731622, -26.2949230668083], [28.4106566639454, -26.2942583141304], [28.4128179132583, -26.2896397482413], [28.4093146263737, -26.2856859552801], [28.4036501561972, -26.286350709377], [28.401488752329, -26.2909692550104], [28.3958241363978, -26.2916336675379], [28.3923211450088, -26.2876795359514], [28.3944827033103, -26.2830610106629], [28.3909798751624, -26.2791065782503], [28.3853155550516, -26.2797706523293], [28.383153842439, -26.284389157184], [28.3866566042179, -26.2883436083993], [28.3844948341555, -26.2929618108051], [28.387997759194, -26.2969159611658]], [[27.69794449217, -26.2146844781207], [27.700119177297, -26.2100744680555], [27.6966313912235, -26.2061017017261], [27.6909689984481, -26.2067389287166], [27.6887941680676, -26.2113489121778], [27.6922818756855, -26.215321695258], [27.69794449217, -26.2146844781207]], [[27.8141497995225, -26.1273126162574], [27.8163213426681, -26.1226973808953], [27.8128325603115, -26.1187245788534], [27.8071723111483, -26.1193669946915], [27.8050006213593, -26.1239822041647], [27.8084893273465, -26.1279550236943], [27.8141497995225, -26.1273126162574]], [[27.94063689919, -25.994863573015], [27.9428046373739, -25.9902413149077], [27.9393153951589, -25.9862673592266], [27.9336584888046, -25.986915643223], [27.9314906025212, -25.9915378761107], [27.9258335634724, -25.9921858184428], [27.9236654703735, -25.9968077280035], [27.9271545642987, -26.0007817205081], [27.9328118255681, -26.0001337850583], [27.9349797706612, -25.9955118502273], [27.94063689919, -25.994863573015]], [[27.836636434194, -26.3299230855542], [27.8388095472924, -26.3253151460426], [27.844475151961, -26.3246729291821], [27.8466480584504, -26.320064659861], [27.8523135323765, -26.3194220964295], [27.8558063230276, -26.3233878103978], [27.8536335639626, -26.3279961046509], [27.8571265185911, -26.3319615218559], [27.862792307978, -26.3313186279246], [27.8662855022411, -26.3352837313446], [27.864112831502, -26.3398917455398], [27.867606189748, -26.3438565518803], [27.8732722942517, -26.3432133271514], [27.8754448172914, -26.3386052882376], [27.8811107902503, -26.337961716936], [27.8832831063031, -26.3333533484149], [27.8797895972215, -26.3293885758578], [27.874123847404, -26.3300321549125], [27.8706305776358, -26.3260670683888], [27.8728029822898, -26.3214584197589], [27.8693098764761, -26.3174930363555], [27.8714822219376, -26.312884083111], [27.8679892800671, -26.3089184029999], [27.862324068244, -26.309561659187], [27.8601515751691, -26.3141705876006], [27.8544862321914, -26.3148134974744], [27.8509936055065, -26.3108474869147], [27.8453283548137, -26.3114900584291], [27.8418359679383, -26.3075237345357], [27.8361708098167, -26.3081659677658], [27.8339978153335, -26.312774516694], [27.8283325267676, -26.3134164034184], [27.8248404560176, -26.3094497495054], [27.8191752605615, -26.310091297989], [27.8170019125378, -26.3146994919863], [27.8204939069946, -26.3186661627017], [27.818320499606, -26.3232740519845], [27.8218126580745, -26.3272404263414], [27.8274783002384, -26.3265988946352], [27.8309706989891, -26.3305649557148], [27.836636434194, -26.3299230855542]], [[28.028014913948, -25.9454463891158], [28.0301804303148, -25.9408208834286], [28.0266902193196, -25.9368474246189], [28.0210345644466, -25.9374994525758], [28.0175445891738, -25.9335256838504], [28.0197101962067, -25.9288999061296], [28.0253656294132, -25.9282478724692], [28.0275310288532, -25.9236217735622], [28.0240411442179, -25.9196477330075], [28.0183859326664, -25.9202997723804], [28.014896283766, -25.9163254222013], [28.0092411590057, -25.91697712727], [28.0070754614862, -25.9216031766924], [28.0014202020777, -25.922254541604], [27.9992542971525, -25.9268802697382], [27.9935989033001, -25.9275312943613], [27.9914327910336, -25.9321567010284], [27.9949222213806, -25.9361311079672], [28.0005778370154, -25.9354800893606], [28.0040675035687, -25.9394541867286], [28.0019014815439, -25.9440793215408], [28.0053913113237, -25.9480531280357], [28.011047235975, -25.9474017808517], [28.0145373017915, -25.9513752774668], [28.0201933133798, -25.9507235956236], [28.0223590373973, -25.946098411378], [28.028014913948, -25.9454463891158]], [[28.1160862990741, -25.6767979334438], [28.1182474163207, -25.6721611813073], [28.1147597160372, -25.6681816613497], [28.1091109692878, -25.6688388732375], [28.1069497021172, -25.6734756006719], [28.1104373315898, -25.6774551409263], [28.1160862990741, -25.6767979334438]], [[28.4884050736818, -26.1278591500267], [28.4905630905596, -26.1232331250165], [28.4870609772136, -26.1192759658318], [28.4892189370799, -26.1146496419122], [28.4857169865967, -26.1106921841963], [28.4878748894513, -26.106065561532], [28.48437310182, -26.1021078054576], [28.4787134759303, -26.1027766522652], [28.4752119157849, -26.0988185781876], [28.4695523622838, -26.0994870868635], [28.4673941490396, -26.1041136691479], [28.4708956444001, -26.108071762997], [28.4687373740856, -26.1126980466111], [28.4630774533386, -26.1133662160946], [28.4595760229031, -26.1094081025198], [28.4617344482592, -26.1047818391929], [28.458233180709, -26.1008234275173], [28.4525735528558, -26.1014912594652], [28.4490725132818, -26.0975325301232], [28.451231036429, -26.0929059885772], [28.4477301597369, -26.0889469614506], [28.4420708251277, -26.0896144561541], [28.4399121472117, -26.0942409771963], [28.4434129586435, -26.0982000240445], [28.4412542235693, -26.102826246528], [28.4447551979013, -26.1067849955625], [28.442596405669, -26.1114109193226], [28.4460975429122, -26.1153693703705], [28.4439386935218, -26.1199949952427], [28.4382785521228, -26.1206621485911], [28.4347774802431, -26.1167036779259], [28.429117412524, -26.1173704930701], [28.4256165690959, -26.1134117047885], [28.4199565753443, -26.1140781817993], [28.4177972048683, -26.1187034460171], [28.4121370651523, -26.11936958379], [28.4099774830024, -26.1239945282266], [28.4043171975255, -26.1246603266282], [28.4021574037649, -26.129284951104], [28.4056580497864, -26.133243797912], [28.4034981987216, -26.1378681230279], [28.3978375473619, -26.1385335805612], [28.3956774847207, -26.1431575854097], [28.3900166879595, -26.1438227032064], [28.3865161742429, -26.1398638176102], [28.3808554527043, -26.1405285970963], [28.377355168397, -26.1365693941283], [28.3795155392171, -26.1319454310342], [28.3851760403463, -26.1312806499804], [28.3873361997753, -26.1266563665145], [28.3838360121047, -26.1226968850558], [28.3781757313739, -26.1233616676854], [28.3746757731272, -26.119401869142], [28.3768360291636, -26.1147773073871], [28.3733362339307, -26.1108172113151], [28.3676762492068, -26.1114816576084], [28.3655158393223, -26.1161061982774], [28.359855710045, -26.1167703049245], [28.3576950889839, -26.1213945252447], [28.3611947509252, -26.1253546600615], [28.3590340724138, -26.1299785810436], [28.3625338974054, -26.1339384182737], [28.3603731614438, -26.1385620397533], [28.3547124467683, -26.1392258028558], [28.3512126886144, -26.1352659463513], [28.353373578268, -26.1306423460246], [28.3498739831826, -26.1266821919044], [28.3442135654093, -26.1273456188594], [28.3420525221857, -26.131969197944], [28.3455520502751, -26.1359293713215], [28.3433909495429, -26.1405526508138], [28.3377301672138, -26.1412157356401], [28.3342307062605, -26.1372555430513], [28.3285700008061, -26.1379182897816], [28.3264085356745, -26.142541226914], [28.3299079293514, -26.1465014386682], [28.3355688554666, -26.1458386941189], [28.3390684795245, -26.149798589034], [28.3447294824781, -26.1491355062824], [28.3468906407189, -26.1445125265466], [28.3525514996353, -26.143849103553], [28.3560514208685, -26.1478086622691], [28.3617123560847, -26.1471449010368], [28.3638731494966, -26.142521579224], [28.3695339402207, -26.1418574779179], [28.373034158007, -26.1458167001943], [28.3708735184382, -26.1504400430332], [28.3743738992894, -26.154398967234], [28.3722132022996, -26.1590220102046], [28.3665519705559, -26.1596861079913], [28.3643910622436, -26.1643088299776], [28.3678915395462, -26.1682674751348], [28.3735529918161, -26.1676033790955], [28.3770536988304, -26.1715617066277], [28.3827152267522, -26.1708972719947], [28.3848758271394, -26.1662745081941], [28.3905372099721, -26.1656097333616], [28.3940382128403, -26.1695677238702], [28.3996996707859, -26.1689026104083], [28.403200902876, -26.1728602829543], [28.4088624356468, -26.1721948307919], [28.411022515928, -26.1675717047589], [28.4166839029038, -26.1669059126011], [28.4188437714283, -26.1622824659718], [28.4245050124054, -26.161616333952], [28.4266646691098, -26.1569925669056], [28.4323257638847, -26.1563260951574], [28.4344852087057, -26.1517020078734], [28.440146157075, -26.1510351965304], [28.4423053899493, -26.1464107891881], [28.438803829215, -26.1424532136054], [28.4409630049021, -26.1378285067545], [28.446623586531, -26.1371613551103], [28.4501252125737, -26.1411189111629], [28.4557858675214, -26.1404514210315], [28.4579446763124, -26.1358263741113], [28.4544429851014, -26.1318688376345], [28.4566017367638, -26.1272434914601], [28.4622620246597, -26.1265756614915], [28.4657637808988, -26.1305331783467], [28.4636051842442, -26.1351585447864], [28.4671071034016, -26.1391157630231], [28.4727676841135, -26.1384475951761], [28.4749261256385, -26.1338222085607], [28.4805865588803, -26.1331537016899], [28.4827447881133, -26.1285279957872], [28.4884050736818, -26.1278591500267]], [[28.288601875354, -25.7881451002192], [28.2907606182333, -25.7835096730945], [28.2872677672115, -25.7795374458288], [28.2816162411566, -25.7802006252694], [28.2781236206534, -25.7762280872222], [28.2724721729893, -25.7768909330525], [28.2689797831689, -25.7729180843862], [28.2633284141815, -25.7735805966787], [28.2598362552082, -25.769607437556], [28.2541849651831, -25.7702696163829], [28.2520256138924, -25.7749049515835], [28.2555177045171, -25.7788781310793], [28.2611692148113, -25.7782159549956], [28.2646615364405, -25.782188824052], [28.2703131256613, -25.7815263143956], [28.2738056781307, -25.78549887285], [28.2716465732364, -25.790133961315], [28.2751392883659, -25.7941062293816], [28.2807911764359, -25.7934433886007], [28.2829501291376, -25.7888082772382], [28.288601875354, -25.7881451002192]], [[27.7775550916594, -26.1139870932765], [27.779727220641, -26.1093719620007], [27.7853871881122, -26.1087305535004], [27.787559111461, -26.1041150952768], [27.7840712136152, -26.1001410717402], [27.7862430776062, -26.0955253128875], [27.7827553434776, -26.0915509974924], [27.784927148111, -26.0869349381749], [27.7814395776883, -26.0829603310955], [27.775780279493, -26.0836017658222], [27.7736083286704, -26.0882177988709], [27.7770958222019, -26.0921924234673], [27.7749238119933, -26.0968081560895], [27.769264162128, -26.0974492378018], [27.7657767456278, -26.0934745957356], [27.7679489019311, -26.0888588894325], [27.7644616491592, -26.0848839557989], [27.7588023172416, -26.0855247110232], [27.7566300149664, -26.0901403909187], [27.7509705549619, -26.0907808018175], [27.7487980473659, -26.0953961547406], [27.7431384594801, -26.0960362211848], [27.7409657466291, -26.1006512469591], [27.7444527674164, -26.1046262328029], [27.7501125785534, -26.1039861755108], [27.7522851456215, -26.0993711232284], [27.7579448288316, -26.0987307213841], [27.7614321681605, -26.1027053808725], [27.7592597469984, -26.1073204595745], [27.7627472500838, -26.1112948272928], [27.7684072515163, -26.1106540989098], [27.7718949955071, -26.1146281573188], [27.7775550916594, -26.1139870932765]], [[27.883753490706, -26.3551061922412], [27.8859259250875, -26.3504984338355], [27.8915922125207, -26.3498545313733], [27.8937644397922, -26.3452464432861], [27.8902705276067, -26.3412822821982], [27.8846044632918, -26.3419261922973], [27.8824320880747, -26.3465342558417], [27.8767658919629, -26.3471778193999], [27.87459330973, -26.3517855532123], [27.8780870714297, -26.3557497480654], [27.883753490706, -26.3551061922412]], [[28.2588510114268, -26.2639833614658], [28.2610150451411, -26.2593660583111], [28.2666789461402, -26.258706745715], [28.2701790346164, -26.2626647393709], [28.2758430147141, -26.2620050874812], [28.2780066851307, -26.2573874389472], [28.2745065282606, -26.2534294638135], [28.2688427693375, -26.2540891186972], [28.2653428442244, -26.2501308258751], [28.259679164436, -26.2507901415715], [28.2575151885804, -26.2554077469841], [28.2518513669675, -26.2560667203585], [28.249687180688, -26.2606840018562], [28.253186968556, -26.2646423316422], [28.2588510114268, -26.2639833614658]], [[27.8310550645581, -26.0685858947575], [27.8332256935492, -26.0639681786857], [27.8388845317138, -26.0633243545516], [27.8410549546426, -26.0587063128959], [27.8375666863149, -26.0547321212464], [27.831908070922, -26.0553759534384], [27.8297375011157, -26.0599939692163], [27.8240787556946, -26.0606374580515], [27.8219079799201, -26.0652551481949], [27.8253960963196, -26.069229375437], [27.8310550645581, -26.0685858947575]], [[27.895557896285, -26.3755676614373], [27.8977303009644, -26.3709604893648], [27.8942358968489, -26.3669972213265], [27.8885691631444, -26.3676411085439], [27.8863966104331, -26.3722482561856], [27.8898909394276, -26.3762115410465], [27.895557896285, -26.3755676614373]], [[28.2811900161945, -26.2963015623891], [28.2833539178132, -26.2916851241614], [28.2798531074523, -26.2877283472958], [28.2741884637642, -26.288387990255], [28.2706878851325, -26.284430895128], [28.2728518818187, -26.2798141754845], [28.2693514665832, -26.2758567806762], [28.2636871231294, -26.2765160870976], [28.2615229736974, -26.2811327852471], [28.2558584882776, -26.2817917490535], [28.2523583736003, -26.2778340178854], [28.2466939677463, -26.2784926422232], [28.2445294552726, -26.2831089944451], [28.2388649079088, -26.2837672760017], [28.2353650944123, -26.2798092087152], [28.2297006271535, -26.2804671508409], [28.2275357520114, -26.2850831567652], [28.221871143699, -26.2857407559436], [28.2197060583602, -26.2903564371161], [28.2232057335244, -26.2943145409427], [28.2288705632943, -26.2936569453439], [28.232370471159, -26.2976147314435], [28.2380353812497, -26.2969567962734], [28.2415355216496, -26.3009142644852], [28.2393706829291, -26.3055296860978], [28.2337055514056, -26.3061876178032], [28.2315405023369, -26.3108027144641], [28.2258752296185, -26.3114603029296], [28.2223752274791, -26.3075027982908], [28.2167100352974, -26.3081600470446], [28.2132102660101, -26.3042022245531], [28.2075451546528, -26.3048591336673], [28.2053795910504, -26.3094738615013], [28.1997143392065, -26.3101304271759], [28.1962148725941, -26.3061722688829], [28.1983805881375, -26.3015575630307], [28.2040456183827, -26.3009009934839], [28.2062111239221, -26.2962859623476], [28.2118760137277, -26.2956290494587], [28.214041309199, -26.2910136932155], [28.2105418669004, -26.2870552718228], [28.2127071043379, -26.2824396125658], [28.2092078255171, -26.2784808919798], [28.2035433787813, -26.2791378124445], [28.2013779893675, -26.2837534496971], [28.1957134022862, -26.2844100270147], [28.1935478029268, -26.2890253392348], [28.1878830757047, -26.2896815732738], [28.1857172664639, -26.2942965602838], [28.1800523993057, -26.2949524509128], [28.1765535630779, -26.2909933586196], [28.1708887778945, -26.2916489098982], [28.1687226072633, -26.2962635492733], [28.1722213733584, -26.3002226596231], [28.1700551445479, -26.3048369956812], [28.1735540741989, -26.3087958068681], [28.171387787209, -26.3134098394465], [28.1748868804271, -26.3173683512989], [28.1727205352578, -26.321982080235], [28.176219792054, -26.3259402925815], [28.1740533887052, -26.3305537177127], [28.1775528090907, -26.3345116303819], [28.1753863475622, -26.3391247515456], [28.1788859315483, -26.3430823643661], [28.1767194118401, -26.3476951814001], [28.1802191594378, -26.3516524942006], [28.1780525815499, -26.3562650069424], [28.1815524927703, -26.3602220195519], [28.1793858567025, -26.3648342278393], [28.1828859315568, -26.3687909400865], [28.1807192373091, -26.3734028437573], [28.1750523164643, -26.3740580131831], [28.1715523117405, -26.37010128315], [28.1737191577006, -26.3654894014826], [28.1702193166286, -26.3615323710593], [28.1723861043796, -26.3569201848122], [28.1688864269482, -26.3529628541698], [28.1710531564904, -26.3483503635052], [28.1675536426884, -26.3443927328148], [28.1697203140217, -26.3397799378949], [28.1662209638381, -26.3358220073278], [28.1683875769626, -26.3312089083151], [28.1648883903861, -26.3272506780425], [28.167054945302, -26.3226372750994], [28.1635559223215, -26.3186787452927], [28.1657224190288, -26.3140650385817], [28.1622235596332, -26.3101062094124], [28.1643899981319, -26.3054921990961], [28.16089130231, -26.3015330707357], [28.1630576826004, -26.2969187569768], [28.1595591503411, -26.2929593295969], [28.1538943081923, -26.2936141979888], [28.1503960099336, -26.28965445374], [28.1447312505864, -26.2903089828931], [28.142564567704, -26.2949232517879], [28.146062795373, -26.2988830140118], [28.1438960542241, -26.3034969795382], [28.1382309342346, -26.3041511603187], [28.1347327772957, -26.3001913801658], [28.1368996695857, -26.2955774371672], [28.1334016762404, -26.2916173582535], [28.135568510235, -26.2870031119236], [28.1412331864932, -26.2863489219367], [28.1433998111093, -26.2817343498362], [28.1490643486433, -26.281079816173], [28.1512307638165, -26.2764649184791], [28.1568951624214, -26.2758100412707], [28.1590613680871, -26.2711948181608], [28.1647256275582, -26.2705395975384], [28.1682239030524, -26.2744996043468], [28.1738882448572, -26.2738440446595], [28.1773867540423, -26.277803734707], [28.1830511778934, -26.277147835882], [28.1852168708922, -26.2725322429039], [28.1908811549012, -26.271876000864], [28.1943799674819, -26.2758353558127], [28.200044332998, -26.2751787745966], [28.202209664349, -26.2705628345301], [28.2078738895667, -26.2699059102645], [28.2100390109369, -26.2652896454688], [28.2157030956514, -26.2646323782853], [28.2178680069767, -26.2600157889381], [28.2143689856294, -26.2560564887954], [28.2087051223749, -26.2567137596911], [28.2052063339205, -26.2527541425559], [28.2073713392237, -26.2481372728738], [28.2038727142026, -26.2441773572326], [28.2060376614725, -26.2395601853521], [28.2117010818407, -26.238902907006], [28.213865819153, -26.2342854109521], [28.2195290989545, -26.2336277901127], [28.2230278628039, -26.2375876689648], [28.2286912231778, -26.2369297092982], [28.2308555983285, -26.232311867251], [28.2365188176798, -26.2316535652571], [28.2386829826513, -26.2270353994439], [28.2443460607754, -26.2263767552548], [28.2478451951582, -26.2303362802148], [28.2456811825422, -26.2349544678852], [28.2400178831575, -26.2356131087442], [28.2378536602691, -26.2402309727003], [28.2413528891196, -26.2441902176232], [28.2391886083142, -26.2488077795589], [28.2426880005484, -26.2527667257457], [28.2483517424874, -26.2521080915211], [28.250515870879, -26.2474905078026], [28.2470164097758, -26.2435315800857], [28.2491804802796, -26.2389136943096], [28.2548438594102, -26.2382547145134], [28.2570077195484, -26.2336365050748], [28.2626709569488, -26.232977183152], [28.2648346066574, -26.2283586502289], [28.2704977021234, -26.2276989863117], [28.2726611413384, -26.2230801300823], [28.2691616377819, -26.219120959429], [28.2634987634461, -26.2197806263746], [28.2599994916743, -26.2158211386066], [28.262163025724, -26.2112020025637], [28.2678256789408, -26.2105423325813], [28.2713250191966, -26.2145018016843], [28.2769877514409, -26.2138417929742], [28.2804873233231, -26.2178009449451], [28.2861501343074, -26.2171405974356], [28.2896499376507, -26.2210994321136], [28.2874868618728, -26.225718632995], [28.2909868285028, -26.2296771689362], [28.2966499389503, -26.2290164852734], [28.3001501368691, -26.2329747036175], [28.3058133254452, -26.2323136809056], [28.3093137544873, -26.236271581492], [28.3071509271513, -26.2408905234902], [28.3014875175896, -26.241551543599], [28.2993244793876, -26.2461701624984], [28.2936609268855, -26.2468308407509], [28.2901606336487, -26.2428729027992], [28.2844971594906, -26.2435332418616], [28.280997097694, -26.2395749861868], [28.2753337021674, -26.2402349861309], [28.2731701473517, -26.2448532388392], [28.2766701408768, -26.2488115131107], [28.2823337575195, -26.2481515160715], [28.2858339826431, -26.2521094726371], [28.2836705229008, -26.2567274448043], [28.2871709113624, -26.2606851020889], [28.2850073938488, -26.2653027720502], [28.2885079456595, -26.269260129882], [28.2863443703746, -26.2738774974743], [28.2898450855455, -26.2778345556817], [28.2955094440907, -26.2771742277625], [28.2976728663211, -26.2725568388687], [28.3033370819883, -26.2718961686678], [28.3055002933291, -26.2672784561184], [28.3111643659139, -26.2666174437681], [28.3133273663012, -26.2619994077412], [28.3189912955994, -26.2613380533739], [28.3211540849693, -26.2567196940476], [28.3268178707768, -26.2560579977957], [28.3289804490654, -26.2514393153482], [28.3254793950036, -26.2474823502407], [28.3198158301202, -26.2481440488749], [28.3163150068436, -26.2441867655455], [28.3184776809043, -26.2395678023275], [28.3149770209044, -26.2356102196593], [28.3171396373106, -26.2309909547406], [28.3136391405763, -26.2270330729055], [28.315801699328, -26.2224135064494], [28.3123013658483, -26.2184553256194], [28.3144638669455, -26.2138354577894], [28.3109636967093, -26.2098769781365], [28.313126140152, -26.2052568090963], [28.3096261331483, -26.2012980307926], [28.3117885189365, -26.1966775607057], [28.3174507585072, -26.1960158476006], [28.3209508331172, -26.1999746070211], [28.3266131501349, -26.1993125551837], [28.3301134554071, -26.2032709970816], [28.3279513762441, -26.2078915097117], [28.3314518447236, -26.2118496528441], [28.3371144596858, -26.2111872644232], [28.339276385353, -26.2065667306553], [28.3449388564017, -26.2059040011388], [28.3471005709133, -26.2012831452908], [28.3435999679952, -26.1973250400393], [28.3379377176844, -26.1979877716782], [28.3344373451046, -26.1940293487266], [28.3365991556379, -26.1894082131339], [28.3330989462361, -26.1854494916176], [28.3274369935965, -26.1861118867247], [28.3239370147057, -26.1821528478122], [28.3260989210803, -26.1775314328022], [28.3317606529678, -26.1768690354496], [28.3339223483672, -26.1722472986874], [28.3304224652885, -26.1682879805587], [28.332584103121, -26.1636659434578], [28.3382454705906, -26.1630032032454], [28.3404068974133, -26.1583808446981], [28.3369071102396, -26.1544212476292], [28.3312459634527, -26.1550839900059], [28.3277464066529, -26.1511240759543], [28.3220853369555, -26.1517864800937], [28.3185860106951, -26.1478262492203], [28.3207476866852, -26.1432036333325], [28.3172485235547, -26.1392431049001], [28.3115877519785, -26.1399051732592], [28.309425922819, -26.1445277676594], [28.3037650081629, -26.1451894955389], [28.3002661434772, -26.1412286315042], [28.2946053067728, -26.1418900213611], [28.2924431139568, -26.146512272657], [28.2959419107694, -26.1504731557306], [28.2937796602699, -26.155095107001], [28.2972786202557, -26.1590556926016], [28.2951163120725, -26.1636773436823], [28.2986154352426, -26.1676376316374], [28.2964530693759, -26.1722589823643], [28.2999523557413, -26.1762189725012], [28.2977899321909, -26.1808400227102], [28.2921280692958, -26.1815010612192], [28.2886288508895, -26.1775410521759], [28.2829670663401, -26.1782017522737], [28.2794680792646, -26.1742414264945], [28.2816308085907, -26.1696204195123], [28.2781319847356, -26.1656597960298], [28.2802946563198, -26.1610384886043], [28.276795995674, -26.1570775675912], [28.2711347317071, -26.1577379351087], [28.2689719074473, -26.1623592207498], [28.2633105014677, -26.1630192472224], [28.2598121407836, -26.1590579910384], [28.2541508140477, -26.1597176794219], [28.251987626974, -26.1643386208953], [28.2554859190661, -26.1682998959165], [28.2611474668543, -26.1676402106213], [28.2646459907727, -26.1716011693895], [28.2624828983592, -26.1762218322556], [28.2568211295075, -26.1768815144712], [28.2533226741631, -26.1729205368946], [28.2476609847704, -26.1735798808801], [28.2441627614106, -26.1696185870679], [28.2385011517642, -26.1702775928954], [28.2363375443615, -26.1748978892453], [28.2306757935662, -26.1755565535965], [28.2271778713864, -26.1715949249824], [28.229341630941, -26.1669746507505], [28.2258438720452, -26.1630127249508], [28.2280075736833, -26.1583921501715], [28.2245099780603, -26.1544299273589], [28.226673621782, -26.1498090521964], [28.2231761894207, -26.1458465325435], [28.225339775226, -26.1412253571619], [28.2310006413582, -26.1405666791971], [28.2331640172115, -26.135945181493], [28.2388247423829, -26.1352861624436], [28.2409879082202, -26.1306643425955], [28.2374905010452, -26.1267015640069], [28.2396536090243, -26.1220794443577], [28.2361563650531, -26.1181163693324], [28.2383194151742, -26.1134939500464], [28.243979557104, -26.1128345835783], [28.2474768699151, -26.1167976396394], [28.2453139719869, -26.121420081127], [28.2488114479839, -26.1253828407803], [28.2466484922266, -26.1300049825938], [28.2501461314205, -26.1339674456662], [28.2558067950658, -26.1333077479669], [28.257969598479, -26.1286855840785], [28.2636301205042, -26.1280255455937], [28.2657927136804, -26.1234030599705], [28.2714530938813, -26.1227426808327], [28.2736154767566, -26.1181198736534], [28.2701176319914, -26.1141574675775], [28.272279957125, -26.1095343609404], [28.277939974431, -26.1088736384541], [28.2814378874398, -26.1128360254388], [28.2792757149293, -26.1174591539953], [28.2827737910741, -26.121421244342], [28.2884341078452, -26.1207601870179], [28.2905961276106, -26.1161370366311], [28.2870979833803, -26.112174965393], [28.2892599454622, -26.1075515156381], [28.28576196435, -26.103589147791], [28.2879238687484, -26.0989653988327], [28.2844260507431, -26.0950027345498], [28.2787663964305, -26.0956638000642], [28.2752688096606, -26.0917008203228], [28.2774308090334, -26.0870767942683], [28.2830902425486, -26.0864157260069], [28.2865878974581, -26.0903786865526], [28.2922474094289, -26.0897172809794], [28.2957452954157, -26.0936799260496], [28.301404885555, -26.0930181830929], [28.3035663689631, -26.0883937925295], [28.300068415135, -26.0844311667184], [28.2944090457098, -26.0850929122174], [28.2909113228008, -26.0811299709136], [28.2930729014274, -26.0765053034047], [28.2895753415853, -26.0725420660404], [28.2839162711038, -26.0732034769197], [28.2817545397556, -26.0778281225003], [28.2760953270266, -26.0784891935172], [28.2725980664513, -26.0745256217116], [28.2747599503991, -26.0699009981488], [28.2712628529046, -26.0659371305711], [28.2656039397654, -26.0665978673254], [28.2621070736921, -26.0626336848831], [28.2564482396544, -26.0632940846829], [28.2542860508733, -26.0679186639421], [28.248627075341, -26.0685787237757], [28.2451305095033, -26.0646142074283], [28.247292850518, -26.0599896504551], [28.2437964477818, -26.0560248387683], [28.2459587309969, -26.0513999834011], [28.2424624913511, -26.0474348765485], [28.2446247167666, -26.0428097229524], [28.2411286402001, -26.0388443211076], [28.2354704070309, -26.0395040536214], [28.2319745623938, -26.0355383376856], [28.2341368820344, -26.0309129085142], [28.2397948943179, -26.0302531727844], [28.2419570041345, -26.025627423226], [28.2476148753621, -26.0249673478885], [28.2497767752908, -26.0203412781224], [28.2462809561106, -26.0163753061625], [28.2484427982689, -26.0117489387908], [28.2541003074563, -26.0110885209505], [28.2562619396919, -26.0064618336781], [28.2527662149228, -26.0024955867007], [28.2471089265049, -26.0031560075772], [28.2436134333701, -25.9991894469079], [28.2457751599878, -25.9945624848212], [28.2514322276472, -25.9939020608999], [28.2535937444003, -25.989274779168], [28.2500983456187, -25.9853079438879], [28.2444414987066, -25.9859683708624], [28.2409463315729, -25.9820012221796], [28.2431079426502, -25.9773736660404], [28.2396129385006, -25.9734062236121], [28.2417744918077, -25.9687783706951], [28.2382796506311, -25.9648106346955], [28.2404411461681, -25.9601824851667], [28.2369464679533, -25.9562144557701], [28.2391079057203, -25.9515860097952], [28.2356133904564, -25.947617687176], [28.2299575062775, -25.9482777909537], [28.2277959166541, -25.9529062141512], [28.2221398918418, -25.9535659792067], [28.2186456774578, -25.9495973243598], [28.2129897330373, -25.9502567539595], [28.2094957508154, -25.9462877866308], [28.2038398870728, -25.9469468808472], [28.2016777847253, -25.9515749388804], [28.1960217810541, -25.952233694173], [28.1938594693939, -25.9568614326861], [28.1973533128012, -25.9608304389724], [28.2030095373763, -25.9601716872844], [28.206503613261, -25.9641403811234], [28.2043413951415, -25.9687678460706], [28.1986849496512, -25.9694265941624], [28.1965225221609, -25.9740537393338], [28.1908659368523, -25.9747121481722], [28.1873720000262, -25.9707434155282], [28.1817154961117, -25.9714014887737], [28.1782217920782, -25.9674324437172], [28.1725653698441, -25.9680901814425], [28.1704024306297, -25.9727169603185], [28.1647458692824, -25.9733743585896], [28.1625827210113, -25.9780008172279], [28.1569260207548, -25.9786578759123], [28.1547626634913, -25.9832840141336], [28.1582561574154, -25.987253116994], [28.1560927420919, -25.9918789579885], [28.1504356819456, -25.9925356727589], [28.1482720576648, -25.9971611930296], [28.1426148589706, -25.9978175678505], [28.1391215058187, -25.9938484266883], [28.1412852808747, -25.9892229298384], [28.1377920908538, -25.9852534956237], [28.1399558077918, -25.9806277014573], [28.1364627808908, -25.9766579743643], [28.138626439711, -25.972031883047], [28.1442829747453, -25.9713754953202], [28.1464464247594, -25.9667490834829], [28.1429534904581, -25.9627790829016], [28.1451168823835, -25.958152374207], [28.141624111162, -25.9541820811256], [28.1437874449989, -25.9495550757395], [28.1402948368463, -25.9455844903327], [28.134638965371, -25.9462408910434], [28.1311465908383, -25.9422699941821], [28.1333100171885, -25.9376427159195], [28.1298178057201, -25.9336715270526], [28.1241622385907, -25.9343275971678], [28.1219986617607, -25.9389548516918], [28.1163429568646, -25.9396105823799], [28.1141791715018, -25.9442375166646], [28.108523329043, -25.9448929077935], [28.1050314932585, -25.9409213692899], [28.1071954288859, -25.9362944588847], [28.1037037561963, -25.9323226286367], [28.1058676336198, -25.9276954218586], [28.102376124014, -25.923723300041], [28.1045399432337, -25.9190957970561], [28.1101951218825, -25.9184403919272], [28.1123587327205, -25.9138125689075], [28.108867315118, -25.9098401750052], [28.1110308677812, -25.905212056073], [28.1075396132226, -25.9012393709805], [28.1097031077112, -25.896610956302], [28.1062120161856, -25.8926379801945], [28.1083754524997, -25.8880092699362], [28.1140298301562, -25.8873535117604], [28.1161930581111, -25.8827244820311], [28.1127020586247, -25.8787512345296], [28.1070479021355, -25.8794069973171], [28.1048845239958, -25.8840360029887], [28.0992302302696, -25.8846914269063], [28.0970666438638, -25.8893201130555], [28.1005575012455, -25.8932933994019], [28.0983938566365, -25.8979217900096], [28.0927392046169, -25.8985768701164], [28.089248418497, -25.8946035644184], [28.0835938509085, -25.8952583101997], [28.0814298481636, -25.8998863567659], [28.084920562882, -25.9038596817681], [28.0827565018759, -25.9084874325366], [28.0862473796687, -25.9124604666101], [28.0840832604014, -25.9170879214145], [28.0875743012797, -25.9210606643842], [28.085410123751, -25.9256878230583], [28.088901327726, -25.9296602747493], [28.0945567806089, -25.9290055485447], [28.0980482190231, -25.9329776895957], [28.0958841332533, -25.9376045760319], [28.0993757347688, -25.9415764254838], [28.0972115907661, -25.9462030154191], [28.0915556951683, -25.9468577318879], [28.0893913428547, -25.9514840011743], [28.083735310353, -25.9521383777861], [28.0815707497927, -25.9567643262445], [28.0850623716884, -25.9607359221302], [28.0828977528373, -25.9653615736663], [28.0772413621686, -25.9660156052377], [28.0750765351063, -25.9706409356391], [28.0785682486024, -25.9746122585214], [28.0764033632202, -25.9792372917071], [28.0707466144846, -25.9798909779184], [28.0685815209267, -25.984515689663], [28.0720733259295, -25.9884867392616], [28.0699081740226, -25.9931111534973], [28.0642510673202, -25.9937644940291], [28.0620857072731, -25.9983885865174], [28.065577603689, -26.0023593625524], [28.0712349319855, -26.0017060272421], [28.0747270634316, -26.0056764918364], [28.0725617948263, -26.0103003105575], [28.0760540895108, -26.0142704823882], [28.0817117244592, -26.0136168166522], [28.0852042540038, -26.0175866767342], [28.08303907702, -26.0222102213574], [28.0773812204902, -26.0228638819967], [28.0738887625561, -26.0188940031039], [28.0682309910377, -26.0195473279979], [28.0647387681211, -26.0155771373743], [28.0590810819003, -26.0162301265966], [28.0569153969633, -26.020853301135], [28.060407547972, -26.0248235105046], [28.0582418046277, -26.0294463867831], [28.0525837605827, -26.0300990295985], [28.0490916816219, -26.0261288015298], [28.0434337233762, -26.0267811086069], [28.0399418799116, -26.022810569006], [28.0421079224569, -26.0181877410149], [28.0386162422895, -26.0142169087081], [28.0407822263699, -26.0095937825331], [28.0464397411376, -26.0089414644329], [28.0486055172714, -26.0043180159749], [28.0451139281498, -26.0003469098758], [28.0394566351041, -26.000999233501], [28.0372907094885, -26.0056226576946], [28.0316332808764, -26.0062746403445], [28.0281419996673, -26.0023032044271], [28.0303080746425, -25.9976798045871], [28.0268169567146, -25.9937080764577], [28.021159836336, -25.9943597294704], [28.0176689542504, -25.9903876905705], [28.0198351199407, -25.9857640173964], [28.0254920185385, -25.9851123586355], [28.0276579765271, -25.9804883633309], [28.024167185128, -25.9765160513007], [28.0185105082995, -25.9771677158187], [28.0150199527551, -25.9731950933087], [28.0093633627588, -25.9738464228459], [28.0071971065331, -25.978470369023], [28.0106875893306, -25.982443010277], [28.0085212745542, -25.987066658881], [28.0028643279861, -25.9877176415773], [28.0006978056663, -25.9923409678214], [27.9950407245352, -25.9929916094101], [27.9915503876511, -25.9890189308097], [27.9937170588411, -25.984395629276], [27.990226885263, -25.9804226590448], [27.9845701136483, -25.9810729717215], [27.9824032937104, -25.9856962484557], [27.9767463880345, -25.9863462199589], [27.9745793608052, -25.9909691740529], [27.9780693878757, -25.9949421815], [27.9759023019804, -25.9995648376771], [27.9793924923915, -26.0035375534352], [27.9850498420347, -26.0028875944552], [27.9885402690867, -26.0068599998236], [27.9863732732367, -26.0114823826924], [27.9807157015928, -26.0121323354243], [27.9772253478299, -26.0081599115298], [27.9715678642376, -26.0088095290089], [27.9680777472728, -26.0048367947429], [27.9624203520179, -26.0054860770435], [27.9602528516765, -26.0101080871512], [27.9545953229283, -26.0107570277873], [27.9524276154611, -26.0153787145933], [27.9559175851135, -26.0193514857338], [27.9537498188934, -26.0239728740758], [27.9480919346826, -26.0246214662672], [27.9446020388963, -26.0206486767603], [27.9467699534243, -26.0160273134341], [27.9432802210477, -26.0120542321218], [27.9454480767941, -26.0074325703699], [27.9419585078159, -26.0034591974268], [27.9363011571013, -26.004107467864], [27.9341331531981, -26.0087291044729], [27.9284756696969, -26.0093770330496], [27.9249864123612, -26.0054033318849], [27.9193290185562, -26.0060509254417], [27.9171606598393, -26.0106722131864], [27.9206498428375, -26.0146459326628], [27.9184814252528, -26.0192669219311], [27.912823676793, -26.0199141663951], [27.9106550524652, -26.0245348317265], [27.9141443244419, -26.0285082778949], [27.9119756412173, -26.0331286444577], [27.9063175382041, -26.0337755395117], [27.9041486482725, -26.0383955818329], [27.9076380091335, -26.0423687544138], [27.905469060276, -26.0469884976745], [27.899810602811, -26.0476350430014], [27.8976414472827, -26.0522544617161], [27.9011308969335, -26.05622736043], [27.8989616824503, -26.0608464797924], [27.9024512956252, -26.0648190863532], [27.9002820221867, -26.0694379061985], [27.9037717988969, -26.073410220432], [27.9016024665029, -26.0780287405953], [27.9050924067597, -26.0820007623275], [27.9029230154101, -26.0866189826442], [27.9064131192247, -26.0905907117011], [27.9120726890567, -26.0899442024678], [27.9142419325472, -26.0853259569831], [27.9107517540954, -26.0813542458941], [27.9129209386588, -26.0767357005246], [27.9094309237476, -26.0727636967891], [27.9116000493843, -26.0681448516997], [27.9081101980025, -26.0641725554916], [27.9102792647126, -26.0595534108469], [27.906789576849, -26.0555808223404], [27.9089585846327, -26.0509613783052], [27.9146171324432, -26.0503144975393], [27.9181068948555, -26.0542870679444], [27.915938034939, -26.0589065372111], [27.9194279608523, -26.0628788153465], [27.9172590420381, -26.0674979851847], [27.9207491314636, -26.0714699708764], [27.9185801537514, -26.0760888411212], [27.9220704067004, -26.0800605341952], [27.9199013700901, -26.0846791046819], [27.9233917865738, -26.0886505049641], [27.9212226910651, -26.0932687755281], [27.9155630310604, -26.0939156207363], [27.9133937286426, -26.0985335661717], [27.9077339363028, -26.0991800682143], [27.9042436689191, -26.0952086320065], [27.8985839670032, -26.0958547980419], [27.8964143099477, -26.1004723929909], [27.8907544761532, -26.1011182156983], [27.8872645220331, -26.0971464508469], [27.8816047791996, -26.0977919375898], [27.8781150637462, -26.0938198621504], [27.8802850160212, -26.089202317829], [27.8767954641658, -26.0852299498022], [27.8789653573988, -26.0806121054191], [27.87547596913, -26.0766394449787], [27.8698167628466, -26.0772846110616], [27.8676467222165, -26.0819024299598], [27.8619873848542, -26.082547252716], [27.8598171378505, -26.0871647460552], [27.8633063754817, -26.0911374421793], [27.8611360693785, -26.0957546353684], [27.8646254706305, -26.0997270390216], [27.8702852533879, -26.0990822316904], [27.8737748936268, -26.1030543249378], [27.871604675784, -26.1076712432717], [27.8750944796492, -26.1116430437292], [27.8807545765851, -26.1109979080676], [27.8842446192683, -26.1149693978104], [27.8820744898657, -26.1195860409599], [27.8764141702378, -26.1202311690397], [27.872924202735, -26.1162596615461], [27.8672639745364, -26.1169044534899], [27.8650934911332, -26.1215207452422], [27.8685833833155, -26.1254922704396], [27.874243834252, -26.1248474861752], [27.8777339654037, -26.1288187005313], [27.883394507735, -26.128173580024], [27.8855646961806, -26.1235572375938], [27.8912251069519, -26.1229117733032], [27.8947155519159, -26.1268826589137], [27.8925455111332, -26.13149902655], [27.8960361197344, -26.1354696187329], [27.893866019937, -26.1400856854476], [27.8882051638164, -26.140731134817], [27.8847146302041, -26.1367605249219], [27.8790538651578, -26.1374056378662], [27.875563570346, -26.1334347168213], [27.86990289666, -26.1340794934155], [27.8664128408117, -26.1301082613842], [27.860752258772, -26.1307527017034], [27.8572624420503, -26.1267811588494], [27.8516019519425, -26.1274252629687], [27.8481123745104, -26.1234534094557], [27.8424519766204, -26.1240971774502], [27.8389626386409, -26.1201250134421], [27.8333023332544, -26.120768445387], [27.8311311429795, -26.1253840332454], [27.8254707074495, -26.1260271210199], [27.8232993110701, -26.1306423821823], [27.8267884970793, -26.1346145812878], [27.8246170414556, -26.1392295413401], [27.8189562529975, -26.1398722765303], [27.8167845913059, -26.1444869095842], [27.8202738648654, -26.1484588331778], [27.8181021439005, -26.1530731648314], [27.8215915812169, -26.1570447952617], [27.8194198009783, -26.1616588253511], [27.8137584366353, -26.1623011992791], [27.8115864503366, -26.1669149019417], [27.8059249563295, -26.1675569310185], [27.8024356717564, -26.1635852658876], [27.8046078047182, -26.1589715890122], [27.801118683936, -26.1549996306611], [27.7954575067604, -26.1556413318831], [27.7919686263735, -26.151669063149], [27.794140846516, -26.147055110535], [27.7998018005641, -26.1464134007359], [27.8019738148641, -26.1417991207202], [27.7984850216297, -26.1378265764495], [27.7928242906975, -26.1384682948354], [27.7906521299143, -26.1430825488995], [27.7849912699126, -26.1437239225662], [27.7828189033814, -26.1483378491783], [27.7771579145158, -26.1489788779966], [27.7736695154078, -26.1450059889886], [27.7680086211258, -26.1456466817186], [27.7658359027408, -26.1502602545619], [27.7601748800523, -26.1509006022832], [27.7580019561451, -26.1555138472718], [27.7614902009726, -26.1594867707355], [27.7671514469483, -26.1588464320007], [27.7706399328107, -26.1628190454472], [27.7684670955345, -26.1674320147988], [27.7719557452327, -26.1714043352588], [27.7776173092741, -26.1707636691669], [27.781106199839, -26.1747356793004], [27.7789334493736, -26.1793483726868], [27.7824225037801, -26.1833200895153], [27.788084385545, -26.1826790957664], [27.79157368065, -26.1866505019593], [27.7972356565762, -26.1860091716178], [27.8007251922169, -26.1899802670112], [27.7985526752735, -26.1945927099166], [27.802042374756, -26.1985635115415], [27.8077046677434, -26.1979218530608], [27.8098770380323, -26.1933093844317], [27.8155392014239, -26.1926673806783], [27.8190292176474, -26.1966378539814], [27.816856994136, -26.201250348246], [27.82034717419, -26.2052205274908], [27.8260096540026, -26.204578195233], [27.8281817306135, -26.1999656754213], [27.8246914743429, -26.1959955134089], [27.8268634916788, -26.1913826912143], [27.832525618321, -26.1907400055298], [27.836015950668, -26.1947101502629], [27.8416781700765, -26.1940671277155], [27.8451687421503, -26.1980369609756], [27.842997018927, -26.2026498340754], [27.8464877548028, -26.2066193730156], [27.8443159723618, -26.2112319436569], [27.8478068720509, -26.2152011881042], [27.8456350303918, -26.2198134561236], [27.839972141838, -26.2204564543684], [27.8364813180338, -26.2164871926795], [27.8308185221432, -26.2171298537405], [27.8273279382117, -26.2131602803076], [27.8216652352705, -26.2138026042601], [27.819492893151, -26.2184144933442], [27.8138300602706, -26.2190564718608], [27.8103397927147, -26.2150865696904], [27.8046770533213, -26.2157282111421], [27.802504358294, -26.2203397462587], [27.8059945493697, -26.2243096655394], [27.8038217949804, -26.228920897733], [27.7981587028392, -26.229562184991], [27.7959857424135, -26.2341730884756], [27.7994760207728, -26.2381427303305], [27.797303000956, -26.2427533306034], [27.8007934432306, -26.2467226777966], [27.7986203640226, -26.2513329746946], [27.8021109702239, -26.2553020270533], [27.7999378316242, -26.2599120204135], [27.7942739401556, -26.2605529358231], [27.7907834106643, -26.2565838665324], [27.7851196133356, -26.2572244444617], [27.7829461221361, -26.2618340829132], [27.7772821958064, -26.2624743145679], [27.7751084987097, -26.2670836235329], [27.7694444435851, -26.2677235087845], [27.7659543090604, -26.2637540940325], [27.7602903488655, -26.2643936418167], [27.7581162997075, -26.2690025952831], [27.7524522111757, -26.2696417965044], [27.7502779563468, -26.2742504200832], [27.7537679361542, -26.2782198683331], [27.7515936217607, -26.2828281877859], [27.7550837655964, -26.2867973410334], [27.760748301268, -26.2861581581249], [27.7642386865383, -26.2901269995279], [27.7699033173234, -26.2894874789067], [27.7720773392659, -26.2848791078437], [27.7777418413708, -26.2842392404967], [27.7812325450102, -26.2882077531559], [27.7868971416904, -26.2875675480519], [27.7903880862813, -26.2915357485204], [27.7960527772507, -26.2908952055839], [27.7982263001711, -26.2862864534509], [27.8038908617501, -26.2856455639796], [27.8073821237716, -26.2896134352736], [27.8130467791017, -26.2889722079258], [27.8165382815913, -26.2929397666833], [27.8222030303861, -26.2922982013836], [27.8256947731806, -26.2962654474413], [27.8313596151539, -26.2956235441143], [27.8335324910231, -26.2910143864195], [27.8391972026439, -26.2903721367812], [27.8426892616095, -26.2943390530523], [27.8483540658704, -26.2936964653432], [27.851846364657, -26.2976630685693], [27.8575112612717, -26.2970201427144], [27.859683635905, -26.2924106056343], [27.8653484014572, -26.2917673336605], [27.8688410154753, -26.2957336066706], [27.8745058728428, -26.2950899965078], [27.8766778930781, -26.2904801055396], [27.8731852036268, -26.2865138495838], [27.8753571646994, -26.2819036546139], [27.8810216675091, -26.2812596907894], [27.8845144322532, -26.2852259296442], [27.8901790263743, -26.2845816276946], [27.8923506327293, -26.2799710792894], [27.8980150949184, -26.2793264316402], [27.9015081736788, -26.2832923399016], [27.9071727266409, -26.2826473540847], [27.9093439779013, -26.2780364526095], [27.9150083984738, -26.2773911212545], [27.9171794425363, -26.2727798915514], [27.9228437305134, -26.2721342147877], [27.9250145673129, -26.2675226570327], [27.930678722489, -26.2668766349899], [27.9341722636186, -26.2708421778088], [27.9320015751869, -26.2754537599894], [27.9263371972272, -26.2760997749311], [27.9241663014382, -26.2807110291105], [27.9276599319749, -26.284676292742], [27.9254889771961, -26.289287243183], [27.9198242435478, -26.2899329055594], [27.917653081448, -26.2945435276979], [27.921146801297, -26.2985085118671], [27.9189755801782, -26.3031188299791], [27.9224694638898, -26.3070835172639], [27.9281346432552, -26.3064378692371], [27.9303057160142, -26.3018275267611], [27.9359707623936, -26.301181533066], [27.9394649588131, -26.305145888916], [27.9451300947842, -26.3044995566484], [27.947300811522, -26.2998888615703], [27.9529658140495, -26.2992421837964], [27.9564603225571, -26.3032062079657], [27.9621254141375, -26.3025591915772], [27.9642957744776, -26.297948144263], [27.9608011920619, -26.2939841374174], [27.9629714935272, -26.2893727862151], [27.9686362285507, -26.2887254178175], [27.9708063222821, -26.2841137388173], [27.9764709232452, -26.2834660253026], [27.9786408091777, -26.2788540186809], [27.9843052758748, -26.2782059601789], [27.9878000791719, -26.2821699147747], [27.9934646339143, -26.2815215177884], [27.9956341628123, -26.2769091598391], [28.0012985828315, -26.2762604180282], [28.0047936964037, -26.2802240404386], [28.0104582039294, -26.2795749601021], [28.0139535542663, -26.2835382676743], [28.0196181490117, -26.2828888487384], [28.0217871709895, -26.2782761161737], [28.0274516303025, -26.2776263526089], [28.0309472899723, -26.2815893275702], [28.0366118359663, -26.2809392253651], [28.0401077319146, -26.2849018851458], [28.0379390093252, -26.2895146647545], [28.0414350689715, -26.2934770268393], [28.0392662877678, -26.2980895028749], [28.0427625111233, -26.3020515670919], [28.0484275881118, -26.3014011376489], [28.0519240475689, -26.3053628862357], [28.0497553576868, -26.3099750818503], [28.0532519808581, -26.3139365322537], [28.0510832323902, -26.3185484239326], [28.0545800192867, -26.3225095759809], [28.0602456268872, -26.3218588187639], [28.0624142252672, -26.3172469038957], [28.0680796962881, -26.3165958018897], [28.0702480859295, -26.3119835599104], [28.0667511547622, -26.3080224430696], [28.0689194858758, -26.3034098972427], [28.0745845979117, -26.3027584451641], [28.076752720251, -26.2981455725282], [28.0732558808316, -26.2941841750895], [28.0754239446724, -26.2895709988943], [28.0810886976225, -26.2889191970592], [28.0845856088437, -26.2928805767507], [28.0902504467874, -26.2922284359411], [28.0937475933072, -26.2961894996246], [28.0994125159573, -26.2955370197674], [28.1029098976112, -26.2994977672813], [28.1085749046804, -26.2988449483033], [28.1120725213037, -26.302805379486], [28.1177376125047, -26.3021522213142], [28.1199048650627, -26.2975386270565], [28.1164071772524, -26.2935782137211], [28.1185743714568, -26.2889643160436], [28.1242391026061, -26.2883108089909], [28.127736861463, -26.292271204433], [28.1255698181544, -26.2968851248154], [28.1290677406114, -26.3008452216403], [28.1269006389783, -26.3054588385657], [28.1303987250466, -26.3094186366016], [28.136063983649, -26.3087647998233], [28.1395623041926, -26.3127242810438], [28.1373952953114, -26.3173376168917], [28.1317298147795, -26.3179914489827], [28.1282315650888, -26.3140319499073], [28.1225661680784, -26.3146854425523], [28.1190681530212, -26.3107256266794], [28.1134028398198, -26.3113787799513], [28.1099050595609, -26.3074186474421], [28.1042398304557, -26.3080714614138], [28.1020721595926, -26.3126844028915], [28.0964067927884, -26.3133368725321], [28.0942389128697, -26.3179494873546], [28.0885734085715, -26.3186016125336], [28.0864053196618, -26.3232139005241], [28.0899028855699, -26.3271740862142], [28.0877347381902, -26.3317860701203], [28.0820688744157, -26.3324378454177], [28.0799005180807, -26.3370495021898], [28.0833981759747, -26.3410094065574], [28.089064261948, -26.3403576365402], [28.0925621552666, -26.3443172242], [28.0982283260211, -26.34366511457], [28.1017264545997, -26.3476243853605], [28.0995583409164, -26.3522357833724], [28.0938919479872, -26.3528878878376], [28.0917236251966, -26.3574989585162], [28.0952218459706, -26.3614579474601], [28.0930534647094, -26.366068713405], [28.0965518492279, -26.370027402734], [28.1022186865405, -26.3693753085712], [28.1057173062994, -26.373333680601], [28.1113842279994, -26.3726812464333], [28.114883082834, -26.3766393010025], [28.1127149446727, -26.3812498072649], [28.11621396325, -26.3852075617617], [28.1140457666759, -26.3898177628924], [28.117544949007, -26.3937752171456], [28.1232123990933, -26.3931224527412], [28.1267118163222, -26.3970795890865], [28.1245437123626, -26.401689507324], [28.1188760401161, -26.4023422668215], [28.1167077267161, -26.4069518572031], [28.1110399162556, -26.4076042712998], [28.1088713934796, -26.4122135336492], [28.1032034450105, -26.4128656022147], [28.1010347129234, -26.4174745363557], [28.1045340801437, -26.4214314244032], [28.1102022508781, -26.4207793609298], [28.1123708320963, -26.4161704043225], [28.1180388647753, -26.4155179952209], [28.1215385384351, -26.4194745477183], [28.1272066550359, -26.4188217980077], [28.1307065635739, -26.4227780321681], [28.1363747638089, -26.4221249417758], [28.1398749070599, -26.4260808574384], [28.1455431906411, -26.4254274262917], [28.1490435684401, -26.4293830232956], [28.1547119350796, -26.428729251322], [28.1568797018136, -26.4241198777797], [28.1533792533927, -26.4201642982675], [28.1555469618298, -26.4155546189608], [28.1612149671705, -26.4149004971498], [28.1647154860726, -26.4188560591247], [28.1703835739671, -26.4182015965539], [28.1725509209472, -26.4135915676378], [28.1690503317047, -26.4096360232459], [28.1712176204461, -26.4050256888152], [28.1677171949179, -26.4010698433217], [28.1698844254208, -26.3964592035382], [28.1663841635956, -26.392503057114], [28.1685513358601, -26.3878921121395], [28.1742186183034, -26.3872372916023], [28.1777189503641, -26.3911934203422], [28.1833863149285, -26.3905382593247], [28.1868868807514, -26.3944940694596], [28.1925543271489, -26.3938385678896], [28.1947209858635, -26.3892272520969], [28.2003882920124, -26.3885714059146], [28.2025547405892, -26.3839597633545], [28.2082219062846, -26.383303572691], [28.2103881446592, -26.3786916035405], [28.2068873694492, -26.3747358467858], [28.2090535497312, -26.3701235729082], [28.2147203530799, -26.3694670340929], [28.2182211978043, -26.3734227729628], [28.2238880819778, -26.3727658937306], [28.227389159665, -26.376721313764], [28.2330561243754, -26.3760640940429], [28.2352217897629, -26.3714514506956], [28.2317206428604, -26.3674960486101], [28.2338862502428, -26.3628831007496], [28.2303852669112, -26.358927397786], [28.2325508162886, -26.3543141455744], [28.2290499965168, -26.3503581419038], [28.2312154878892, -26.3457445855033], [28.2277148316662, -26.3417882812966], [28.2220487533095, -26.342445515464], [28.2185483299112, -26.3384888928322], [28.2128823322353, -26.3391457869351], [28.209382141827, -26.3351888460388], [28.2115478796186, -26.3305750290878], [28.2172136556981, -26.3299181312452], [28.2193791833048, -26.3253039886848], [28.2158790869842, -26.3213467657805], [28.218044556557, -26.3167323195554], [28.2237099702657, -26.3160750744613], [28.2272101359093, -26.320032279249], [28.2328756301187, -26.319374694337], [28.235040737163, -26.3147599010894], [28.2407060901304, -26.3141019728401], [28.244206557478, -26.3180588412913], [28.2420416028647, -26.3226736561661], [28.2455422337028, -26.3266302244799], [28.2433772211429, -26.3312447357419], [28.2468780154827, -26.3352010037471], [28.2525438912604, -26.3345427423156], [28.2560449179425, -26.3384986917], [28.2617108733215, -26.3378400901284], [28.2638755805937, -26.3332255359518], [28.2603744852225, -26.329269604754], [28.2625391346066, -26.3246547468908], [28.2590382027121, -26.3206985152696], [28.261202794208, -26.3160833538823], [28.2577020257791, -26.312126822009], [28.2598665593868, -26.3075113572603], [28.2655317087137, -26.3068524029442], [28.2676960317224, -26.3022366135248], [28.2733610389417, -26.301577316301], [28.2755251512874, -26.2969612023886], [28.2811900161945, -26.2963015623891]], [[28.3098264473746, -26.2580424052566], [28.3041625958086, -26.2587034201845], [28.3019994421807, -26.2633214350138], [28.2963354475796, -26.26398210789], [28.2928348276919, -26.2600247686152], [28.2949981344381, -26.2554067750725], [28.3006619079841, -26.2547460995124], [28.3028250038991, -26.2501277825664], [28.3084886344574, -26.2494667650523], [28.3119893900781, -26.253424067076], [28.3098264473746, -26.2580424052566]], [[27.9906964899182, -26.2076307933853], [27.992865340961, -26.2030156866994], [27.9985278469804, -26.2023665505108], [28.0020217242704, -26.2063325272565], [27.9998530223842, -26.2109476579852], [27.9941902940209, -26.2115967879312], [27.9906964899182, -26.2076307933853]], [[28.2360134979618, -26.2098781809222], [28.233849448824, -26.2144969499591], [28.2373481875897, -26.2184570900581], [28.2351840805351, -26.2230755575649], [28.2295210824802, -26.2237338629953], [28.2273567652755, -26.2283520068624], [28.2216936262451, -26.2290099700632], [28.2181950257821, -26.2250497929341], [28.2125319673599, -26.2257074174141], [28.2090335996518, -26.2217469237055], [28.2033706221252, -26.222404209537], [28.1998724873371, -26.2184433994102], [28.2020372605072, -26.2138253219147], [28.2077000166297, -26.2131680323275], [28.2111982209558, -26.2171288239972], [28.2168610580098, -26.2164711958679], [28.2190254693502, -26.2118527724166], [28.2155271956266, -26.2078919992499], [28.2098645799296, -26.2085496310372], [28.2063665389745, -26.2045885415785], [28.2007040042448, -26.2052458349302], [28.1985392891079, -26.2098642139704], [28.1928766142041, -26.2105211650878], [28.1907116892902, -26.2151392202817], [28.1850488744168, -26.2157958290332], [28.1815512059634, -26.2118343865537], [28.1758884728474, -26.212490656874], [28.1723910378086, -26.2085288984603], [28.1667283867373, -26.2091848304218], [28.1632311852778, -26.2052227562354], [28.1575686165385, -26.2058783499109], [28.154071648823, -26.2019159601132], [28.156237179488, -26.1972979950147], [28.1618995266447, -26.196642397051], [28.1653965646886, -26.2006047684797], [28.1710589942128, -26.1999488323365], [28.1745562658428, -26.2039108881364], [28.1802187774474, -26.203254613741], [28.1823837958914, -26.1986362794676], [28.1788864542313, -26.1946742421006], [28.1732241641269, -26.1953305205799], [28.1697270558947, -26.1913681675663], [28.1718921676886, -26.1867495545406], [28.1775542363041, -26.1860932719686], [28.1810514145842, -26.1900556065208], [28.1867135650644, -26.1893989858371], [28.188878315792, -26.1847800266121], [28.1945403264433, -26.1841230638557], [28.1980378077429, -26.1880850642184], [28.195873208672, -26.192704045857], [28.1993708533271, -26.1966657489194], [28.205033166675, -26.1960084517946], [28.207197613967, -26.1913894478313], [28.2128597869834, -26.1907318087019], [28.2163577340121, -26.1946931772169], [28.2141934386214, -26.1993122034159], [28.2176915489921, -26.2032732743429], [28.223354024059, -26.2026153004874], [28.225518167426, -26.1979962521417], [28.2311805016585, -26.1973379363499], [28.2346789137566, -26.201298672372], [28.2325149225355, -26.2059177427755], [28.2360134979618, -26.2098781809222]], [[28.0084051878219, -26.1357152896772], [28.0049123094091, -26.1317472827184], [28.0070801262038, -26.1271290908644], [28.0035874112935, -26.1231607894621], [28.0057551694482, -26.1185422971798], [28.0114154933358, -26.1178920821027], [28.014908281152, -26.1218603653363], [28.0127406722052, -26.1264788818101], [28.0162336235065, -26.130446870629], [28.0140659559484, -26.1350650866365], [28.0084051878219, -26.1357152896772]], [[28.2178420880948, -26.1115069877886], [28.2121819658789, -26.1121653386795], [28.2086854189739, -26.1082013185071], [28.2030253775808, -26.1088593320962], [28.1995290633608, -26.1048949971979], [28.2016927210318, -26.1002726676108], [28.2073525412488, -26.0996146503577], [28.2108489249407, -26.1035789663614], [28.2165088260163, -26.1029206119131], [28.2200054422351, -26.1068846131735], [28.2178420880948, -26.1115069877886]], [[28.2161817204116, -26.1379208811123], [28.2126846838008, -26.1339577494722], [28.2070239788124, -26.1346157521212], [28.2035271748663, -26.1306523053228], [28.20569100646, -26.126030874689], [28.2113514902389, -26.1253728684019], [28.2148483636033, -26.1293362963925], [28.2205089281334, -26.1286779525903], [28.2240060340044, -26.1326410654051], [28.2218425061154, -26.1372625408416], [28.2161817204116, -26.1379208811123]], [[28.0868793912215, -25.9911497799979], [28.089044184946, -25.9865250202233], [28.0947011031983, -25.9858706633712], [28.0981934491617, -25.9898410712173], [28.0960288055372, -25.9944658548728], [28.090371665819, -25.995120206807], [28.0868793912215, -25.9911497799979]], [[28.0435648542478, -26.0836015549171], [28.0413981943302, -26.0882219675197], [28.0357386336153, -26.0888735578952], [28.0322459547538, -26.0849047413116], [28.0344127641963, -26.0802843527717], [28.0400721030058, -26.079632756747], [28.0435648542478, -26.0836015549171]], [[27.8233733992217, -26.1874122351717], [27.8177113656317, -26.1880545840688], [27.8142215132273, -26.1840838168804], [27.8085595729755, -26.1847258290654], [27.8050699607867, -26.1807547508949], [27.7994081141588, -26.1813964264433], [27.7959187423486, -26.1774250374546], [27.7980911405708, -26.1728119901745], [27.8037527640363, -26.1721703060779], [27.8072422124115, -26.1761416778153], [27.8129039295352, -26.1754996571892], [27.8150759751366, -26.1708862563806], [27.8207375625504, -26.1702438908058], [27.8242273274146, -26.1742149343889], [27.8298890079491, -26.1735722322408], [27.8320607005525, -26.1689584782691], [27.8377222509198, -26.1683154313332], [27.8398937372745, -26.1637013500354], [27.8455551572688, -26.1630579584411], [27.8477264373093, -26.1584435499938], [27.8533877267251, -26.1577998138704], [27.8568779589803, -26.1617704941439], [27.8547068261605, -26.1663849280123], [27.8490453138343, -26.1670286561917], [27.846873974606, -26.171642762961], [27.8503642949225, -26.1756131669397], [27.8560260301706, -26.1749694466947], [27.8581972221497, -26.1703553145423], [27.8638588265218, -26.1697112497027], [27.8660298119981, -26.1650967905017], [27.8716912852886, -26.1644523811968], [27.8751819959137, -26.1684224388285], [27.8730111579036, -26.1730369232736], [27.8765020322511, -26.1770066868719], [27.874331135139, -26.1816208695254], [27.8778221732202, -26.185590338917], [27.8834841836446, -26.1849456081452], [27.8856549331388, -26.1803314003738], [27.8913168119325, -26.1796863251032], [27.8948081639855, -26.1836554651161], [27.892637562232, -26.1882696979168], [27.896129078007, -26.1922385434335], [27.9017912704519, -26.1915931386023], [27.9052830248288, -26.1955616719365], [27.9031125119227, -26.2001756276096], [27.9066044300269, -26.20414386613], [27.9044338581043, -26.2087575195707], [27.8987712201259, -26.2094029096313], [27.8952793768732, -26.205434653626], [27.8896168296929, -26.2060797064056], [27.8861252251937, -26.2021111380919], [27.8804627690976, -26.2027558536652], [27.8769714035152, -26.1987869732061], [27.879142418832, -26.1941733946271], [27.8756512170059, -26.1902042196151], [27.8699890751563, -26.1908486057587], [27.8664981124161, -26.1868791189095], [27.868669216154, -26.1822652633799], [27.8651784171646, -26.1782954822957], [27.8595165899051, -26.1789395393079], [27.8573453387665, -26.1835533695807], [27.8516833805849, -26.1841970819006], [27.848192896506, -26.1802269718671], [27.8425310305876, -26.1808703473879], [27.8403594257991, -26.185483824914], [27.8346974294159, -26.1861268555813], [27.8312072608654, -26.1821564168463], [27.8255453572828, -26.1827991107579], [27.8233733992217, -26.1874122351717]], [[28.1495815726756, -26.154387250416], [28.1474163329007, -26.1590067206661], [28.1417549547594, -26.1596619981902], [28.1395895057907, -26.1642811448421], [28.1339279891243, -26.164936080222], [28.1304321430659, -26.160971873481], [28.132597742928, -26.1563527498139], [28.1382590379855, -26.1556978098973], [28.1404244287474, -26.1510783625804], [28.1460855853266, -26.1504230806175], [28.1495815726756, -26.154387250416]], [[27.9169825859446, -26.1592889353096], [27.9148126639834, -26.163904449608], [27.9091511813148, -26.1645505575965], [27.9056598432722, -26.1605811585041], [27.9078299132278, -26.1559656691209], [27.9134911732621, -26.1553195539093], [27.9169825859446, -26.1592889353096]], [[28.1415983156114, -26.1028746670956], [28.1394334249013, -26.1074959381124], [28.1337733759642, -26.1081512424014], [28.1302784392622, -26.1041852801596], [28.1324434807856, -26.0995640323017], [28.138103308228, -26.0989087235211], [28.1415983156114, -26.1028746670956]], [[27.9637428950551, -26.0140808398781], [27.9694005123917, -26.0134315640308], [27.9728907927255, -26.0174040064042], [27.9707233821842, -26.0220257430511], [27.9650655427545, -26.0226750124543], [27.9615753359896, -26.018702551649], [27.9637428950551, -26.0140808398781]], [[28.2291287156132, -25.9615026831434], [28.2326233249635, -25.965470732094], [28.2304616197419, -25.9700985623095], [28.2248051533472, -25.9707583207889], [28.2213106130011, -25.9667902523309], [28.2234724700152, -25.9621624449066], [28.2291287156132, -25.9615026831434]], [[28.153095711895, -26.0097237800827], [28.1509319714359, -26.0143487051477], [28.1452743302457, -26.0150050714081], [28.1417806507986, -26.0110365168737], [28.1439445420906, -26.0064116151536], [28.1496019620272, -26.0057552446173], [28.153095711895, -26.0097237800827]], [[28.1492643250317, -26.0407818904853], [28.1457701560584, -26.0368142171982], [28.1479342217053, -26.0321902094133], [28.1535923054363, -26.0315338516786], [28.1570865447772, -26.0355015059844], [28.15492263005, -26.0401255370005], [28.1492643250317, -26.0407818904853]], [[28.1522620859019, -26.0229415742812], [28.1544258844503, -26.0183169470673], [28.1600836082172, -26.0176602448297], [28.1635777546347, -26.0216281739722], [28.1614141070703, -26.0262528244037], [28.155756162074, -26.0269095224809], [28.1522620859019, -26.0229415742812]], [[28.1234408485736, -26.1530428493355], [28.1212750979404, -26.1576619499291], [28.1247707097347, -26.1616264712198], [28.1226049008367, -26.1662452710594], [28.1169433294363, -26.1668995264889], [28.1134477886555, -26.1629349868143], [28.1077863011286, -26.1635889046421], [28.1042909949342, -26.1596240505975], [28.106457105065, -26.1550052970968], [28.1029619622922, -26.1510401471925], [28.1051280141004, -26.146421093013], [28.1107890581855, -26.1457671654806], [28.1129549011739, -26.1411477874973], [28.1186158075347, -26.1404935178177], [28.1207814416387, -26.1358738162085], [28.1172863200032, -26.131908407511], [28.1194518958428, -26.1272884056403], [28.125112442664, -26.1266337892751], [28.1286076352258, -26.1305991794561], [28.1342682655241, -26.1299442258766], [28.1377636922119, -26.1339093019229], [28.1355984178633, -26.1385293500774], [28.1390940079019, -26.1424941303789], [28.1369286753468, -26.1471138781967], [28.1312676018869, -26.1477688226588], [28.127772082599, -26.1438040238517], [28.1221110925453, -26.144458630886], [28.1199454001767, -26.1490780320695], [28.1234408485736, -26.1530428493355]], [[28.1002503476023, -26.2823485732363], [28.0967532931989, -26.2783872291778], [28.0910888146577, -26.2790397192876], [28.0889211685016, -26.2836535483195], [28.0832565526533, -26.2843056943573], [28.0797598050759, -26.280344016595], [28.0740952742566, -26.2809958237648], [28.0705987621488, -26.2770338302999], [28.0649343166456, -26.2776852986751], [28.0627661611145, -26.2822987550682], [28.057101579013, -26.2829498791743], [28.0536053746746, -26.2789875524294], [28.0557736802717, -26.2743741193234], [28.0614380401717, -26.2737229896695], [28.0636061371756, -26.2691092300799], [28.0692703605239, -26.2684577562544], [28.0727667089928, -26.2724200474745], [28.0784310176925, -26.2717682349608], [28.0805987557847, -26.2671541258798], [28.0771023354612, -26.2631918524916], [28.0792700150843, -26.2585774404656], [28.0849339647139, -26.2579252786886], [28.0884304567515, -26.2618875341988], [28.094094491229, -26.2612350338002], [28.0962618116235, -26.2566202727392], [28.1019257086824, -26.2559674285943], [28.1054225072957, -26.2599293505675], [28.1032553374649, -26.2645441346222], [28.1067522996578, -26.2685057587811], [28.1045850714449, -26.2731202399419], [28.1080821972287, -26.2770815661147], [28.1059149106334, -26.2816957442186], [28.1002503476023, -26.2823485732363]], [[28.1370841346392, -26.2038810457205], [28.1405807978191, -26.2078437692728], [28.1462434226986, -26.2071888564436], [28.1497403199452, -26.211151264564], [28.1475745217338, -26.2157686037843], [28.141911675178, -26.2164235121299], [28.1397456676629, -26.2210405268161], [28.1432426577693, -26.2250026558851], [28.1489057260127, -26.2243477520142], [28.1510715824316, -26.2197307146054], [28.1567345118223, -26.2190754679062], [28.1602318064156, -26.2230372629898], [28.1580661012154, -26.2276543230326], [28.1615635592644, -26.2316158205007], [28.1593977958856, -26.2362325785312], [28.1537344231798, -26.2368878165028], [28.1502370355463, -26.2329263007975], [28.1445737456041, -26.2335812002024], [28.1424076216157, -26.2381976108499], [28.1459049386934, -26.2421591447463], [28.1515684503456, -26.2415042497984], [28.1550660014637, -26.2454654676875], [28.160729595844, -26.2448102340665], [28.1642273808376, -26.2487711357869], [28.1620615011015, -26.2533872893029], [28.1563976850355, -26.2540425185822], [28.1528999704218, -26.2500815986814], [28.1472362370482, -26.2507364891811], [28.1437387564682, -26.2467752531294], [28.1380751060743, -26.2474298049223], [28.1345778596929, -26.2434682528811], [28.1367441929787, -26.2388521671975], [28.1332471101062, -26.2348903174554], [28.1275837647716, -26.2355445352755], [28.1254172805476, -26.2401605981709], [28.1289142925658, -26.2441224660401], [28.126747750047, -26.2487382265823], [28.1210840446348, -26.2493920964215], [28.1175871036111, -26.2454302104715], [28.1197537969746, -26.2408144727688], [28.1162570194841, -26.2368522892333], [28.1105936197523, -26.2375058253432], [28.1070970769541, -26.2335433263031], [28.1014337613506, -26.234196523998], [28.0992667666656, -26.2388122157554], [28.0936033135318, -26.23946507003], [28.0901070770592, -26.2355022376198], [28.0922742222211, -26.230886568968], [28.088778149301, -26.2269234394041], [28.0831150028152, -26.2275759604884], [28.0796191650808, -26.2236125159054], [28.0817864021575, -26.2189965682815], [28.078290727971, -26.2150328268612], [28.0804579066083, -26.2104165772344], [28.0861206091661, -26.2097640457533], [28.0896163550145, -26.2137277691075], [28.0952791423454, -26.2130748995709], [28.0974459618857, -26.2084583015805], [28.1031086118264, -26.2078050889165], [28.1066046640726, -26.2117684792473], [28.1122673982479, -26.211114928488], [28.1144338583169, -26.2064979825026], [28.1200964546456, -26.2058440887805], [28.123592812669, -26.2098071458439], [28.1292554926938, -26.2091529139869], [28.1314215929173, -26.2045356203755], [28.1370841346392, -26.2038810457205]], [[28.1311136907073, -26.0909762276355], [28.12894870739, -26.095597775008], [28.1232889632799, -26.0962527469283], [28.1197944240364, -26.0922861760776], [28.1219595580158, -26.0876646519907], [28.127619080607, -26.0870096754632], [28.1311136907073, -26.0909762276355]], [[28.0088876329734, -26.1575031909205], [28.0032262855753, -26.1581530388285], [27.9997331531179, -26.1541856032406], [28.0019012950342, -26.1495683377862], [27.998408326119, -26.1456006073796], [28.000576409366, -26.140983041042], [28.0062373123869, -26.1403331809385], [28.0097303543134, -26.1443008932805], [28.007562420238, -26.148918483785], [28.0110556256894, -26.152885901337], [28.0088876329734, -26.1575031909205]], [[27.9862421490154, -26.160101221843], [27.9919035434858, -26.1594520543034], [27.9953966028092, -26.1634195078805], [28.0010580849895, -26.1627700032357], [28.0045513810004, -26.1667371438318], [28.0023831217448, -26.1713538070277], [27.9967214173125, -26.1720033054908], [27.9932281944182, -26.168036146934], [27.9875665776608, -26.1686853081851], [27.9840735916118, -26.1647178366655], [27.9862421490154, -26.160101221843]], [[28.0285236523655, -26.172719948125], [28.0228619087743, -26.1733704645292], [28.0193681398796, -26.1694039503831], [28.0215360418845, -26.1647869378819], [28.0271975633402, -26.1641364156073], [28.030691404896, -26.1681029117099], [28.0285236523655, -26.172719948125]], [[28.2659815855229, -26.1801824934356], [28.2716434335463, -26.179522472918], [28.2751423523643, -26.1834828175403], [28.2729793547913, -26.1881032014714], [28.2673172857293, -26.1887632190244], [28.2638184353092, -26.1848028556051], [28.2659815855229, -26.1801824934356]], [[28.0778702951894, -26.0446715327339], [28.081363242939, -26.0486405317684], [28.0870217642807, -26.047986886366], [28.0905149468648, -26.0519555730721], [28.0883495365972, -26.0565779238693], [28.0826907936289, -26.0572315642105], [28.080525174925, -26.0618535924208], [28.0748662951542, -26.0625068914294], [28.0713732557907, -26.0585381673813], [28.0735390244874, -26.0539161629779], [28.0700461484356, -26.0499471452668], [28.0722118587534, -26.04532484207], [28.0778702951894, -26.0446715327339]], [[27.9548115546891, -26.1243840410627], [27.9526427274235, -26.1290014852351], [27.9561345112025, -26.1329707774713], [27.9539656251237, -26.1375879209496], [27.9483048067709, -26.1382357475359], [27.9461357133855, -26.1428525655322], [27.940474761759, -26.1435000486592], [27.9369831259981, -26.1395307206166], [27.9391523677541, -26.1349139273325], [27.9448130969309, -26.134266437373], [27.9469821314742, -26.1296493185562], [27.9434905852132, -26.1256797144431], [27.9378300784747, -26.1263272112442], [27.934338769895, -26.1223572954175], [27.9286783526533, -26.1230044557733], [27.9251872819183, -26.1190342283961], [27.9273565541235, -26.1144168585875], [27.9330167489036, -26.1137696912736], [27.9365078939096, -26.1177399007322], [27.9421681782213, -26.11709239708], [27.9456595609146, -26.1210622949698], [27.9513199344718, -26.1204144549048], [27.9548115546891, -26.1243840410627]], [[28.1747215302422, -26.2606526118745], [28.180385510831, -26.2599967048182], [28.1838839265572, -26.2639566752978], [28.1817182916792, -26.2685725710155], [28.1760540894649, -26.2692284739517], [28.1725557437844, -26.2652684852847], [28.1747215302422, -26.2606526118745]], [[28.1757229421349, -26.1557269348206], [28.1813842069141, -26.1550702981049], [28.184880965082, -26.1590335045831], [28.1905423115816, -26.1583765301094], [28.1940393028815, -26.1623394213377], [28.1918748779091, -26.1669593056453], [28.1862133100368, -26.1676162762045], [28.18271638854, -26.1636533663649], [28.1770549023524, -26.1643099990595], [28.1735582141456, -26.1603467739876], [28.1757229421349, -26.1557269348206]], [[27.941587748916, -26.0384840379379], [27.9394195097705, -26.0431044800054], [27.9429096584383, -26.04707670364], [27.9407413604817, -26.0516968466594], [27.9442316726101, -26.0556687779368], [27.9420633158422, -26.0602886217431], [27.9364044987093, -26.0609365092746], [27.934235934895, -26.065556028738], [27.9285769849038, -26.0662035736905], [27.925086821104, -26.0622316060898], [27.9272555330307, -26.0576121116803], [27.9329142606752, -26.056964559812], [27.9350827656493, -26.0523447410088], [27.9315926910931, -26.0483724991601], [27.9337611372272, -26.0437523811819], [27.9302712261375, -26.0397798471214], [27.9324396134319, -26.0351594301331], [27.9380977636975, -26.0345115221204], [27.941587748916, -26.0384840379379]], [[28.2201824227531, -26.1636710546788], [28.2180185111689, -26.1682913067037], [28.2123569212304, -26.1689492948867], [28.2088594641609, -26.1649870346427], [28.2110235276525, -26.1603668049139], [28.2075262338805, -26.1564042477721], [28.2096902393976, -26.1517837175708], [28.206193108912, -26.1478208637039], [28.2083570564545, -26.1432000331942], [28.2140179826638, -26.1425420341747], [28.2175151825319, -26.1465048692914], [28.2153513868387, -26.1511257221721], [28.2188487499755, -26.1550882605925], [28.2166848963367, -26.1597088131273], [28.2201824227531, -26.1636710546788]], [[28.1394061244241, -26.2560068423838], [28.1450699965862, -26.2553522951366], [28.1485676406796, -26.2593132331717], [28.1464013419807, -26.2639287365364], [28.1407372480392, -26.2645832792467], [28.1372396746065, -26.2606223231235], [28.1394061244241, -26.2560068423838]], [[27.9030177390957, -26.14341019816], [27.9051876910787, -26.1387941063657], [27.9108485058789, -26.1381479766797], [27.9143395912768, -26.1421179460355], [27.9121697872309, -26.1467340628208], [27.9065087498194, -26.1473801852649], [27.9030177390957, -26.14341019816]], [[27.9669776108133, -26.1098819310478], [27.9613175042342, -26.1105304572496], [27.9578259737339, -26.1065605953745], [27.959994476089, -26.1019422253811], [27.9656543603799, -26.1012936926217], [27.9691459645735, -26.105263536419], [27.9669776108133, -26.1098819310478]], [[27.9473521839976, -26.0946497995976], [27.9495207760127, -26.0900311542917], [27.9551803492144, -26.0893829510992], [27.9586715526821, -26.0933533998921], [27.9565031091106, -26.0979720699602], [27.9508433135973, -26.0986202664789], [27.9473521839976, -26.0946497995976]], [[27.9090548580051, -26.1077688315286], [27.9147148728643, -26.1071223366675], [27.9182055420056, -26.1110931687736], [27.9160361217326, -26.1157105136169], [27.9195269544595, -26.1196810523812], [27.9173574752586, -26.1242980966819], [27.9116970153264, -26.124944577208], [27.9082062571679, -26.1209740205906], [27.9103758843427, -26.1163570013059], [27.906885289787, -26.1123861513179], [27.9090548580051, -26.1077688315286]], [[28.2856398983185, -26.1953626220116], [28.282140584769, -26.191402892156], [28.284303429579, -26.1867824865523], [28.2899654350838, -26.1861217892149], [28.2934648167145, -26.1900815002389], [28.2991269005287, -26.1894204643839], [28.3026265133179, -26.1933798583675], [28.3004639744003, -26.1980003070491], [28.2948016696558, -26.1986613402585], [28.2913021247896, -26.1947019274261], [28.2856398983185, -26.1953626220116]], [[28.0126175077068, -26.0696782689114], [28.0069584289922, -26.0703288563601], [28.0034666218512, -26.0663588102827], [28.0056338205239, -26.0617381951506], [28.0112926772392, -26.0610876017225], [28.0147845572506, -26.0650576294116], [28.0126175077068, -26.0696782689114]], [[28.0244194630182, -26.0901760601472], [28.0279120693592, -26.0941448950973], [28.0257449934086, -26.0987646602108], [28.0200851617489, -26.0994155662148], [28.0165926280685, -26.0954467129449], [28.0187598533567, -26.0908269719964], [28.0244194630182, -26.0901760601472]], [[28.0661254595644, -26.2295321603377], [28.0639578052099, -26.2341474568859], [28.0582944703677, -26.2347989526037], [28.0547990120086, -26.2308351572632], [28.0569668163785, -26.2262198841376], [28.0534715216088, -26.222255792047], [28.0556392674523, -26.2176402167041], [28.0521441362608, -26.2136758280359], [28.0543118235782, -26.209059950639], [28.0599744921599, -26.2084084384069], [28.0634696954693, -26.2123728090912], [28.0691324496493, -26.2117209589172], [28.0726278884794, -26.2156850150506], [28.0704605011999, -26.2203009393542], [28.0647975249796, -26.220952784121], [28.0626299291225, -26.2255683829241], [28.0661254595644, -26.2295321603377]], [[28.0696957476539, -26.0849606236986], [28.0662024534188, -26.0809924689552], [28.06836854721, -26.0763713857037], [28.0740277853098, -26.0757184334076], [28.0775211513301, -26.0796865696081], [28.0753552074958, -26.084307676642], [28.0696957476539, -26.0849606236986]], [[27.9644418681422, -26.1494943089141], [27.9666106644184, -26.1448774417595], [27.9722716602647, -26.1442289416961], [27.9757640821497, -26.1481973153048], [27.9735954346122, -26.1528142069056], [27.9770880200691, -26.1567822859563], [27.9749193137755, -26.1613988764591], [27.9692578732271, -26.1620473635084], [27.9657653613595, -26.1580792665517], [27.9601040093451, -26.1587274166116], [27.9566117348137, -26.1547590071806], [27.9509504716196, -26.1554068203252], [27.9487812605494, -26.1600230361882], [27.9431198639892, -26.1606705056781], [27.9409504456196, -26.1652863956297], [27.9352889158985, -26.1659335213347], [27.9317970270963, -26.1619647639942], [27.9339665937999, -26.15734889873], [27.9396279010022, -26.1567017661133], [27.9417972605004, -26.1520855748869], [27.947458434588, -26.1514380985831], [27.9496275868157, -26.1468215815714], [27.9552886275834, -26.1461737617106], [27.9587807385194, -26.1501424655833], [27.9644418681422, -26.1494943089141]], [[28.2609598594836, -26.1108551279975], [28.2552997793691, -26.1115151725395], [28.2518023978581, -26.1075521354889], [28.2539650278716, -26.1029290729588], [28.2596248870475, -26.1022690253755], [28.2631223371182, -26.1062320433694], [28.2609598594836, -26.1108551279975]], [[28.1564134605534, -26.1055286683542], [28.1585779911508, -26.1009070516594], [28.1642378454933, -26.1002507276795], [28.1664021668495, -26.0956287885546], [28.1629067850156, -26.0916631963709], [28.1572471520388, -26.0923195245396], [28.1550826795605, -26.0969414406976], [28.1494229077258, -26.097597427705], [28.1459278298011, -26.0936315028443], [28.140268140761, -26.094287152952], [28.1367732966663, -26.0903209143544], [28.1389380710222, -26.0856990443976], [28.135443390205, -26.0817325109505], [28.1376081063841, -26.0771103417707], [28.1341135888333, -26.0731435136474], [28.1284544258076, -26.0737988359557], [28.1262895589021, -26.0784209818634], [28.1206302578186, -26.0790759630069], [28.1171360451675, -26.0751088028618], [28.1114768277737, -26.0757634474317], [28.1093116015183, -26.0803852474182], [28.1036522465222, -26.081039550658], [28.1001583393903, -26.0770720587353], [28.1023237160342, -26.0724502822505], [28.098829972206, -26.0684824960566], [28.1009952905574, -26.0638604204999], [28.1066542024078, -26.0632061075918], [28.1101480174436, -26.0671738750847], [28.1158070133056, -26.0665192257832], [28.1193010626772, -26.0704866803152], [28.1249601422643, -26.0698316945469], [28.1271249509641, -26.0652092496187], [28.1236308306826, -26.061241813852], [28.1179719725807, -26.0618968042539], [28.1144780864774, -26.0579290555087], [28.116642987518, -26.0533063351618], [28.1131492646719, -26.0493382923771], [28.1153141074782, -26.0447152733774], [28.1209725226433, -26.0440602736819], [28.1231371567266, -26.039436932682], [28.1196435261638, -26.0354686148843], [28.1139853324501, -26.0361236192397], [28.110491936085, -26.0321549888978], [28.1048338262379, -26.0328096572141], [28.1026688912995, -26.0374329510998], [28.1061622165442, -26.0414016002766], [28.1039972233426, -26.0460245957125], [28.0983387545928, -26.0466789183241], [28.0948455006085, -26.0427102503593], [28.0970106440831, -26.0380872785765], [28.0935175533577, -26.0341183170357], [28.0956826385403, -26.029495046841], [28.0921897110628, -26.0255257918983], [28.0943547379536, -26.020902223457], [28.1000125421369, -26.0202478862237], [28.1035055409099, -26.0242171223202], [28.1091634292814, -26.0235624492282], [28.1126566624228, -26.0275313730878], [28.1183146346962, -26.0268763640636], [28.120479152369, -26.022252426508], [28.1261369868646, -26.0215970769078], [28.1296305250506, -26.0255656694395], [28.135288442911, -26.0249099838676], [28.1387822149795, -26.0288782638198], [28.1366179985352, -26.0335022482843], [28.1401119337968, -26.0374702344582], [28.137947659205, -26.0420939206517], [28.1414417576709, -26.0460616128734], [28.1471002012664, -26.0454055999614], [28.1505945334374, -26.0493729791517], [28.156253059754, -26.0487166299079], [28.159747625466, -26.0526836959044], [28.1654062342173, -26.052027010256], [28.1675700559634, -26.0474032544826], [28.1640754200593, -26.0434362074559], [28.1662391837447, -26.0388121532979], [28.1718974322007, -26.0381551231085], [28.175392138157, -26.0421221511188], [28.1732285256355, -26.0467462283292], [28.1767233947584, -26.0507129619824], [28.1745597242052, -26.0553367407705], [28.1689010333058, -26.0559937628965], [28.166737153499, -26.0606172201202], [28.170232115783, -26.0645836782008], [28.1758910279209, -26.0639266600936], [28.1780547565059, -26.0593031798928], [28.1837135292668, -26.0586458212165], [28.185877048505, -26.054022019503], [28.1915356816849, -26.0533643203897], [28.1950310167522, -26.0573304268096], [28.1928676489511, -26.0619542513592], [28.1872087946152, -26.0626119466586], [28.1850452173742, -26.0672354497471], [28.1885406459048, -26.0712012803402], [28.1863770106609, -26.0758244846385], [28.1807177954831, -26.0764818354996], [28.1785539508343, -26.0811047180307], [28.1820494727349, -26.0850702725189], [28.1798855700541, -26.0896928559681], [28.1833812551769, -26.0936581152312], [28.181217294464, -26.0982803994336], [28.18471314282, -26.1022453632983], [28.182549124075, -26.1068673480893], [28.1860451356754, -26.1108320163824], [28.1917052358211, -26.1101746810481], [28.1952014804291, -26.1141390347945], [28.1930375551696, -26.1187607426713], [28.187377233754, -26.1194180741457], [28.1838810588981, -26.1154537015975], [28.1782208190943, -26.1161106957742], [28.1747248774039, -26.1121460086969], [28.169064719499, -26.1128026656489], [28.1655690111386, -26.1088376642043], [28.1599089354192, -26.1094939840041], [28.1577443467025, -26.1141153010714], [28.1520841320317, -26.1147712795138], [28.1485887275317, -26.1108059451613], [28.1507534673063, -26.1061846510747], [28.1564134605534, -26.1055286683542]], [[27.9737085219395, -26.2095764885585], [27.9758777297134, -26.2049617322669], [27.972384399731, -26.2009951108388], [27.9745535487189, -26.1963800525041], [27.9802158788086, -26.195731591372], [27.9837092822938, -26.1996981950364], [27.981540282217, -26.2043132775909], [27.9850338493415, -26.2082795856592], [27.9828647905076, -26.2128943661332], [27.9772020155787, -26.2135428143621], [27.9750327490186, -26.2181572684472], [27.9785264063257, -26.2221232984536], [27.9841894036913, -26.2214748566624], [27.9863585212826, -26.2168603784326], [27.9920213842497, -26.2162115924989], [27.9955153519968, -26.2201772911315], [28.0011783027155, -26.219528167419], [28.0046725072707, -26.2234935522224], [28.0025036879852, -26.228108078476], [27.9968405148997, -26.2287571959643], [27.9946714876711, -26.2333713958051], [27.9981657827406, -26.2373365020935], [27.9959966967832, -26.2419503993259], [27.9903331665765, -26.2425991662944], [27.9868389447824, -26.2386340423374], [27.9811755025092, -26.2392824712809], [27.9790060595895, -26.2438960177659], [27.9733424830303, -26.2445441022418], [27.9711728323626, -26.2491573217838], [27.9746669071846, -26.2531224809386], [27.972497197701, -26.2577353974951], [27.9759914362532, -26.2617002601343], [27.9738216679535, -26.2663128735422], [27.968157512175, -26.26696060022], [27.9659875361343, -26.2715728862573], [27.9603232463882, -26.2722202680127], [27.9581530626715, -26.276832226503], [27.9524886391632, -26.2774792632061], [27.9489946220698, -26.2735143482036], [27.9433302877189, -26.2741610466123], [27.9398365085255, -26.2701958176203], [27.9420069895347, -26.2655839076147], [27.947671101183, -26.2649372023091], [27.9498413747045, -26.2603249646549], [27.9555053528888, -26.2596779143618], [27.9576754188575, -26.2550653492352], [27.9633392633722, -26.2544179540846], [27.9655091217229, -26.2498050616621], [27.9620152843338, -26.2458395886068], [27.9641850838399, -26.2412263932362], [27.9606914101758, -26.237260623982], [27.9628611508374, -26.2326471258266], [27.9593676408872, -26.228681060546], [27.9537044641338, -26.2293284758593], [27.9502111917925, -26.2253620971294], [27.9445481041189, -26.2260091747144], [27.9410550695501, -26.2220424826981], [27.9432250485604, -26.2174287306794], [27.9397321777063, -26.2134617430981], [27.9340694020328, -26.2141084899824], [27.93189927461, -26.2187222174891], [27.9262363659554, -26.2193686198408], [27.9227438074225, -26.2154013017399], [27.9249140831347, -26.2107875988334], [27.9214216883285, -26.2068199854565], [27.9235919050816, -26.2022059802423], [27.9200996739909, -26.1982380717623], [27.9222698317852, -26.1936237644039], [27.9279320724687, -26.1929773408442], [27.9301020231011, -26.1883627067918], [27.9357641309421, -26.187715938992], [27.9379338743473, -26.1831009784224], [27.9435958491404, -26.1824538665125], [27.9470883030509, -26.1864217220615], [27.9449187080659, -26.1910367072052], [27.9484113256401, -26.1950042677361], [27.9540736122053, -26.1943568254089], [27.9562430586474, -26.1897418157797], [27.9619052116616, -26.1890940294072], [27.9653981406867, -26.1930612593396], [27.9632288429103, -26.1976762933658], [27.966721935587, -26.2016432279909], [27.9645525789959, -26.2062579600117], [27.9680458353354, -26.2102245991569], [27.9737085219395, -26.2095764885585]], [[28.1047322241933, -26.3298293758747], [28.1069000118803, -26.3252170422266], [28.1125656850913, -26.3245642382407], [28.1160637926547, -26.3285237728878], [28.121729549891, -26.3278706293889], [28.1252278922397, -26.3318298471129], [28.1308937332139, -26.3311763640281], [28.1330610098213, -26.3265636584494], [28.1387267122938, -26.3259098310366], [28.1422253600804, -26.3298687138775], [28.1400582346075, -26.3344814419242], [28.134392310183, -26.3351352646677], [28.1322249752506, -26.3397476661391], [28.1265589122777, -26.3404011444573], [28.1243913679502, -26.3450132191766], [28.1278900376352, -26.3489718380659], [28.1257224349535, -26.3535836083903], [28.1200560115803, -26.3542367372974], [28.1165574129761, -26.3502781007293], [28.1187251666339, -26.3456663529386], [28.1152267317212, -26.3417074168395], [28.1173944269958, -26.3370953646909], [28.1138961557633, -26.333136129232], [28.1082302604824, -26.3337889282387], [28.1060624143834, -26.3384009577282], [28.1003963812631, -26.3390534121119], [28.096898416389, -26.335093842077], [28.0990664131897, -26.330481835335], [28.1047322241933, -26.3298293758747]]]}}