{"type": "FeatureCollection", "features": [{"type": "Feature", "properties": {"threshold": 70}, "geometry": {"type": "MultiPolygon", "coordinates": [[[[76.71209949924739, 43.17274830013135], [76.72244564468512, 43.17807684747809], [76.73691339723811, 43.17936445368497], [76.74147909423958, 43.18194013870998], [76.75088762716571, 43.18006352695604], [76.75426006959768, 43.18140999832858], [76.742945681567, 43.191319323083256], [76.7393922863175, 43.201217504008106], [76.74236331643398, 43.20700352146314], [76.74153854294828, 43.214469850043265], [76.73430981566985, 43.21757872884636], [76.73077416854679, 43.22911689565142], [76.73909151477201, 43.23364897073066], [76.75327879779825, 43.23450590609594], [76.75299596536128, 43.24113648081517], [76.74818554959013, 43.23907152434843], [76.73969212038595, 43.239493031309586], [76.74076391124176, 43.24895154466155], [76.74629670652314, 43.25490378538921], [76.76122198733276, 43.25351427310544], [76.75907040004262, 43.263077531729834], [76.76468755002868, 43.265475166468356], [76.76534719399059, 43.27511508201751], [76.77136962215542, 43.27433277500225], [76.77643461892121, 43.266683510086835], [76.78818075517121, 43.27054341512569], [76.79360340813157, 43.28281174651469], [76.79154766162672, 43.302224677837415], [76.79743810105741, 43.30230220967044], [76.7990028885954, 43.298201048543035], [76.80336978490239, 43.29704178348151], [76.80408586190862, 43.288298282685965], [76.79839654708411, 43.28583053389621], [76.80259942225369, 43.28000841428894], [76.8132383089804, 43.28351294083224], [76.82104567732102, 43.28134801211887], [76.8254406568522, 43.28254327923368], [76.82322629515492, 43.295219739951776], [76.83283516280014, 43.301702080584796], [76.83623900186313, 43.31166082658205], [76.83442874296047, 43.32260744395319], [76.84065364074578, 43.325056327434226], [76.83927003826632, 43.333862997425356], [76.83213734140406, 43.33591211478209], [76.82855293264221, 43.34744499052521], [76.83271990836691, 43.35527330168471], [76.84395743651038, 43.361925073708534], [76.84878626199408, 43.38671621344952], [76.86049264145554, 43.389507054214285], [76.86766209439575, 43.378486850540554], [76.87562154313282, 43.382419738233935], [76.88373744482614, 43.38195960888657], [76.8800753979188, 43.37390776124954], [76.88933667641652, 43.37245946591037], [76.89626324470107, 43.36605071226388], [76.90634366359934, 43.3663020223794], [76.90921629210321, 43.375340868489346], [76.90321968921688, 43.379978961136636], [76.906400673473, 43.39034659843251], [76.91395202357633, 43.392277141509716], [76.91793239541438, 43.39775830111815], [76.91438135350171, 43.3999737341837], [76.90507583785761, 43.39797385099402], [76.90487171321796, 43.40475960400415], [76.9021497962073, 43.407214716810074], [76.89295532595038, 43.40289571305052], [76.88615208059973, 43.40326106600468], [76.88720639712623, 43.41248058250471], [76.8846080657155, 43.418963493415504], [76.88887512246201, 43.42077543643186], [76.89164227753795, 43.426040549141234], [76.89933060702393, 43.42542269069355], [76.90726019871985, 43.42057169564786], [76.91534859858032, 43.42099167663334], [76.92216791843506, 43.41289022175603], [76.92088830870684, 43.39822926035061], [76.92535071257777, 43.39498196339231], [76.92523902380272, 43.38976298138746], [76.9235846167808, 43.38788937037166], [76.91416970048631, 43.38766690162619], [76.91232633302504, 43.38339165698214], [76.91867661240053, 43.36442464923235], [76.92388200958416, 43.36367391697108], [76.93043423659289, 43.367517907265245], [76.930500844415, 43.374845984893646], [76.93733690346362, 43.38371350916875], [76.93708770572546, 43.403679319033806], [76.94549202897193, 43.40402643299504], [76.94525631058784, 43.39293505896505], [76.94794837310452, 43.390268716654596], [76.94627771186062, 43.38256792841142], [76.94928903836427, 43.37998761629728], [76.95781659412785, 43.37869859773475], [76.95725549673057, 43.37353135656732], [76.96143256395594, 43.37093712141215], [76.96182658271431, 43.365645256957876], [76.97447740031444, 43.36274116569549], [76.98911211112667, 43.370875150012075], [76.99316900542657, 43.38084435032714], [77.00148416462889, 43.38427086878015], [76.99973316007413, 43.391778768468434], [76.99354217050619, 43.396928873558295], [76.99389919538322, 43.39954297252392], [77.00222125323339, 43.40284427216987], [77.0022341927865, 43.416462520765805], [76.99815774103313, 43.421235424676595], [77.00158771202854, 43.422728413586256], [77.00524883367275, 43.43030655804239], [77.01675239996098, 43.436427195364224], [77.0189569263493, 43.44049775721647], [77.02590881169968, 43.442718126976885], [77.02888331571191, 43.45148093146656], [77.02780366351162, 43.45868024603118], [77.03497669955632, 43.45950993974613], [77.03598437740528, 43.44733462589718], [77.0422343847386, 43.44475900826595], [77.04222316740484, 43.439604406160086], [77.03977421023447, 43.43558067777248], [77.03272283201103, 43.43548743963753], [77.03255684163284, 43.4317419139731], [77.04068008848748, 43.428301214558346], [77.04353389603438, 43.42235213708171], [77.03167175110858, 43.417600214467285], [77.03334191435442, 43.408754747626126], [77.03987090790376, 43.3983803092224], [77.04043505190747, 43.38769958378909], [77.03279247783678, 43.386662550175025], [77.02669548656344, 43.38899083891391], [77.02467304100149, 43.399116686819866], [77.02166925760261, 43.40063716500694], [77.01082619192071, 43.39810398404602], [77.00430594847406, 43.3869828472574], [77.01085496685512, 43.382602109277045], [77.01272769833024, 43.37743084736762], [77.01337817806763, 43.368948198636794], [77.00704829199485, 43.36672226212067], [77.0078525103516, 43.361001100518635], [77.01201013886636, 43.359515532855205], [77.01798858336812, 43.362798421308284], [77.02158915271502, 43.36086665363862], [77.02130358656866, 43.357480108133146], [77.0127310416659, 43.35329774874064], [77.01330565605265, 43.34500397494744], [77.01993880241571, 43.34172363153764], [77.0199928908763, 43.33568448408059], [77.02618697534095, 43.32806128896979], [77.0241649635093, 43.32547440730823], [77.01643166552859, 43.329155410441025], [77.00799234301694, 43.3278591458984], [77.0055001801549, 43.33382011178363], [77.00203718902668, 43.334518192068444], [76.98677948197177, 43.321044479956974], [76.98620942450452, 43.31572468226349], [76.9973229334363, 43.31311508453873], [76.99281095138828, 43.30695628834243], [76.99949410851119, 43.29303418541554], [77.01636792303175, 43.29360942814755], [77.03053772883132, 43.30590638766668], [77.04318468577819, 43.312647537521], [77.05052059967836, 43.31323452072199], [77.05504531433817, 43.31873999642487], [77.05443784111762, 43.32312971960515], [77.05937007746402, 43.32620834221092], [77.07480744776237, 43.31587023012986], [77.07344802103694, 43.311655482531194], [77.06756990711115, 43.31239289669232], [77.06512868653466, 43.310685411418035], [77.07236994029024, 43.300855479794144], [77.067058517882, 43.297195084698636], [77.05705642102443, 43.29640323260876], [77.05252781910745, 43.29121527102452], [77.04604311490097, 43.29348776335737], [77.03058810722472, 43.29159132525243], [77.02442185887433, 43.293478547656804], [77.0236808709228, 43.28380922435522], [77.01258445370425, 43.278847472792954], [76.99888617315348, 43.2804661013802], [76.99492548614961, 43.28325063521389], [76.98115361661262, 43.280748455241444], [76.97852365143267, 43.28341091303954], [76.97915845573702, 43.28978757399459], [76.96756338391835, 43.29387223011143], [76.96679960687462, 43.298482501450884], [76.97152337151532, 43.30098593193949], [76.96879728431689, 43.30356473315133], [76.96809136813735, 43.31854971991474], [76.95733585449292, 43.31852637707819], [76.95432286900238, 43.32799859944169], [76.94581548334553, 43.326918274974105], [76.94016513775867, 43.31798719199815], [76.93561655177368, 43.31820695926508], [76.933079179193, 43.32433405756374], [76.92932439274604, 43.32500767089456], [76.92091039889708, 43.31565205284768], [76.93169497758737, 43.30454521895515], [76.93742663201392, 43.30831481304015], [76.94327567446578, 43.30796264519287], [76.94420470879948, 43.30267386240657], [76.94162575495258, 43.30009019380595], [76.94411954670382, 43.29299219974954], [76.9540864372414, 43.2919274903702], [76.954954542367, 43.28519464998779], [76.95156964727056, 43.28140738347895], [76.96340075762332, 43.26915907393654], [76.97458358411964, 43.27048665993296], [76.97928059331066, 43.26656533379793], [76.99467539119158, 43.262223630001635], [76.99441390266159, 43.25205673199022], [76.98784820083999, 43.24893031968736], [76.9767782942645, 43.25069838726682], [76.97479990599635, 43.260338251822304], [76.97055551107294, 43.26128051910703], [76.96544254169281, 43.2543372289333], [76.96511989069121, 43.2481624061655], [76.96635609370836, 43.2419408524725], [76.97375695731142, 43.24222209428858], [76.97699708807363, 43.23828516645301], [76.97561010436134, 43.21789334795282], [76.98731588167915, 43.21496051646417], [76.98684670064866, 43.20911946495006], [76.99289975667615, 43.2056177989512], [76.99270021273948, 43.20165234475245], [76.98790810225718, 43.2007259279186], [76.98674981940405, 43.19710242847707], [77.0014454575903, 43.19278041842997], [77.00167182482257, 43.19104604338936], [76.9973340071651, 43.18745449297248], [76.98941608733837, 43.18618207788519], [76.98147043952969, 43.18766718951813], [76.97976498102362, 43.18183296096039], [76.97449794921752, 43.180270034940285], [76.96954491103544, 43.18401688857749], [76.96598275153984, 43.17903836351958], [76.95219740194793, 43.17998638664617], [76.95102123097553, 43.18584665612736], [76.95660026422675, 43.186629155937716], [76.96667886868784, 43.1961056506216], [76.9732529473965, 43.19667039350201], [76.97730140429366, 43.20640987766087], [76.97110881168894, 43.209401264883255], [76.96848598778352, 43.20630708693592], [76.96976865455615, 43.20234875104774], [76.95969056685198, 43.19979553649943], [76.94522250007705, 43.20501936782215], [76.93971515846756, 43.211342511453424], [76.93158897234267, 43.21080645606415], [76.9330207627194, 43.20541065374391], [76.94073256946194, 43.20197694404526], [76.94179939491944, 43.19851721558727], [76.93657368605494, 43.19714023705508], [76.93258954744377, 43.187274683255744], [76.92547730225509, 43.19028075475378], [76.91686993584543, 43.18681544002458], [76.91574351720782, 43.18091353236212], [76.90938109619339, 43.17611474995029], [76.90869748399876, 43.16751643496598], [76.91508803750251, 43.16519335043666], [76.91527629349707, 43.16256976946001], [76.9119180470857, 43.158676370658945], [76.90099765521208, 43.15599530164092], [76.90219945126128, 43.15307183735635], [76.90795405470949, 43.152303441483284], [76.91014628461909, 43.149006446507464], [76.90333805775535, 43.13872061654504], [76.894191390992, 43.14325533864573], [76.89093525175363, 43.15081059723803], [76.88531601617977, 43.1515022545642], [76.87760638051196, 43.15667748910535], [76.87943240087081, 43.164386905769156], [76.86781797960859, 43.16419470923856], [76.8651478518461, 43.17192895731024], [76.85345414115974, 43.17934872303355], [76.84333315758803, 43.178292087842316], [76.84070536230665, 43.17996633341991], [76.84228428305128, 43.18785981130448], [76.83535105441507, 43.19325882306044], [76.8339287679077, 43.19920911829286], [76.82686383605618, 43.20423685745689], [76.82375200463987, 43.20341532858861], [76.82186736671397, 43.19878076501972], [76.81198107226282, 43.19573749346078], [76.81221841965869, 43.188285034934964], [76.81783022131602, 43.18533857371446], [76.8188677483279, 43.18199573559959], [76.81647117605782, 43.17815089454507], [76.8058192502822, 43.1759223725715], [76.79959174125825, 43.16458458436483], [76.8016411096324, 43.15971393169125], [76.7939178512679, 43.16152441786951], [76.79520042106823, 43.16867866585489], [76.79274590854641, 43.17147784344188], [76.75632266705904, 43.16450494760252], [76.74830896321902, 43.16930770046451], [76.74121502110717, 43.16951824543445], [76.72710632170303, 43.1642548420446], [76.7152646425457, 43.16592963497633], [76.71209949924739, 43.17274830013135]], [[76.99004038821069, 43.34822039009641], [76.98613378566297, 43.34356686320591], [76.98779161893839, 43.337130341727736], [76.99691195581656, 43.34146766609965], [76.99515123798996, 43.350021197128704], [76.9917079786203, 43.35064067644777], [76.99004038821069, 43.34822039009641]], [[76.98364650236276, 43.32928214477485], [76.98854339192401, 43.32850013718343], [76.98834595602277, 43.332337642465895], [76.98380455198672, 43.332590363017275], [76.98364650236276, 43.32928214477485]], [[76.97614435978902, 43.19545942452417], [76.97190456013085, 43.19416277025553], [76.97402395693686, 43.187068332388634], [76.98012430604797, 43.18870466798824], [76.98053425064039, 43.19415547521651], [76.97614435978902, 43.19545942452417]], [[76.96991693426172, 43.342613671376206], [76.97435468623256, 43.3420823937574], [76.97513862090952, 43.34583322251396], [76.9710853060007, 43.34610357286477], [76.96991693426172, 43.342613671376206]], [[76.93162648736663, 43.35921909906861], [76.93541961845843, 43.353333386100424], [76.9348166737575, 43.346227676695335], [76.94616916680388, 43.34527777172403], [76.94738242631965, 43.337871733470045], [76.95357862009612, 43.331776799577725], [76.95716170328319, 43.331586805959404], [76.96302498449593, 43.343668188427166], [76.95951571988407, 43.35324844718011], [76.9451612550931, 43.35323771240258], [76.94389020204636, 43.364332812134705], [76.93238019479122, 43.36599651621529], [76.93162648736663, 43.35921909906861]], [[76.89641347220862, 43.28667126115968], [76.8968074166026, 43.28105611564835], [76.90398577516848, 43.2774875778253], [76.90660851496327, 43.27920412562347], [76.90743869663815, 43.28670776317556], [76.92960620440938, 43.29058338875121], [76.9430007985215, 43.285542319336244], [76.94568389421775, 43.290077331988655], [76.94339982961753, 43.29194781894756], [76.93834745555102, 43.29111463234108], [76.93638712977962, 43.29396536646822], [76.9383578366346, 43.30098271938772], [76.93509340970775, 43.30362810041734], [76.93163386422454, 43.30311411559863], [76.92906454866737, 43.29817920997004], [76.91824070242131, 43.29841026976734], [76.91270195231074, 43.30281377628015], [76.90650614874218, 43.299442123349664], [76.90493599070412, 43.28895043297012], [76.89838183455885, 43.288890716247856], [76.89641347220862, 43.28667126115968]], [[76.92089437055243, 43.252638711548066], [76.92226284108796, 43.25027751324764], [76.93334914416518, 43.247076180299786], [76.94154353660377, 43.256207840667095], [76.94160794779083, 43.26057282612746], [76.93765927449473, 43.26145021022232], [76.93105113437537, 43.25556951903131], [76.92268837474111, 43.25546013221483], [76.92089437055243, 43.252638711548066]], [[76.92884905237277, 43.33486508890727], [76.92675941605846, 43.33213753101566], [76.9294841474716, 43.3265689907931], [76.9326885149678, 43.32579983524251], [76.94079768532735, 43.336542527013194], [76.93657404273327, 43.33860568179989], [76.92884905237277, 43.33486508890727]], [[76.90822052307139, 43.33395141984603], [76.91251313901685, 43.329933546340115], [76.92260224775585, 43.335983885445344], [76.91850027070005, 43.3444240891695], [76.91039416783133, 43.34740640614442], [76.90543911616922, 43.345704408496374], [76.90954495816969, 43.341363487659706], [76.90822052307139, 43.33395141984603]], [[76.90748730981404, 43.21498363629654], [76.91092999267941, 43.21281913485874], [76.91728744803427, 43.21682888693363], [76.9135261679097, 43.21867690899397], [76.90748730981404, 43.21498363629654]], [[76.91077030904593, 43.252564778245876], [76.90664692273639, 43.25268395556249], [76.9065798469181, 43.24953558427739], [76.9106593615506, 43.24943759351776], [76.91077030904593, 43.252564778245876]], [[76.85456140577479, 43.32231080998518], [76.84996895780237, 43.32199341099417], [76.85028793443807, 43.31825944647611], [76.86002286451598, 43.31789291324518], [76.86535046708934, 43.31493940468816], [76.87266546540411, 43.32518125927019], [76.88857481381048, 43.32451818237307], [76.89539998302205, 43.33230210034356], [76.90231547390302, 43.333939336700226], [76.90235296300482, 43.33977698662933], [76.8963727520749, 43.341151019521305], [76.88968490993373, 43.33742448793525], [76.88416423690529, 43.340637738550384], [76.88809871529386, 43.35431239589999], [76.8803205828489, 43.354101921346405], [76.87619821663164, 43.34465648631649], [76.86890804711716, 43.3457778402324], [76.86479989865927, 43.343397554683925], [76.86593078147426, 43.336236950003276], [76.85494263227609, 43.329063377155975], [76.85706921635952, 43.32284792934981], [76.85456140577479, 43.32231080998518]], [[76.89219074031055, 43.245259684439304], [76.89508701384261, 43.24080441100282], [76.8992734104308, 43.24135850787421], [76.89803149832463, 43.248704756259166], [76.89355955607374, 43.248677050778106], [76.89219074031055, 43.245259684439304]], [[76.88141676219513, 43.174389290286385], [76.87881804237458, 43.172767672105444], [76.87904252097078, 43.16669373665139], [76.88774507198225, 43.16603874604525], [76.89116829590755, 43.16914936953429], [76.89075504928854, 43.17329115450185], [76.88745131714661, 43.17544283900912], [76.88141676219513, 43.174389290286385]], [[76.86074844254385, 43.26175729782443], [76.86173742141418, 43.258883806689084], [76.86925620590833, 43.25850550371934], [76.87274954743532, 43.261150288043694], [76.88260630480882, 43.26217737211302], [76.88439714106424, 43.2909367413214], [76.87046382624264, 43.287027375327945], [76.86699216539763, 43.27897461203245], [76.8697353440769, 43.27441601489463], [76.86860096371697, 43.26934369260196], [76.8615162957362, 43.26736135457112], [76.86074844254385, 43.26175729782443]], [[76.84698751253708, 43.19075743419621], [76.846040116025, 43.1882280619047], [76.850772760997, 43.184959343544946], [76.8614837458025, 43.18951160256891], [76.86059887452882, 43.191979258907104], [76.85077509347721, 43.19632116971334], [76.84776254247821, 43.195127392149594], [76.84698751253708, 43.19075743419621]], [[76.84824472769125, 43.288234612243336], [76.85234381137616, 43.27902965708796], [76.85698759618, 43.278816317114774], [76.86212991222033, 43.2824855389284], [76.85983448631364, 43.28972275235578], [76.86370009994246, 43.29462439340254], [76.86103391636267, 43.29785524993935], [76.86143765615464, 43.30959027285032], [76.85405956037272, 43.30854523669802], [76.84824472769125, 43.288234612243336]], [[76.84117438269809, 43.20276472666295], [76.84525634873582, 43.19827862173081], [76.849152796535, 43.198926151888934], [76.84753588734382, 43.20544319764356], [76.84251353675143, 43.20552422045102], [76.84117438269809, 43.20276472666295]], [[76.84427312267893, 43.25425016506507], [76.8438793552723, 43.25101963254869], [76.84845782613834, 43.25112971700963], [76.8484924536668, 43.254102398003795], [76.84427312267893, 43.25425016506507]], [[76.827763529341, 43.258498710633596], [76.83172290319177, 43.255465602493665], [76.83220921300969, 43.24921326173562], [76.84067144400471, 43.250823687539636], [76.84130369765536, 43.25352675671347], [76.83497400384758, 43.25650541642132], [76.83153102530812, 43.263635196055496], [76.82773630216273, 43.262710867566575], [76.827763529341, 43.258498710633596]], [[76.80406676501818, 43.222417842235735], [76.80739447110359, 43.21479519244083], [76.81602724000354, 43.21868590403705], [76.82153677699681, 43.21703198853991], [76.82122806181961, 43.206818443317395], [76.82631705613423, 43.20513409107882], [76.82674338855088, 43.20890716121757], [76.83303925079016, 43.214760885115965], [76.83106111667854, 43.219176147556304], [76.82581650435817, 43.22097875173998], [76.82412974642574, 43.227615613051434], [76.81195451752976, 43.23137826052211], [76.80406676501818, 43.222417842235735]], [[76.79176843582721, 43.260660776747436], [76.79810143592071, 43.25245932653384], [76.80163846235796, 43.25201874526093], [76.80443482251188, 43.25727555331706], [76.8133537789973, 43.260901536591746], [76.81758286316875, 43.27059563997063], [76.81135897495284, 43.27290188171816], [76.80316947272019, 43.27174452878908], [76.79362217690985, 43.26532053346564], [76.79176843582721, 43.260660776747436]], [[76.78392630473765, 43.242720032702884], [76.79084608135557, 43.23399780960116], [76.80395447097666, 43.23995390419909], [76.79870189911688, 43.24814068270995], [76.78729603928942, 43.247258199492016], [76.78392630473765, 43.242720032702884]], [[76.78670270534883, 43.20857702168884], [76.79044436932674, 43.20576475700971], [76.79017892608624, 43.20248510258439], [76.79454697668035, 43.20244076455634], [76.79218053177607, 43.21083266200186], [76.78827680518825, 43.211313729460834], [76.78670270534883, 43.20857702168884]], [[76.75864987777207, 43.1909010397626], [76.75862886782977, 43.186434120173026], [76.77100839474306, 43.182348978061], [76.77416040147759, 43.19286204784605], [76.77678023322272, 43.19450163009288], [76.78705749597643, 43.19377976226497], [76.78907373854656, 43.19990780360992], [76.77854429126485, 43.20449007765698], [76.77066426252253, 43.20150981979321], [76.76228242160582, 43.20282867384363], [76.75733730581842, 43.20013449747005], [76.76182143064331, 43.19549532985721], [76.75864987777207, 43.1909010397626]], [[76.75500347826646, 43.222814631159096], [76.75724621615792, 43.22020846578616], [76.76106673772078, 43.22198135240824], [76.75832755991053, 43.224690395597754], [76.75500347826646, 43.222814631159096]], [[76.7480456070116, 43.20795108581529], [76.74945994426517, 43.204821319571145], [76.75339142997029, 43.205558477774325], [76.75230866134925, 43.20978621458384], [76.7480456070116, 43.20795108581529]]], [[[76.59836065060615, 43.20176639614214], [76.60234024804, 43.21199284852704], [76.61528112660862, 43.212975608312014], [76.62265644499143, 43.224247112945335], [76.64516933345038, 43.22261057968544], [76.64766775585807, 43.22169446934726], [76.64702054968379, 43.216384880130335], [76.65242096040808, 43.21508185145583], [76.65507334570077, 43.21927286663808], [76.64945464012371, 43.22216016095386], [76.65176433094291, 43.22783021726177], [76.66690529070883, 43.2257705034947], [76.67092047025344, 43.234004201577505], [76.6808795318735, 43.23867082056813], [76.68659208364436, 43.236797642155885], [76.68893362190649, 43.22408488042495], [76.69668662255933, 43.21939421802048], [76.7068517707944, 43.21776029481404], [76.70425083548712, 43.21220639889567], [76.69447425883727, 43.212923943076284], [76.68903675463787, 43.210341831421154], [76.68113698539918, 43.21043195889865], [76.66797941763622, 43.222448784349965], [76.66440154683481, 43.2226296279096], [76.65981111762798, 43.21929419280239], [76.66345883930187, 43.21557624941164], [76.66142981527045, 43.20926430481393], [76.66504607245648, 43.207846524771576], [76.67105124241571, 43.21055827350784], [76.67265673426769, 43.207053805326815], [76.67229130953217, 43.20386759163956], [76.66605355586505, 43.20228762292252], [76.66452098445986, 43.19099042793098], [76.66111251536604, 43.19029666378502], [76.65832984986481, 43.19627226674358], [76.64837680133961, 43.19577253342362], [76.63778438191554, 43.18433518246302], [76.62173378869197, 43.18099834983222], [76.6182117228819, 43.17206564470732], [76.60986005822073, 43.18086450427079], [76.61107528850756, 43.187442396320584], [76.60640137062653, 43.19301120572543], [76.60181321648393, 43.19395337175774], [76.59836065060615, 43.20176639614214]]]]}}, {"type": "Feature", "properties": {"threshold": 80}, "geometry": {"type": "MultiPolygon", "coordinates": [[[[77.20861891451482, 43.40589000927553], [77.21108876800402, 43.40950290687775], [77.24186774098948, 43.41223722547235], [77.24437058481233, 43.4318275879433], [77.25030465077867, 43.432835458117964], [77.25136689462154, 43.44008413101388], [77.2557043950364, 43.44016046162544], [77.2630473046388, 43.42725906696485], [77.2603409862052, 43.421400697185824], [77.26428508523779, 43.40973789683689], [77.26284708771638, 43.40726194817077], [77.25304655793127, 43.40461278953277], [77.23895076752434, 43.404530124724346], [77.23728097120873, 43.39899569599551], [77.23112455985084, 43.39659112949214], [77.24073781120771, 43.387856649196294], [77.24013177792548, 43.37880511403169], [77.22140780733308, 43.37902784313108], [77.21535848816048, 43.383518021485266], [77.21544757350857, 43.389750832103914], [77.20819553361446, 43.39980880372639], [77.20861891451482, 43.40589000927553]]], [[[76.71209949924739, 43.17274830013135], [76.72244564468512, 43.17807684747809], [76.73691339723811, 43.17936445368497], [76.74147909423958, 43.18194013870998], [76.75088762716571, 43.18006352695604], [76.75437133246805, 43.18159614914185], [76.7528461349028, 43.18436335195061], [76.74373025722458, 43.18579386787785], [76.73843105716716, 43.20054293261905], [76.73860516649388, 43.20431630787266], [76.74232218126286, 43.20681572976554], [76.74153854294828, 43.214469850043265], [76.73430981566985, 43.21757872884636], [76.72987513298487, 43.23113138695581], [76.75327879779825, 43.23450590609594], [76.75274189696353, 43.24121802102732], [76.74818554959013, 43.23907152434843], [76.73691870481485, 43.23948105986147], [76.73701389417033, 43.249697744886454], [76.74927320125745, 43.25694220757965], [76.75485820748538, 43.25289463412263], [76.76122198733276, 43.25351427310544], [76.75907040004262, 43.263077531729834], [76.76477371770136, 43.265667997927764], [76.76444422214631, 43.276507371896344], [76.77136962215542, 43.27433277500225], [76.77616437222893, 43.26674529903866], [76.78830478759835, 43.27072489305658], [76.79260933637089, 43.28547536668593], [76.79094950624769, 43.30482650614488], [76.7849819985436, 43.30708142081834], [76.78442827950049, 43.314791044200085], [76.79053504347058, 43.31464564977802], [76.79079470378365, 43.30552370974302], [76.79866021479422, 43.30423047037729], [76.80611753183865, 43.294241720268175], [76.80692263336586, 43.2895683929832], [76.80129036282777, 43.28510660495229], [76.80280631257016, 43.28050681631699], [76.81332980090407, 43.28352137781805], [76.82104567732102, 43.28134801211887], [76.82531649016526, 43.28236184437159], [76.82323135998699, 43.29584217444974], [76.82745046705605, 43.30372404520673], [76.83472993379421, 43.306017542443946], [76.83429879050608, 43.32081140501833], [76.82700502278144, 43.325086242618966], [76.82612308378489, 43.32894292510707], [76.82905647884951, 43.33195228518986], [76.82720730207043, 43.33618843547592], [76.82379528290856, 43.3377630660236], [76.81608674592769, 43.335187025637936], [76.80793295446072, 43.33607330127761], [76.8077251389265, 43.34446237102818], [76.81000425602355, 43.34707323684195], [76.81725604788602, 43.347734319577306], [76.82545376781475, 43.35626816324257], [76.83785278225496, 43.357827608451665], [76.84238222095739, 43.3651467581771], [76.84152636890127, 43.370045914585454], [76.84906004108352, 43.38961774665231], [76.85966842076394, 43.390864145500124], [76.8676632639358, 43.381006635575176], [76.87830330514892, 43.38526458056381], [76.88478629797676, 43.39957133753042], [76.88319648465274, 43.4032014514038], [76.88604441688729, 43.405425498221604], [76.8846080657155, 43.418963493415504], [76.89055581161001, 43.42285892241573], [76.88981646043214, 43.428138220283714], [76.90124226658395, 43.4260800706429], [76.90669614222143, 43.422411468850925], [76.91832693250463, 43.42297456596048], [76.91871533382104, 43.41589107024655], [76.92490785265171, 43.41084009023299], [76.92185792902549, 43.40120378712612], [76.92721531176115, 43.39248632573995], [76.91717919677455, 43.383931384454534], [76.92064857176322, 43.36564743815923], [76.93055497575583, 43.36770596491354], [76.930500844415, 43.374845984893646], [76.93733690346362, 43.38371350916875], [76.93519573418081, 43.40433515475342], [76.94194094259666, 43.40614848761521], [76.9474558381179, 43.40481611631953], [76.94663586837025, 43.383002263076136], [76.9597246678168, 43.382904927345216], [76.96173331455645, 43.378182658418474], [76.9575756806542, 43.372960031684144], [76.96300178599972, 43.36689544269991], [76.96927688166743, 43.36634975731794], [76.97447740031444, 43.36274116569549], [76.98911211112667, 43.370875150012075], [76.99316900542657, 43.38084435032714], [77.00202342841399, 43.3852494322187], [76.99786838054885, 43.39450823131309], [76.99354217050619, 43.396928873558295], [76.99383553144848, 43.39949415306995], [77.001091736132, 43.40298816694817], [77.00238254430217, 43.410867957831734], [77.0021121267848, 43.41685780731948], [76.99816585493777, 43.41933395269281], [76.9964369461467, 43.42546387172611], [77.00256792597082, 43.431844037591084], [77.01356937602858, 43.43419379121362], [77.02207236660824, 43.44196585508535], [77.02648992887485, 43.45039433778805], [77.02614174671895, 43.46296333729321], [77.03603780720688, 43.46293679719023], [77.03816067398081, 43.45967887170256], [77.03653542641919, 43.44963429023835], [77.04585486066736, 43.44764032295247], [77.04708108167227, 43.443668976903886], [77.0428757731854, 43.43571473855012], [77.03632607890415, 43.43286877039534], [77.0444661543235, 43.4253650217209], [77.04442644104934, 43.42208609691961], [77.03378245652597, 43.41708039033914], [77.04043505190747, 43.38769958378909], [77.03279247783678, 43.386662550175025], [77.02676832090292, 43.388949405941176], [77.02411271562688, 43.398731174848905], [77.0152214012294, 43.39961890672194], [77.00999641449664, 43.39730551527075], [77.00430594847406, 43.3869828472574], [77.01085496685512, 43.382602109277045], [77.01272769833024, 43.37743084736762], [77.01337817806763, 43.368948198636794], [77.00704829199485, 43.36672226212067], [77.0078525103516, 43.361001100518635], [77.01201013886636, 43.359515532855205], [77.01798858336812, 43.362798421308284], [77.02158915271502, 43.36086665363862], [77.02130358656866, 43.357480108133146], [77.0127310416659, 43.35329774874064], [77.01330565605265, 43.34500397494744], [77.01993880241571, 43.34172363153764], [77.0199928908763, 43.33568448408059], [77.02618697534095, 43.32806128896979], [77.0241649635093, 43.32547440730823], [77.01643166552859, 43.329155410441025], [77.00799234301694, 43.3278591458984], [77.0055001801549, 43.33382011178363], [77.00203718902668, 43.334518192068444], [76.986639521994, 43.32087663638183], [76.98635096729808, 43.31534240031342], [76.9973229334363, 43.31311508453873], [76.9927969562507, 43.30736134542105], [76.99515016867544, 43.29920751263693], [77.0022435598042, 43.29493980589955], [77.00998750176129, 43.29389498393416], [77.03449404843158, 43.31134939249138], [77.0414517790447, 43.31477480220836], [77.0477181824404, 43.31501271340235], [77.04877582427146, 43.32059337729206], [77.05490534192413, 43.324412093184655], [77.05861491245734, 43.33080823426869], [77.06227258598638, 43.33099006013398], [77.06147298013045, 43.325542008265025], [77.07485909236033, 43.32155545302259], [77.07411857198862, 43.317794683931325], [77.0775998300491, 43.31588043855967], [77.07927118804587, 43.31005467183902], [77.08607220842309, 43.31248803438015], [77.0840719123439, 43.32155785818022], [77.09126033917441, 43.32288269967232], [77.09556589579016, 43.32056610268028], [77.10960995186184, 43.32243316424932], [77.11346853069037, 43.31289912882162], [77.11115216561751, 43.30359178066421], [77.10642168941453, 43.30193522914561], [77.0827913483818, 43.30366815861235], [77.0753436259382, 43.30223497544518], [77.067058517882, 43.297195084698636], [77.05729104679374, 43.29651173366885], [77.05270537108815, 43.29125115934836], [77.03942605793941, 43.29263908230773], [77.03594644271034, 43.28973189927301], [77.03675072611748, 43.28277606297281], [77.02582807394765, 43.279991940416174], [77.01127614242743, 43.27884423179434], [76.99119577228251, 43.28332490408509], [76.98115361661262, 43.280748455241444], [76.97852365143267, 43.28341091303954], [76.97915845573702, 43.28978757399459], [76.96756338391835, 43.29387223011143], [76.96679960687462, 43.298482501450884], [76.97152337151532, 43.30098593193949], [76.96879728431689, 43.30356473315133], [76.96809136813735, 43.31854971991474], [76.95733585449292, 43.31852637707819], [76.95432286900238, 43.32799859944169], [76.94581548334553, 43.326918274974105], [76.94016513775867, 43.31798719199815], [76.93561655177368, 43.31820695926508], [76.933079179193, 43.32433405756374], [76.92932439274604, 43.32500767089456], [76.92091039889708, 43.31565205284768], [76.93169497758737, 43.30454521895515], [76.93742663201392, 43.30831481304015], [76.94327567446578, 43.30796264519287], [76.94420470879948, 43.30267386240657], [76.94162575495258, 43.30009019380595], [76.94411954670382, 43.29299219974954], [76.9540864372414, 43.2919274903702], [76.954954542367, 43.28519464998779], [76.95156964727056, 43.28140738347895], [76.96340075762332, 43.26915907393654], [76.97458358411964, 43.27048665993296], [76.97928059331066, 43.26656533379793], [76.99467539119158, 43.262223630001635], [76.99441390266159, 43.25205673199022], [76.98784820083999, 43.24893031968736], [76.9768451009471, 43.25065197748371], [76.97479990599635, 43.260338251822304], [76.97011876770158, 43.26103092186809], [76.96530492091279, 43.25391501361235], [76.96563963667046, 43.24314707117958], [76.96801452963531, 43.24125563987359], [76.97383930819495, 43.24219186079766], [76.97699708807363, 43.23828516645301], [76.97574367729196, 43.21770918261212], [76.98724912094343, 43.215006931873795], [76.98799586203303, 43.21038501602574], [76.99477644865108, 43.206337707268375], [76.99460572802447, 43.20230830510244], [76.98790810225718, 43.2007259279186], [76.98686613730966, 43.19692338891209], [77.00159590257817, 43.192702997833905], [77.00247803158994, 43.18689684726552], [76.98215435270386, 43.186483103953414], [76.97743121806026, 43.18093124042989], [76.97284407647905, 43.18035009097639], [76.96926244411303, 43.18400461527859], [76.96607013108749, 43.1790595639075], [76.9521534963474, 43.17860877045036], [76.95102123097553, 43.18584665612736], [76.95660026422675, 43.186629155937716], [76.96667886868784, 43.1961056506216], [76.9732529473965, 43.19667039350201], [76.97730140429366, 43.20640987766087], [76.97110881168894, 43.209401264883255], [76.96848598778352, 43.20630708693592], [76.96976865455615, 43.20234875104774], [76.95969056685198, 43.19979553649943], [76.94522250007705, 43.20501936782215], [76.93971515846756, 43.211342511453424], [76.93181799469464, 43.210928170970156], [76.9330207627194, 43.20541065374391], [76.94073256946194, 43.20197694404526], [76.94179939491944, 43.19851721558727], [76.93631044387642, 43.1967685030987], [76.93356697720148, 43.183897647811214], [76.92437716013671, 43.19010904120099], [76.91667911771499, 43.186668299356256], [76.91574351720782, 43.18091353236212], [76.90938109619339, 43.17611474995029], [76.90869748399876, 43.16751643496598], [76.91508803750251, 43.16519335043666], [76.91527629349707, 43.16256976946001], [76.9119180470857, 43.158676370658945], [76.90099765521208, 43.15599530164092], [76.90219945126128, 43.15307183735635], [76.90795405470949, 43.152303441483284], [76.91014628461909, 43.149006446507464], [76.90333805775535, 43.13872061654504], [76.894191390992, 43.14325533864573], [76.89093525175363, 43.15081059723803], [76.88251468884813, 43.15223758245382], [76.87760638051196, 43.15667748910535], [76.87943240087081, 43.164386905769156], [76.86781797960859, 43.16419470923856], [76.8651478518461, 43.17192895731024], [76.85345414115974, 43.17934872303355], [76.84333315758803, 43.178292087842316], [76.84070536230665, 43.17996633341991], [76.84228428305128, 43.18785981130448], [76.83535105441507, 43.19325882306044], [76.8339287679077, 43.19920911829286], [76.82686383605618, 43.20423685745689], [76.82375200463987, 43.20341532858861], [76.82186736671397, 43.19878076501972], [76.81198107226282, 43.19573749346078], [76.81221841965869, 43.188285034934964], [76.81783022131602, 43.18533857371446], [76.8188677483279, 43.18199573559959], [76.81647117605782, 43.17815089454507], [76.8058192502822, 43.1759223725715], [76.79959174125825, 43.16458458436483], [76.8016411096324, 43.15971393169125], [76.7939178512679, 43.16152441786951], [76.79520042106823, 43.16867866585489], [76.79274590854641, 43.17147784344188], [76.78867825376355, 43.17125415372313], [76.78570790384256, 43.1681949783982], [76.76842024081968, 43.167601309203704], [76.76580500755803, 43.163679651497326], [76.7523547807641, 43.16387661627269], [76.74305730779407, 43.16640755972924], [76.73938290903367, 43.164763803123456], [76.73198004900797, 43.165734466681315], [76.72706749818833, 43.16287704787794], [76.72392202153011, 43.164733901941325], [76.71701621927419, 43.16387592775266], [76.71209949924739, 43.17274830013135]], [[76.99004038821069, 43.34822039009641], [76.98613378566297, 43.34356686320591], [76.98779161893839, 43.337130341727736], [76.99691195581656, 43.34146766609965], [76.99515123798996, 43.350021197128704], [76.9917079786203, 43.35064067644777], [76.99004038821069, 43.34822039009641]], [[76.98364650236276, 43.32928214477485], [76.98854339192401, 43.32850013718343], [76.98834595602277, 43.332337642465895], [76.98380455198672, 43.332590363017275], [76.98364650236276, 43.32928214477485]], [[76.97614435978902, 43.19545942452417], [76.97190456013085, 43.19416277025553], [76.97402395693686, 43.187068332388634], [76.98012430604797, 43.18870466798824], [76.98053425064039, 43.19415547521651], [76.97614435978902, 43.19545942452417]], [[76.96991693426172, 43.342613671376206], [76.97435468623256, 43.3420823937574], [76.97513862090952, 43.34583322251396], [76.9710853060007, 43.34610357286477], [76.96991693426172, 43.342613671376206]], [[76.93162648736663, 43.35921909906861], [76.93541961845843, 43.353333386100424], [76.9348166737575, 43.346227676695335], [76.94616916680388, 43.34527777172403], [76.94738242631965, 43.337871733470045], [76.95357862009612, 43.331776799577725], [76.95716170328319, 43.331586805959404], [76.96302498449593, 43.343668188427166], [76.95951571988407, 43.35324844718011], [76.9451612550931, 43.35323771240258], [76.94389020204636, 43.364332812134705], [76.93238019479122, 43.36599651621529], [76.93162648736663, 43.35921909906861]], [[76.89641347220862, 43.28667126115968], [76.8968074166026, 43.28105611564835], [76.90398577516848, 43.2774875778253], [76.90660851496327, 43.27920412562347], [76.90743869663815, 43.28670776317556], [76.92960620440938, 43.29058338875121], [76.9430007985215, 43.285542319336244], [76.94568389421775, 43.290077331988655], [76.94339982961753, 43.29194781894756], [76.93834745555102, 43.29111463234108], [76.93638712977962, 43.29396536646822], [76.9383578366346, 43.30098271938772], [76.93509340970775, 43.30362810041734], [76.93163386422454, 43.30311411559863], [76.92906454866737, 43.29817920997004], [76.91824070242131, 43.29841026976734], [76.91270195231074, 43.30281377628015], [76.90650614874218, 43.299442123349664], [76.90493599070412, 43.28895043297012], [76.89838183455885, 43.288890716247856], [76.89641347220862, 43.28667126115968]], [[76.92089437055243, 43.252638711548066], [76.92226284108796, 43.25027751324764], [76.93334914416518, 43.247076180299786], [76.94154353660377, 43.256207840667095], [76.94160794779083, 43.26057282612746], [76.93765927449473, 43.26145021022232], [76.93105113437537, 43.25556951903131], [76.92268837474111, 43.25546013221483], [76.92089437055243, 43.252638711548066]], [[76.92884905237277, 43.33486508890727], [76.92675941605846, 43.33213753101566], [76.9294841474716, 43.3265689907931], [76.9326885149678, 43.32579983524251], [76.94079768532735, 43.336542527013194], [76.93657404273327, 43.33860568179989], [76.92884905237277, 43.33486508890727]], [[76.90822052307139, 43.33395141984603], [76.91251313901685, 43.329933546340115], [76.92260224775585, 43.335983885445344], [76.91850027070005, 43.3444240891695], [76.91039416783133, 43.34740640614442], [76.90543911616922, 43.345704408496374], [76.90954495816969, 43.341363487659706], [76.90822052307139, 43.33395141984603]], [[76.90748730981404, 43.21498363629654], [76.91092999267941, 43.21281913485874], [76.91728744803427, 43.21682888693363], [76.9135261679097, 43.21867690899397], [76.90748730981404, 43.21498363629654]], [[76.91077030904593, 43.252564778245876], [76.90664692273639, 43.25268395556249], [76.9065798469181, 43.24953558427739], [76.9106593615506, 43.24943759351776], [76.91077030904593, 43.252564778245876]], [[76.89091996419519, 43.386583266424466], [76.88130574462761, 43.375222593696186], [76.8894523716321, 43.37379573892601], [76.8957653853413, 43.36623224011004], [76.90496340258127, 43.3653400050681], [76.90707762939654, 43.368182138873074], [76.90312765309545, 43.3763499634172], [76.90350248208726, 43.3883274060709], [76.90482339581375, 43.392102797489926], [76.91240512319263, 43.39297548013699], [76.91407771990923, 43.39520762801072], [76.90500881748235, 43.39802022161743], [76.90341185613211, 43.40380152478429], [76.89693938301498, 43.40401469591425], [76.89131553782443, 43.40032473461296], [76.89606980185278, 43.39309033369658], [76.89586083487437, 43.390064214291996], [76.89091996419519, 43.386583266424466]], [[76.85456140577479, 43.32231080998518], [76.84996895780237, 43.32199341099417], [76.85028793443807, 43.31825944647611], [76.86002286451598, 43.31789291324518], [76.86535046708934, 43.31493940468816], [76.87266546540411, 43.32518125927019], [76.88857481381048, 43.32451818237307], [76.89539998302205, 43.33230210034356], [76.90231547390302, 43.333939336700226], [76.90235296300482, 43.33977698662933], [76.8963727520749, 43.341151019521305], [76.88968490993373, 43.33742448793525], [76.88416423690529, 43.340637738550384], [76.88809871529386, 43.35431239589999], [76.8803205828489, 43.354101921346405], [76.87619821663164, 43.34465648631649], [76.86890804711716, 43.3457778402324], [76.8654301899108, 43.34384545725289], [76.86796788748747, 43.33991616297916], [76.86584639308563, 43.33348165423067], [76.85640983033257, 43.32874531639908], [76.85704211420087, 43.32266365093425], [76.85456140577479, 43.32231080998518]], [[76.89219074031055, 43.245259684439304], [76.89508701384261, 43.24080441100282], [76.8992734104308, 43.24135850787421], [76.89803149832463, 43.248704756259166], [76.89355955607374, 43.248677050778106], [76.89219074031055, 43.245259684439304]], [[76.88141676219513, 43.174389290286385], [76.87881804237458, 43.172767672105444], [76.87904252097078, 43.16669373665139], [76.88774507198225, 43.16603874604525], [76.89116829590755, 43.16914936953429], [76.89075504928854, 43.17329115450185], [76.88745131714661, 43.17544283900912], [76.88141676219513, 43.174389290286385]], [[76.86074844254385, 43.26175729782443], [76.86173742141418, 43.258883806689084], [76.86925620590833, 43.25850550371934], [76.87274954743532, 43.261150288043694], [76.88260630480882, 43.26217737211302], [76.88439714106424, 43.2909367413214], [76.87046382624264, 43.287027375327945], [76.86699216539763, 43.27897461203245], [76.8697353440769, 43.27441601489463], [76.86860096371697, 43.26934369260196], [76.8615162957362, 43.26736135457112], [76.86074844254385, 43.26175729782443]], [[76.84698751253708, 43.19075743419621], [76.846040116025, 43.1882280619047], [76.850772760997, 43.184959343544946], [76.8614837458025, 43.18951160256891], [76.86059887452882, 43.191979258907104], [76.85077509347721, 43.19632116971334], [76.84776254247821, 43.195127392149594], [76.84698751253708, 43.19075743419621]], [[76.84824472769125, 43.288234612243336], [76.85234381137616, 43.27902965708796], [76.85698759618, 43.278816317114774], [76.86212991222033, 43.2824855389284], [76.85983448631364, 43.28972275235578], [76.86370009994246, 43.29462439340254], [76.86103391636267, 43.29785524993935], [76.86143765615464, 43.30959027285032], [76.85405956037272, 43.30854523669802], [76.84824472769125, 43.288234612243336]], [[76.84117438269809, 43.20276472666295], [76.84525634873582, 43.19827862173081], [76.849152796535, 43.198926151888934], [76.84753588734382, 43.20544319764356], [76.84251353675143, 43.20552422045102], [76.84117438269809, 43.20276472666295]], [[76.84427312267893, 43.25425016506507], [76.8438793552723, 43.25101963254869], [76.84845782613834, 43.25112971700963], [76.8484924536668, 43.254102398003795], [76.84427312267893, 43.25425016506507]], [[76.827763529341, 43.258498710633596], [76.83172290319177, 43.255465602493665], [76.83220921300969, 43.24921326173562], [76.84067144400471, 43.250823687539636], [76.84130369765536, 43.25352675671347], [76.83497400384758, 43.25650541642132], [76.83153102530812, 43.263635196055496], [76.82773630216273, 43.262710867566575], [76.827763529341, 43.258498710633596]], [[76.80406676501818, 43.222417842235735], [76.80739447110359, 43.21479519244083], [76.81602724000354, 43.21868590403705], [76.82153677699681, 43.21703198853991], [76.82122806181961, 43.206818443317395], [76.82631705613423, 43.20513409107882], [76.82674338855088, 43.20890716121757], [76.83303925079016, 43.214760885115965], [76.83106111667854, 43.219176147556304], [76.82581650435817, 43.22097875173998], [76.82412974642574, 43.227615613051434], [76.81195451752976, 43.23137826052211], [76.80406676501818, 43.222417842235735]], [[76.79176843582721, 43.260660776747436], [76.79829340559294, 43.25231283709948], [76.803270406261, 43.25295919960979], [76.80800513995666, 43.26030242948587], [76.80711779549505, 43.27127637006274], [76.80316947272019, 43.27174452878908], [76.79544273236799, 43.2667556930966], [76.79176843582721, 43.260660776747436]], [[76.78392630473765, 43.242720032702884], [76.79084608135557, 43.23399780960116], [76.80395447097666, 43.23995390419909], [76.79870189911688, 43.24814068270995], [76.78729603928942, 43.247258199492016], [76.78392630473765, 43.242720032702884]], [[76.7586498777721, 43.19090103976262], [76.75953225914158, 43.18597203528377], [76.77193153223926, 43.18675827404909], [76.774131358813, 43.193493882662246], [76.77982880145856, 43.1950656033082], [76.7824538814921, 43.19963270048067], [76.78020392078643, 43.20380756622631], [76.77595944392105, 43.20406730190323], [76.77055836794754, 43.20102645772977], [76.7586498777721, 43.19090103976262]], [[76.75500334828538, 43.222814282848375], [76.75725620608223, 43.220207238145925], [76.76106673772078, 43.22198135240824], [76.75832755991053, 43.224690395597754], [76.75500334828538, 43.222814282848375]]], [[[76.80890006100493, 43.34867953651101], [76.79445070496305, 43.34723461813668], [76.77997379195533, 43.351207670948064], [76.7742778693388, 43.34425615333829], [76.76774145894727, 43.34423109646742], [76.76431614245304, 43.345430948440004], [76.76410429713704, 43.3538209472128], [76.75870753686645, 43.356043431926615], [76.75082178431278, 43.3556042953002], [76.74968072408215, 43.361905388529024], [76.76000676746006, 43.363615074779815], [76.7663038016064, 43.36114253277169], [76.77756448246691, 43.36131567765243], [76.78050254686634, 43.366659996492885], [76.79314049577468, 43.369976207060716], [76.79829751387018, 43.36918967053026], [76.79957271340882, 43.3615372268705], [76.81089030676968, 43.3596374199592], [76.80890006100493, 43.34867953651101]]], [[[76.58972830244143, 43.2340341397901], [76.58974188307725, 43.23692523799758], [76.59783414897184, 43.24188967690195], [76.6079219683722, 43.23968074289244], [76.61033045997794, 43.23770137527159], [76.60917147937089, 43.2263365891954], [76.62170682698385, 43.2250772474574], [76.62731265395439, 43.22771304542409], [76.62962195658834, 43.22373449685708], [76.639288128731, 43.22412236215364], [76.64766775585807, 43.22169446934726], [76.64674511189712, 43.21673649388872], [76.65213255170445, 43.21502951034628], [76.65498229595464, 43.21965978657505], [76.64945464012371, 43.22216016095386], [76.65042104422356, 43.225239181267], [76.64689327559356, 43.228353351163065], [76.65864496896198, 43.23214921966354], [76.65854916154358, 43.2399644925942], [76.66265910862796, 43.24495187477259], [76.6663384821589, 43.24508625666102], [76.66981987346011, 43.243935585840724], [76.67151158385387, 43.23651942901752], [76.67798180686457, 43.23938618157238], [76.68462767795705, 43.239066990570315], [76.68843129942104, 43.23319576982421], [76.68927553503393, 43.22384227668098], [76.69607668288292, 43.22324533913909], [76.70045532331373, 43.22009698511407], [76.71108216656431, 43.2237337121486], [76.7143990264843, 43.21806866205763], [76.70390559634063, 43.20940583593951], [76.6809383537411, 43.20977195435182], [76.67953733191293, 43.21329001662985], [76.67309492328292, 43.2158141992801], [76.66879875925788, 43.213256459978446], [76.66279003609739, 43.213791848434425], [76.66216996984602, 43.20841812970515], [76.6658189860556, 43.20806812258201], [76.66921499694101, 43.2113652238045], [76.67265203388278, 43.2071719372344], [76.67235451304333, 43.20391659965057], [76.66670045005166, 43.20176955875901], [76.66631026181044, 43.18953187014301], [76.66207712418061, 43.18885434079984], [76.65938236490156, 43.19479107533534], [76.64853292536154, 43.19578882254923], [76.63778438191554, 43.18433518246302], [76.62173378869197, 43.18099834983222], [76.61690450962107, 43.172084130543524], [76.60983071377734, 43.1809283672384], [76.60976490142508, 43.189264072627786], [76.60186664790399, 43.19389849608883], [76.59805833117925, 43.20064086312477], [76.60234024804, 43.21199284852704], [76.61458111081218, 43.212640126950525], [76.6163304003286, 43.21691297259512], [76.61001657293086, 43.21933815413401], [76.6076037991858, 43.22640132746556], [76.59852224427702, 43.227788943340485], [76.59392045427491, 43.22615358918339], [76.58970616390371, 43.228432366965315], [76.58972830244143, 43.2340341397901]]], [[[76.61024908226793, 43.36882585975632], [76.61024668848515, 43.374355076588486], [76.61491662576603, 43.37708137917827], [76.61429848938698, 43.38463547389387], [76.62055849318293, 43.38767521530603], [76.63747536056275, 43.389472878686725], [76.63973640347801, 43.38464912282178], [76.63779951267885, 43.38087844936273], [76.640256217528, 43.379189033358635], [76.64631372561647, 43.379520661611465], [76.65365666111293, 43.388579632537414], [76.65911880328174, 43.389189667746095], [76.66424677211926, 43.385297680485685], [76.66476619050613, 43.37292999176648], [76.6563097835112, 43.372061764561394], [76.64856449900257, 43.37483301351667], [76.64430073542225, 43.36539236865053], [76.6291659985263, 43.3666744339076], [76.62529135254492, 43.36426311694497], [76.61633092759149, 43.364481386066814], [76.61257718128665, 43.361660191397235], [76.61024908226793, 43.36882585975632]]]]}}, {"type": "Feature", "properties": {"threshold": 90}, "geometry": {"type": "MultiPolygon", "coordinates": [[[[77.20423037779611, 43.40820101071922], [77.21021931460511, 43.41158717719838], [77.22435755799232, 43.41135640827613], [77.24154289141568, 43.414495610816374], [77.24440405652274, 43.43189037706876], [77.25010272962474, 43.43268782609917], [77.25136689462154, 43.44008413101388], [77.25576459846528, 43.44010934432997], [77.2630473046388, 43.42725906696485], [77.2603409862052, 43.421400697185824], [77.26428508523779, 43.40973789683689], [77.26076729798247, 43.40655049825634], [77.24556270978957, 43.403776001033265], [77.23576854312525, 43.39769434032655], [77.2369854319956, 43.39381954840969], [77.24387355110633, 43.39455785227467], [77.2446206045565, 43.388828698001824], [77.24088836073639, 43.38679453542471], [77.24013177792548, 43.37880511403169], [77.22140780733308, 43.37902784313108], [77.21541867221583, 43.383466925479226], [77.21544757350857, 43.389750832103914], [77.20373415976395, 43.40452924275677], [77.20423037779611, 43.40820101071922]]], [[[76.58972830244143, 43.2340341397901], [76.58974188307725, 43.23692523799758], [76.59783414897184, 43.24188967690195], [76.6079219683722, 43.23968074289244], [76.61221503428273, 43.23767482473742], [76.60785583378524, 43.23100529240915], [76.60917147937089, 43.2263365891954], [76.62170682698385, 43.2250772474574], [76.62731265395439, 43.22771304542409], [76.62962195658834, 43.22373449685708], [76.639288128731, 43.22412236215364], [76.64766775585807, 43.22169446934726], [76.64674511189712, 43.21673649388872], [76.65154122968022, 43.214992466631976], [76.65498229595464, 43.21965978657505], [76.64945464012371, 43.22216016095386], [76.65042104422356, 43.225239181267], [76.64689327559356, 43.228353351163065], [76.65512990554107, 43.23177644972371], [76.66305515676359, 43.24511767450677], [76.66968293532591, 43.24411043178461], [76.67151158385387, 43.23651942901752], [76.67798180686457, 43.23938618157238], [76.68450015707084, 43.23916405584067], [76.68843129942104, 43.23319576982421], [76.68859133125106, 43.22444281145549], [76.69615915198605, 43.223215303747565], [76.6999025616489, 43.22012509046864], [76.70385568406624, 43.22381889734052], [76.71261657522008, 43.2242121200179], [76.71424974395035, 43.22776986472277], [76.72098497739627, 43.22810073407896], [76.72292902165245, 43.231803352330864], [76.75256115338618, 43.23392126655745], [76.75299596536128, 43.24113648081517], [76.74809413127707, 43.23906303379343], [76.73498084638237, 43.23956460173398], [76.73407350225884, 43.246229805354794], [76.7372590642108, 43.253387459061265], [76.74470717851443, 43.25346269929965], [76.7468710512505, 43.26145339111495], [76.75158907891806, 43.26312505890934], [76.75361117459832, 43.25367525697614], [76.76105128341065, 43.253361153586056], [76.75907040004262, 43.263077531729834], [76.76477371770136, 43.265667997927764], [76.76466911669307, 43.2766239438686], [76.77143008149079, 43.27428190736619], [76.77616437222893, 43.26674529903866], [76.78847707962683, 43.271110053144476], [76.7884019197942, 43.299382906002386], [76.78065165558564, 43.31686750429739], [76.79014847565347, 43.31694070483295], [76.79609429146494, 43.31323004832073], [76.79459502924635, 43.3055908579917], [76.80517994059801, 43.29838694837309], [76.81078413261876, 43.3021204539073], [76.8166320983086, 43.30151492158059], [76.81948356231668, 43.30614009731101], [76.82615191160961, 43.30375212478607], [76.83356055420008, 43.3049173910792], [76.83624510938583, 43.31186362492233], [76.83254787465098, 43.32136212459607], [76.82465516699428, 43.321283584519016], [76.82036962273224, 43.32383824095879], [76.80160448127937, 43.32113148442914], [76.79852806550387, 43.33304489777476], [76.79140464560277, 43.335361375200044], [76.79484057088891, 43.34118556355763], [76.78826626951295, 43.3474788027142], [76.78363533469002, 43.34653365353555], [76.7796644044097, 43.33724060160768], [76.7682053786362, 43.33883686556222], [76.76762545769726, 43.34323307041265], [76.76068004000541, 43.350311181915245], [76.76110086323007, 43.35488891574128], [76.75509984867747, 43.35643675838764], [76.74695285148333, 43.35501444779382], [76.74612348550707, 43.36357439598057], [76.76026796204343, 43.36705109027351], [76.76097384506555, 43.363140708659586], [76.76576669986375, 43.36124893998361], [76.77835304827913, 43.36150781665306], [76.78029443346081, 43.36924993271473], [76.79599193044132, 43.37095339317668], [76.79841411436165, 43.378502744572785], [76.804191298154, 43.382906381715316], [76.80771615195097, 43.3781663133591], [76.80824732390232, 43.36901750946687], [76.81919802779038, 43.36742917665535], [76.82245089552417, 43.36163686914542], [76.82935653722203, 43.36247173813391], [76.8335299039622, 43.357499057061126], [76.83706115300782, 43.35725589360794], [76.83974564920949, 43.372896609700376], [76.85071371509969, 43.39125038119489], [76.85123582332558, 43.401253036023334], [76.85851411472909, 43.403406044001926], [76.86496186460349, 43.400925890468606], [76.86490319151038, 43.39746501710404], [76.85995891517513, 43.39642420906105], [76.85833158226313, 43.39237163032503], [76.86721386195617, 43.383206435703904], [76.87518116394722, 43.38406565661872], [76.88057009763266, 43.39071233340764], [76.8831720151344, 43.40313648765133], [76.88604441688729, 43.405425498221604], [76.8846080657155, 43.418963493415504], [76.89055581161001, 43.42285892241573], [76.89066477274545, 43.42975605072844], [76.90287166022632, 43.426048623448914], [76.91933723705124, 43.425025079815754], [76.91888578431724, 43.416201537499106], [76.92556853864073, 43.415306723241756], [76.92778598052922, 43.41216990864387], [76.92657639434131, 43.40214533605681], [76.92315557535531, 43.399497294953996], [76.92721531176115, 43.39248632573995], [76.9178178537289, 43.38376264616813], [76.92384540365504, 43.37558197027312], [76.92129021373442, 43.36567619401422], [76.93028824207879, 43.367339637346085], [76.930500844415, 43.374845984893646], [76.93728326495297, 43.38349974556658], [76.93433061970322, 43.40516776918255], [76.93958657719027, 43.41090014995106], [76.94856904442753, 43.41155476956613], [76.94625580465829, 43.39254085377229], [76.94807630776732, 43.38685628549219], [76.96545755670229, 43.384873991826076], [76.96647036962084, 43.38066244757867], [76.95745039654373, 43.373141112872275], [76.97207291636435, 43.36295595387459], [76.977896914227, 43.36376191453007], [76.98945351635768, 43.37119474769423], [76.99322578174616, 43.3808974857138], [77.00211769276063, 43.38565016044705], [76.9977405606932, 43.394680189653045], [76.9935380909053, 43.397047003399386], [76.99383553144848, 43.39949415306995], [77.00125563231525, 43.40336209181285], [77.0022341927865, 43.416462520765805], [76.99816585493777, 43.41933395269281], [76.99635155251248, 43.42515183503273], [77.00253091614711, 43.43322255140144], [76.98861239197056, 43.43579302707662], [76.98658282436122, 43.44217526220052], [77.00032280224615, 43.45128895708838], [77.00464650017891, 43.44793346964703], [77.00384913182242, 43.43661996877247], [77.01540822393623, 43.43592328745937], [77.0255947070352, 43.44664952061417], [77.0254884396768, 43.4524573402203], [77.02197961485042, 43.456503945441305], [77.02625784181758, 43.4690449197635], [77.03632710182933, 43.46766051336608], [77.03802133434533, 43.451634537781025], [77.04425730586875, 43.45029018831752], [77.04708108167227, 43.443668976903886], [77.04071044370927, 43.43279058278612], [77.04537280836095, 43.42144537905911], [77.03717331652291, 43.41664015011522], [77.03463758055419, 43.40907097666889], [77.03987090790376, 43.3983803092224], [77.04043505190747, 43.38769958378909], [77.03279247783678, 43.386662550175025], [77.02684637363338, 43.3889133785881], [77.02390097521811, 43.39819707707589], [77.01415248921752, 43.39902946974888], [77.00999641449664, 43.39730551527075], [77.00429926468072, 43.38678007174272], [77.01085496685512, 43.382602109277045], [77.01272769833024, 43.37743084736762], [77.01337817806763, 43.368948198636794], [77.00704829199485, 43.36672226212067], [77.0078525103516, 43.361001100518635], [77.01201013886636, 43.359515532855205], [77.01798858336812, 43.362798421308284], [77.02160941043356, 43.36080092833539], [77.02130358656866, 43.357480108133146], [77.01263583697201, 43.35310269491442], [77.01356554874316, 43.34426849318009], [77.01989328023296, 43.34178223526566], [77.0200932822455, 43.33547990225252], [77.03440220089101, 43.319645418885926], [77.02258981735625, 43.32010717606968], [77.0205481807093, 43.327759461664954], [77.00782378336659, 43.32791361964247], [77.00283791697467, 43.33468029201619], [76.98677948197177, 43.321044479956974], [76.98635096729808, 43.31534240031342], [76.9973229334363, 43.31311508453873], [76.9927969562507, 43.30736134542105], [76.99575586537615, 43.29877185373614], [77.0000702641552, 43.29908764405196], [77.00171922895761, 43.30381044187763], [77.01357310595436, 43.300322877158145], [77.02141532180492, 43.30242616274927], [77.02876606454579, 43.30938367356403], [77.04499239790381, 43.31621134889073], [77.05405397853504, 43.33369685344706], [77.06602524749465, 43.335063088741464], [77.06974627367927, 43.33161727377309], [77.06757925316988, 43.3251919000974], [77.07491219778834, 43.32150036384741], [77.07411857198862, 43.317794683931325], [77.07906637423908, 43.31163922067111], [77.08431858725497, 43.31343971140436], [77.08079718331837, 43.32301210235196], [77.08380883491785, 43.32647037597778], [77.09055486144605, 43.323601992813316], [77.10960355932234, 43.32453541599618], [77.11549635162098, 43.32000965383544], [77.1190750337651, 43.31128241168233], [77.11544811122494, 43.308483204690404], [77.11452879922092, 43.30324748540041], [77.07287938363832, 43.300989619825536], [77.067058517882, 43.297195084698636], [77.05705642102443, 43.29640323260876], [77.05278968302865, 43.29127845725265], [77.04104931849747, 43.29037312088578], [77.03743873014871, 43.28125013845022], [77.01973774006747, 43.278005909510526], [77.01674656079777, 43.27987744528827], [76.99888617315348, 43.2804661013802], [76.99492548614961, 43.28325063521389], [76.98058788442847, 43.28095607258547], [76.97915845573702, 43.28978757399459], [76.96756338391835, 43.29387223011143], [76.96679960687462, 43.298482501450884], [76.97152337151532, 43.30098593193949], [76.96879728431689, 43.30356473315133], [76.96809136813735, 43.31854971991474], [76.95733585449292, 43.31852637707819], [76.9540945923358, 43.32812250566367], [76.94581548334553, 43.326918274974105], [76.94025513637817, 43.31800203856132], [76.93456777335928, 43.3190090623413], [76.93204440963095, 43.3250267343655], [76.92640244076068, 43.32298334895236], [76.92112617754766, 43.31468628100454], [76.93194309952972, 43.30446135114051], [76.93742663201392, 43.30831481304015], [76.94327567446578, 43.30796264519287], [76.94420470879948, 43.30267386240657], [76.94162575495258, 43.30009019380595], [76.94403210461658, 43.29318472204195], [76.95413198816502, 43.2918689118659], [76.954954542367, 43.28519464998779], [76.95144748907197, 43.281802625771746], [76.95767306707755, 43.273533972571684], [76.96412449147827, 43.26880461936435], [76.97458358411964, 43.27048665993296], [76.97928059331066, 43.26656533379793], [76.99471280405528, 43.262162059548785], [76.99441390266159, 43.25205673199022], [76.98784820083999, 43.24893031968736], [76.9767782942645, 43.25069838726682], [76.97479990599635, 43.260338251822304], [76.97055551107294, 43.26128051910703], [76.96544254169281, 43.2543372289333], [76.96511989069121, 43.2481624061655], [76.96635609370836, 43.2419408524725], [76.97375695731142, 43.24222209428858], [76.97699708807363, 43.23828516645301], [76.97574367729196, 43.21770918261212], [76.98992383365612, 43.21503520851677], [76.9949401322118, 43.2104064747023], [76.99556616082221, 43.20166328903065], [76.98835078182965, 43.20099124407286], [76.98674981940405, 43.19710242847707], [77.00159590257817, 43.192702997833905], [77.00234491203732, 43.18680399131964], [76.98188354992342, 43.18642302765732], [76.97970840745342, 43.181779813294824], [76.9743167927973, 43.18024690040818], [76.96870960125909, 43.183918538562004], [76.9614931935193, 43.175795839460186], [76.95392604635705, 43.175132585937384], [76.95068925740141, 43.17982338875454], [76.95097207130826, 43.18578969361878], [76.95660026422675, 43.186629155937716], [76.96667886868784, 43.1961056506216], [76.9732529473965, 43.19667039350201], [76.97730140429366, 43.20640987766087], [76.97110881168894, 43.209401264883255], [76.96848598778352, 43.20630708693592], [76.96976865455615, 43.20234875104774], [76.95969056685198, 43.19979553649943], [76.94522250007705, 43.20501936782215], [76.93971515846756, 43.211342511453424], [76.93181799469464, 43.210928170970156], [76.93316096236029, 43.20524302826811], [76.94183388668614, 43.19960448070325], [76.93597391287607, 43.19547085592583], [76.940601311179, 43.191418674647444], [76.9404867063916, 43.18682340739396], [76.93168482951847, 43.18375789462866], [76.92547730225509, 43.19028075475378], [76.91636100851011, 43.18633662669387], [76.91578477218783, 43.180973759629744], [76.90918273542684, 43.17573644308678], [76.90853509158546, 43.168330896396746], [76.91520139153725, 43.16508739347778], [76.9152176621532, 43.16112572076533], [76.90110946958775, 43.15618089900294], [76.90201887775473, 43.15321331567359], [76.90795405470949, 43.152303441483284], [76.91015052611992, 43.148888312033236], [76.90499684113526, 43.13968407117145], [76.90127309283756, 43.13875495962983], [76.89413826851194, 43.1433103458468], [76.89113881229486, 43.15065845163639], [76.88251468884813, 43.15223758245382], [76.87760638051196, 43.15667748910535], [76.87943240087081, 43.164386905769156], [76.86781797960859, 43.16419470923856], [76.8651478518461, 43.17192895731024], [76.85345414115974, 43.17934872303355], [76.84333315758803, 43.178292087842316], [76.84070536230665, 43.17996633341991], [76.84228428305128, 43.18785981130448], [76.83535105441507, 43.19325882306044], [76.8339287679077, 43.19920911829286], [76.82659929431567, 43.204282361369195], [76.82186736671397, 43.19878076501972], [76.81198107226282, 43.19573749346078], [76.81221841965869, 43.188285034934964], [76.81783022131602, 43.18533857371446], [76.8188677483279, 43.18199573559959], [76.81647117605782, 43.17815089454507], [76.8058192502822, 43.1759223725715], [76.79959174125825, 43.16458458436483], [76.80172513273055, 43.15974142070139], [76.79396346470011, 43.16146590117795], [76.79520042106823, 43.16867866585489], [76.79221315574881, 43.171523483368894], [76.78570790384256, 43.1681949783982], [76.76842024081968, 43.167601309203704], [76.76580500755803, 43.163679651497326], [76.73282194141403, 43.16579438034748], [76.72906372609698, 43.162862577462874], [76.72364684596, 43.164757936751585], [76.717089007391, 43.16383469123899], [76.71127493564474, 43.172207849129386], [76.72219440942415, 43.17799447047116], [76.73691339723811, 43.17936445368497], [76.74147909423958, 43.18194013870998], [76.75116476107767, 43.18005928430699], [76.75451650147407, 43.18198786629798], [76.7507799349952, 43.185079447495035], [76.74431462902528, 43.185257103955955], [76.73919920282309, 43.1920655406112], [76.74174199743717, 43.195479018695245], [76.73842648392136, 43.20066106550293], [76.73860516649388, 43.20431630787266], [76.74232218126286, 43.20681572976554], [76.74159256570299, 43.214283812879685], [76.73440885758677, 43.217465298786905], [76.73411867538115, 43.22179183713738], [76.73079657962658, 43.22390014328321], [76.70888390649837, 43.21548825729408], [76.70749588406427, 43.21040115831168], [76.7039969647427, 43.209414362653355], [76.6809383537411, 43.20977195435182], [76.67953733191293, 43.21329001662985], [76.67309492328292, 43.2158141992801], [76.66879875925788, 43.213256459978446], [76.66279003609739, 43.213791848434425], [76.66216996984602, 43.20841812970515], [76.6658189860556, 43.20806812258201], [76.66921499694101, 43.2113652238045], [76.67265203388278, 43.2071719372344], [76.67235451304333, 43.20391659965057], [76.66670045005166, 43.20176955875901], [76.66625402727851, 43.18746512283885], [76.66192588941992, 43.18758222030535], [76.65961675846589, 43.19469695701773], [76.64853292536154, 43.19578882254923], [76.63778438191554, 43.18433518246302], [76.62173378869197, 43.18099834983222], [76.6167296021792, 43.172125679947854], [76.60983071377734, 43.1809283672384], [76.60976490142508, 43.189264072627786], [76.60186664790399, 43.19389849608883], [76.59805833117925, 43.20064086312477], [76.60234024804, 43.21199284852704], [76.61458111081218, 43.212640126950525], [76.6163304003286, 43.21691297259512], [76.60999844168421, 43.21864922266309], [76.6076037991858, 43.22640132746556], [76.59852224427702, 43.227788943340485], [76.59392045427491, 43.22615358918339], [76.58970616390371, 43.228432366965315], [76.58972830244143, 43.2340341397901]], [[76.99004038821069, 43.34822039009641], [76.98613378566297, 43.34356686320591], [76.98779161893839, 43.337130341727736], [76.99691195581656, 43.34146766609965], [76.99515123798996, 43.350021197128704], [76.9917079786203, 43.35064067644777], [76.99004038821069, 43.34822039009641]], [[76.98364650236276, 43.32928214477485], [76.98854339192401, 43.32850013718343], [76.98834595602277, 43.332337642465895], [76.98380455198672, 43.332590363017275], [76.98364650236276, 43.32928214477485]], [[76.97614435978902, 43.19545942452417], [76.97190456013085, 43.19416277025553], [76.97402395693686, 43.187068332388634], [76.98012430604797, 43.18870466798824], [76.98053425064039, 43.19415547521651], [76.97614435978902, 43.19545942452417]], [[76.96991693426172, 43.342613671376206], [76.97435468623256, 43.3420823937574], [76.97513862090952, 43.34583322251396], [76.9710853060007, 43.34610357286477], [76.96991693426172, 43.342613671376206]], [[76.93162648736663, 43.35921909906861], [76.93541961845843, 43.353333386100424], [76.9348166737575, 43.346227676695335], [76.94616916680388, 43.34527777172403], [76.94738242631965, 43.337871733470045], [76.95357862009612, 43.331776799577725], [76.95716170328319, 43.331586805959404], [76.96302498449593, 43.343668188427166], [76.95951571988407, 43.35324844718011], [76.9451612550931, 43.35323771240258], [76.94389020204636, 43.364332812134705], [76.93238019479122, 43.36599651621529], [76.93162648736663, 43.35921909906861]], [[76.89641347220862, 43.28667126115968], [76.8968074166026, 43.28105611564835], [76.90398577516848, 43.2774875778253], [76.90660851496327, 43.27920412562347], [76.90743869663815, 43.28670776317556], [76.92960620440938, 43.29058338875121], [76.9430007985215, 43.285542319336244], [76.94568389421775, 43.290077331988655], [76.94339982961753, 43.29194781894756], [76.93834745555102, 43.29111463234108], [76.93638712977962, 43.29396536646822], [76.9383578366346, 43.30098271938772], [76.93509340970775, 43.30362810041734], [76.93163386422454, 43.30311411559863], [76.92906454866737, 43.29817920997004], [76.91824070242131, 43.29841026976734], [76.91270195231074, 43.30281377628015], [76.90650614874218, 43.299442123349664], [76.90493599070412, 43.28895043297012], [76.89838183455885, 43.288890716247856], [76.89641347220862, 43.28667126115968]], [[76.92089437055243, 43.252638711548066], [76.92226284108796, 43.25027751324764], [76.93334914416518, 43.247076180299786], [76.94154353660377, 43.256207840667095], [76.94160794779083, 43.26057282612746], [76.93765927449473, 43.26145021022232], [76.93105113437537, 43.25556951903131], [76.92268837474111, 43.25546013221483], [76.92089437055243, 43.252638711548066]], [[76.92884905237277, 43.33486508890727], [76.92675941605846, 43.33213753101566], [76.9294841474716, 43.3265689907931], [76.9326885149678, 43.32579983524251], [76.94079768532735, 43.336542527013194], [76.93657404273327, 43.33860568179989], [76.92884905237277, 43.33486508890727]], [[76.90822052307139, 43.33395141984603], [76.91251313901685, 43.329933546340115], [76.92260224775585, 43.335983885445344], [76.91850027070005, 43.3444240891695], [76.91039416783133, 43.34740640614442], [76.90543911616922, 43.345704408496374], [76.90954495816969, 43.341363487659706], [76.90822052307139, 43.33395141984603]], [[76.90748730981404, 43.21498363629654], [76.91092999267941, 43.21281913485874], [76.91728744803427, 43.21682888693363], [76.9135261679097, 43.21867690899397], [76.90748730981404, 43.21498363629654]], [[76.91077030904593, 43.252564778245876], [76.90664692273639, 43.25268395556249], [76.9065798469181, 43.24953558427739], [76.9106593615506, 43.24943759351776], [76.91077030904593, 43.252564778245876]], [[76.90580003944768, 43.37000851376713], [76.90171047736135, 43.37115344166448], [76.8990531969117, 43.36718570317385], [76.90521152723329, 43.36543151411401], [76.90580003944768, 43.37000851376713]], [[76.89890414352985, 43.400232603520976], [76.89852841361919, 43.39468875052577], [76.90491132619512, 43.39486066735252], [76.90416431870314, 43.400520594317065], [76.89890414352985, 43.400232603520976]], [[76.85456140577479, 43.32231080998518], [76.84996895780237, 43.32199341099417], [76.85028793443807, 43.31825944647611], [76.86002286451598, 43.31789291324518], [76.86535046708934, 43.31493940468816], [76.87266546540411, 43.32518125927019], [76.88857481381048, 43.32451818237307], [76.89539998302205, 43.33230210034356], [76.90231547390302, 43.333939336700226], [76.90235296300482, 43.33977698662933], [76.8963727520749, 43.341151019521305], [76.88968490993373, 43.33742448793525], [76.88416423690529, 43.340637738550384], [76.88809871529386, 43.35431239589999], [76.8803205828489, 43.354101921346405], [76.87619821663164, 43.34465648631649], [76.86890804711716, 43.3457778402324], [76.8654301899108, 43.34384545725289], [76.86796788748747, 43.33991616297916], [76.86584639308563, 43.33348165423067], [76.85726322088297, 43.32817913789496], [76.85701770772931, 43.322598679612646], [76.85456140577479, 43.32231080998518]], [[76.89219074031055, 43.245259684439304], [76.89508701384261, 43.24080441100282], [76.8992734104308, 43.24135850787421], [76.89803149832463, 43.248704756259166], [76.89355955607374, 43.248677050778106], [76.89219074031055, 43.245259684439304]], [[76.88503187183412, 43.37976610206841], [76.88875927958907, 43.37497301531201], [76.89750607300559, 43.374189266920034], [76.89858428968505, 43.377630122577514], [76.90319812260196, 43.37972591709258], [76.90342013042442, 43.38830164889081], [76.900769707616, 43.39183830137998], [76.89676277244119, 43.391761384346694], [76.88503187183412, 43.37976610206841]], [[76.88141676219513, 43.174389290286385], [76.87881804237458, 43.172767672105444], [76.87904252097078, 43.16669373665139], [76.88774507198225, 43.16603874604525], [76.89116829590755, 43.16914936953429], [76.89075504928854, 43.17329115450185], [76.88745131714661, 43.17544283900912], [76.88141676219513, 43.174389290286385]], [[76.86074844254385, 43.26175729782443], [76.86173742141418, 43.258883806689084], [76.86925620590833, 43.25850550371934], [76.87274954743532, 43.261150288043694], [76.88260630480882, 43.26217737211302], [76.88439714106424, 43.2909367413214], [76.87046382624264, 43.287027375327945], [76.86699216539763, 43.27897461203245], [76.8697353440769, 43.27441601489463], [76.86860096371697, 43.26934369260196], [76.8615162957362, 43.26736135457112], [76.86074844254385, 43.26175729782443]], [[76.84698751253708, 43.19075743419621], [76.846040116025, 43.1882280619047], [76.850772760997, 43.184959343544946], [76.8614837458025, 43.18951160256891], [76.86059887452882, 43.191979258907104], [76.85077509347721, 43.19632116971334], [76.84776254247821, 43.195127392149594], [76.84698751253708, 43.19075743419621]], [[76.84824472769125, 43.288234612243336], [76.85234381137616, 43.27902965708796], [76.85698759618, 43.278816317114774], [76.86212991222033, 43.2824855389284], [76.85983448631364, 43.28972275235578], [76.86370009994246, 43.29462439340254], [76.86103391636267, 43.29785524993935], [76.86143765615464, 43.30959027285032], [76.85405956037272, 43.30854523669802], [76.84824472769125, 43.288234612243336]], [[76.84117438269809, 43.20276472666295], [76.84525634873582, 43.19827862173081], [76.849152796535, 43.198926151888934], [76.84753588734382, 43.20544319764356], [76.84251353675143, 43.20552422045102], [76.84117438269809, 43.20276472666295]], [[76.84427312267893, 43.25425016506507], [76.8438793552723, 43.25101963254869], [76.84845782613834, 43.25112971700963], [76.8484924536668, 43.254102398003795], [76.84427312267893, 43.25425016506507]], [[76.827763529341, 43.258498710633596], [76.83172290319177, 43.255465602493665], [76.83220921300969, 43.24921326173562], [76.84067144400471, 43.250823687539636], [76.84130369765536, 43.25352675671347], [76.83497400384758, 43.25650541642132], [76.83153102530812, 43.263635196055496], [76.82773630216273, 43.262710867566575], [76.827763529341, 43.258498710633596]], [[76.80406676501818, 43.222417842235735], [76.80739447110359, 43.21479519244083], [76.81602724000354, 43.21868590403705], [76.82153677699681, 43.21703198853991], [76.82122806181961, 43.206818443317395], [76.82631705613423, 43.20513409107882], [76.82674338855088, 43.20890716121757], [76.83303925079016, 43.214760885115965], [76.83106111667854, 43.219176147556304], [76.82581650435817, 43.22097875173998], [76.82412974642574, 43.227615613051434], [76.81195451752976, 43.23137826052211], [76.80406676501818, 43.222417842235735]], [[76.80287480704762, 43.28531779712706], [76.80418649337011, 43.27990647070634], [76.81332980090407, 43.28352137781805], [76.8245976965538, 43.28174972201317], [76.8257904483723, 43.287857099043464], [76.82261115731632, 43.29577979840118], [76.81460666504304, 43.29655744981362], [76.8081686332293, 43.294166392024565], [76.80287480704762, 43.28531779712706]], [[76.79176843582721, 43.260660776747436], [76.79829340559294, 43.25231283709948], [76.803270406261, 43.25295919960979], [76.80800513995666, 43.26030242948587], [76.80711779549505, 43.27127637006274], [76.80316947272019, 43.27174452878908], [76.79544273236799, 43.2667556930966], [76.79176843582721, 43.260660776747436]], [[76.78392630473765, 43.242720032702884], [76.79084608135557, 43.23399780960116], [76.80395447097666, 43.23995390419909], [76.79870189911688, 43.24814068270995], [76.78729603928942, 43.247258199492016], [76.78392630473765, 43.242720032702884]], [[76.7586498777721, 43.19090103976262], [76.75953225914158, 43.18597203528377], [76.77193153223926, 43.18675827404909], [76.774131358813, 43.193493882662246], [76.77982880145856, 43.1950656033082], [76.7824538814921, 43.19963270048067], [76.78020392078643, 43.20380756622631], [76.77595944392105, 43.20406730190323], [76.77055836794754, 43.20102645772977], [76.76921059507268, 43.19763506882566], [76.76280581293179, 43.195595904969004], [76.7586498777721, 43.19090103976262]], [[76.75500334828538, 43.222814282848375], [76.75725620608223, 43.220207238145925], [76.76106673772078, 43.22198135240824], [76.75832755991053, 43.224690395597754], [76.75500334828538, 43.222814282848375]]], [[[76.60739793711642, 43.36817680676927], [76.6073817746848, 43.371699626468924], [76.6138884141127, 43.37728561174514], [76.61429848938698, 43.38463547389387], [76.62055849318293, 43.38767521530603], [76.63120060749007, 43.390319626690115], [76.63936460507016, 43.38944580570219], [76.63795031355019, 43.38048843954942], [76.64425750201582, 43.379017156272326], [76.6527120594216, 43.388593290760234], [76.65894330771292, 43.38923128999288], [76.66993294765958, 43.385903938210895], [76.67167181425118, 43.3779676026158], [76.66746726519938, 43.37569069640758], [76.66713229124036, 43.37126427060026], [76.64882347243442, 43.37490692393675], [76.64446510654633, 43.36545346050441], [76.63327408801297, 43.36539355697882], [76.6202968722786, 43.36086188784569], [76.6101881920823, 43.36184642085137], [76.60739793711642, 43.36817680676927]]]]}}, {"type": "Feature", "properties": {"threshold": 95}, "geometry": {"type": "MultiPolygon", "coordinates": [[[[77.20011782820353, 43.406053951684974], [77.20311939096216, 43.41081361138894], [77.20934980417148, 43.41367144152315], [77.22435755799232, 43.41135640827613], [77.2418061187412, 43.41564511009926], [77.24440405652274, 43.43189037706876], [77.25010272962474, 43.43268782609917], [77.25136689462154, 43.44008413101388], [77.25576459846528, 43.44010934432997], [77.2630473046388, 43.42725906696485], [77.2603409862052, 43.421400697185824], [77.26428508523779, 43.40973789683689], [77.2627665800482, 43.40722889887368], [77.24582505056026, 43.40386415034813], [77.24189392437911, 43.401023230449226], [77.24463290697466, 43.38894651420541], [77.24088836073639, 43.38679453542471], [77.24013177792548, 43.37880511403169], [77.22099975244853, 43.379178443219814], [77.2152228434395, 43.38369348971828], [77.21552120494408, 43.38955525043687], [77.2114702767723, 43.39703114703267], [77.20008971233716, 43.40374844195289], [77.20011782820353, 43.406053951684974]]], [[[76.58972830244143, 43.2340341397901], [76.58974188307725, 43.23692523799758], [76.59783414897184, 43.24188967690195], [76.6079219683722, 43.23968074289244], [76.61221503428273, 43.23767482473742], [76.60785583378524, 43.23100529240915], [76.60917147937089, 43.2263365891954], [76.62170682698385, 43.2250772474574], [76.62731265395439, 43.22771304542409], [76.62962195658834, 43.22373449685708], [76.639288128731, 43.22412236215364], [76.64766775585807, 43.22169446934726], [76.64674511189712, 43.21673649388872], [76.65154122968022, 43.214992466631976], [76.65498229595464, 43.21965978657505], [76.64945464012371, 43.22216016095386], [76.65042104422356, 43.225239181267], [76.64689327559356, 43.228353351163065], [76.65512990554107, 43.23177644972371], [76.66305515676359, 43.24511767450677], [76.66968293532591, 43.24411043178461], [76.67151158385387, 43.23651942901752], [76.67798180686457, 43.23938618157238], [76.68450015707084, 43.23916405584067], [76.68843129942104, 43.23319576982421], [76.68859133125106, 43.22444281145549], [76.69615915198605, 43.223215303747565], [76.6999025616489, 43.22012509046864], [76.70385568406624, 43.22381889734052], [76.71261657522008, 43.2242121200179], [76.71424974395035, 43.22776986472277], [76.72098497739627, 43.22810073407896], [76.72292902165245, 43.231803352330864], [76.7518539679012, 43.23363555639834], [76.75456863558743, 43.23849229862659], [76.75299596536128, 43.24113648081517], [76.74809413127707, 43.23906303379343], [76.734935119747, 43.239623096386836], [76.73407350225884, 43.246229805354794], [76.7372590642108, 43.253387459061265], [76.74470717851443, 43.25346269929965], [76.7468710512505, 43.26145339111495], [76.75158907891806, 43.26312505890934], [76.75361117459832, 43.25367525697614], [76.76105128341065, 43.253361153586056], [76.75907040004262, 43.263077531729834], [76.76477371770136, 43.265667997927764], [76.76466911669307, 43.2766239438686], [76.77143008149079, 43.27428190736619], [76.77616437222893, 43.26674529903866], [76.78847707962683, 43.271110053144476], [76.7884019197942, 43.299382906002386], [76.78065165558564, 43.31686750429739], [76.78906552133988, 43.31836225959412], [76.79364698370058, 43.31356709471337], [76.80619111405277, 43.313909029298834], [76.80949195391456, 43.307422344861834], [76.82004975627498, 43.3068202588682], [76.82560499587208, 43.303820328268145], [76.83450639411491, 43.30564667691415], [76.83624510938583, 43.31186362492233], [76.83348881115359, 43.32090450253536], [76.82465516699428, 43.321283584519016], [76.820092590366, 43.323822763870226], [76.81104103630884, 43.321869336100974], [76.80820368121816, 43.31812177793994], [76.79813604647104, 43.31825784032255], [76.79567635667928, 43.32088715456178], [76.7965168286242, 43.3275623945902], [76.79317146633659, 43.32957807723783], [76.78578586738413, 43.32405091894957], [76.7799080915628, 43.32858576421492], [76.779607703417, 43.336493589433566], [76.76802438795993, 43.33898897532196], [76.75974013168054, 43.3557557749763], [76.74736197533687, 43.35486552217939], [76.7431293293555, 43.35580722616108], [76.74120997267464, 43.35961048735781], [76.723977284843, 43.36139636229842], [76.71443681649959, 43.35949897182146], [76.70696163788807, 43.36542632360946], [76.70098304615827, 43.3660451052922], [76.70580166294792, 43.37917192021559], [76.7119420624067, 43.38623983513582], [76.71874776405997, 43.37825440209322], [76.7263061778024, 43.37760454816845], [76.73097971487577, 43.36571596302305], [76.74406176098127, 43.364610715487466], [76.75137582288357, 43.36920618376165], [76.75947453884474, 43.36912091618834], [76.76097384506555, 43.363140708659586], [76.76658048972494, 43.36111868949078], [76.77882129058109, 43.361725706005984], [76.78058316954476, 43.369415407053765], [76.79621062133091, 43.37107867259018], [76.79841411436165, 43.378502744572785], [76.80437144667398, 43.38287727747272], [76.80771615195097, 43.3781663133591], [76.80824732390232, 43.36901750946687], [76.82106579327949, 43.36671027649933], [76.83657771770908, 43.35706966825002], [76.83857122389611, 43.37054143952322], [76.83140118912002, 43.372395630167546], [76.82595321743294, 43.38156985730716], [76.83138655800052, 43.3852207531028], [76.84603809499221, 43.38372382182297], [76.85111782341176, 43.40510369512758], [76.85574119388913, 43.40620193273911], [76.8650948185923, 43.400676191740615], [76.86485393381746, 43.39740802184878], [76.86015027453969, 43.39657142970907], [76.85835011743279, 43.39297805525368], [76.86139630075249, 43.387048959447355], [76.86772672089778, 43.383073088170484], [76.87540006089452, 43.384190780447135], [76.88600045000531, 43.40523254063723], [76.88459244111091, 43.41889709444672], [76.89055581161001, 43.42285892241573], [76.88975329383346, 43.42940565577031], [76.90314385788139, 43.42600466691901], [76.9092002979101, 43.4267199834187], [76.91228872806704, 43.43170696921266], [76.90988413432487, 43.439347530779635], [76.91407659075733, 43.443680365195476], [76.92048679811094, 43.445103719454075], [76.92402796288452, 43.44399535081014], [76.92400293711036, 43.43958790302349], [76.91984274322631, 43.43719559378123], [76.9218725383652, 43.43204302338867], [76.9190339895736, 43.42929412362773], [76.91861076858797, 43.41678917799316], [76.92651341456474, 43.41529080375451], [76.93068557667118, 43.4118074457824], [76.92319563624339, 43.399901429655145], [76.92728930698382, 43.394820483880885], [76.9261589937585, 43.3896821179901], [76.91947093185178, 43.38706076758263], [76.91785147154248, 43.38396399929426], [76.92385684438472, 43.37551512047892], [76.92065233494364, 43.36633485533395], [76.92462783822646, 43.36514117661589], [76.93028824207879, 43.367339637346085], [76.930500844415, 43.374845984893646], [76.93728326495297, 43.38349974556658], [76.93424557596981, 43.404855678904674], [76.93817946578208, 43.407719146106544], [76.93841708551, 43.414746769802115], [76.94987447678994, 43.41772913000454], [76.95159567974248, 43.415570781358404], [76.9462622962897, 43.392743636099375], [76.9479759066855, 43.387045445090436], [76.96551795712278, 43.38482302316171], [76.96642892262133, 43.38060224374414], [76.9573500459751, 43.37333028009687], [76.97447740031444, 43.36274116569549], [76.98911211112667, 43.370875150012075], [76.99316900542657, 43.38084435032714], [77.00211769276063, 43.38565016044705], [76.9977405606932, 43.394680189653045], [76.9935380909053, 43.397047003399386], [76.99383553144848, 43.39949415306995], [77.00125563231525, 43.40336209181285], [77.0022341927865, 43.416462520765805], [76.99816585493777, 43.41933395269281], [76.99635155251248, 43.42515183503273], [77.00253091614711, 43.43322255140144], [76.98861239197056, 43.43579302707662], [76.98658282436122, 43.44217526220052], [77.00032280224615, 43.45128895708838], [77.00464650017891, 43.44793346964703], [77.00384913182242, 43.43661996877247], [77.01540822393623, 43.43592328745937], [77.0255947070352, 43.44664952061417], [77.0254884396768, 43.4524573402203], [77.02197961485042, 43.456503945441305], [77.02625784181758, 43.4690449197635], [77.03632710182933, 43.46766051336608], [77.03802133434533, 43.451634537781025], [77.04425730586875, 43.45029018831752], [77.04708108167227, 43.443668976903886], [77.04189410747723, 43.43408365570147], [77.0447615926909, 43.43137239451518], [77.04537280836095, 43.42144537905911], [77.03717331652291, 43.41664015011522], [77.03463758055419, 43.40907097666889], [77.03987090790376, 43.3983803092224], [77.04047546632312, 43.38783088571973], [77.03279247783678, 43.386662550175025], [77.02669548656344, 43.38899083891391], [77.02296489086038, 43.39865693541356], [77.01387453502487, 43.39901399108381], [77.00985420740139, 43.397114544025406], [77.0043198651204, 43.38657779484559], [77.01093799248706, 43.3824819334148], [77.0134057778845, 43.36913242908996], [77.00736786265658, 43.367053644135034], [77.00671682621966, 43.363562810300714], [77.010160127861, 43.35952673440267], [77.01773503986762, 43.362787208841475], [77.02162074113421, 43.360734071134154], [77.02130358656866, 43.357480108133146], [77.01263583697201, 43.35310269491442], [77.01366078860252, 43.34408566443015], [77.01993880241571, 43.34172363153764], [77.0200932822455, 43.33547990225252], [77.02613245120081, 43.33064520720927], [77.02862987643381, 43.324772831715116], [77.03632627820942, 43.32351465165292], [77.03539301880657, 43.31234578022497], [77.04531189570469, 43.3165426287518], [77.04395668475242, 43.32181043174601], [77.04956807511, 43.327955517539735], [77.0512916801692, 43.334497855988644], [77.0605486701694, 43.33584528863318], [77.06877516625269, 43.33395872920058], [77.06864663038306, 43.323783841526996], [77.07491219778834, 43.32150036384741], [77.07411857198862, 43.317794683931325], [77.07883175640674, 43.311747795425966], [77.08441317434834, 43.31383968633564], [77.08343695076161, 43.32094487842121], [77.0799121019167, 43.32433987859688], [77.0813497979335, 43.32708611468216], [77.0861135780278, 43.3277230979963], [77.09085160869195, 43.323585139092295], [77.10835958721407, 43.32601446438887], [77.11554416480938, 43.32138709613681], [77.12176067219087, 43.30709761533313], [77.11426682437546, 43.30318444291214], [77.07912650008474, 43.302372705114905], [77.067058517882, 43.297195084698636], [77.05753910372583, 43.29660291415275], [77.05294532868037, 43.29135044920698], [77.04603870640972, 43.29129594501625], [77.04160662411307, 43.288015207566765], [77.03845684556313, 43.28127213474236], [77.02718406890301, 43.28052292734183], [77.01969216035529, 43.276628373413686], [77.01712073075436, 43.279661472481756], [76.99897505674947, 43.28044817370255], [76.99518954519333, 43.28321833758315], [76.98614305850431, 43.28067178552601], [76.97966746148371, 43.281661183049124], [76.97915845573702, 43.28978757399459], [76.96756338391835, 43.29387223011143], [76.96679960687462, 43.298482501450884], [76.97152337151532, 43.30098593193949], [76.96879728431689, 43.30356473315133], [76.96809136813735, 43.31854971991474], [76.95733585449292, 43.31852637707819], [76.9540945923358, 43.32812250566367], [76.94581548334553, 43.326918274974105], [76.94025513637817, 43.31800203856132], [76.93456777335928, 43.3190090623413], [76.93204440963095, 43.3250267343655], [76.92655406898137, 43.323137979921384], [76.92112617754766, 43.31468628100454], [76.93194309952972, 43.30446135114051], [76.93742663201392, 43.30831481304015], [76.94327567446578, 43.30796264519287], [76.94420470879948, 43.30267386240657], [76.94162575495258, 43.30009019380595], [76.94403210461658, 43.29318472204195], [76.95413198816502, 43.2918689118659], [76.954954542367, 43.28519464998779], [76.95144748907197, 43.281802625771746], [76.95767306707755, 43.273533972571684], [76.96412449147827, 43.26880461936435], [76.97458358411964, 43.27048665993296], [76.97928059331066, 43.26656533379793], [76.99471280405528, 43.262162059548785], [76.99441390266159, 43.25205673199022], [76.98784820083999, 43.24893031968736], [76.9767782942645, 43.25069838726682], [76.97479990599635, 43.260338251822304], [76.97055551107294, 43.26128051910703], [76.96544254169281, 43.2543372289333], [76.96511989069121, 43.2481624061655], [76.96635609370836, 43.2419408524725], [76.97375695731142, 43.24222209428858], [76.97699708807363, 43.23828516645301], [76.97574367729196, 43.21770918261212], [76.98992383365612, 43.21503520851677], [76.9949401322118, 43.2104064747023], [76.99556616082221, 43.20166328903065], [76.98835078182965, 43.20099124407286], [76.98674981940405, 43.19710242847707], [77.00159590257817, 43.192702997833905], [77.00234491203732, 43.18680399131964], [76.98188354992342, 43.18642302765732], [76.97970840745342, 43.181779813294824], [76.9743167927973, 43.18024690040818], [76.96819124902085, 43.18375363543394], [76.96542737525625, 43.17255041660234], [76.95939669097953, 43.169525526001884], [76.95159196099384, 43.176922438805576], [76.9508977505161, 43.18566659407607], [76.95660026422675, 43.186629155937716], [76.96667886868784, 43.1961056506216], [76.9732529473965, 43.19667039350201], [76.97730140429366, 43.20640987766087], [76.97110881168894, 43.209401264883255], [76.96848598778352, 43.20630708693592], [76.96976865455615, 43.20234875104774], [76.95969056685198, 43.19979553649943], [76.94522250007705, 43.20501936782215], [76.93971515846756, 43.211342511453424], [76.93181799469464, 43.210928170970156], [76.93316096236029, 43.20524302826811], [76.94183388668614, 43.19960448070325], [76.93597391287607, 43.19547085592583], [76.940601311179, 43.191418674647444], [76.9404867063916, 43.18682340739396], [76.93168482951847, 43.18375789462866], [76.92547730225509, 43.19028075475378], [76.91636100851011, 43.18633662669387], [76.91578477218783, 43.180973759629744], [76.90918273542684, 43.17573644308678], [76.90853509158546, 43.168330896396746], [76.91520139153725, 43.16508739347778], [76.9152176621532, 43.16112572076533], [76.90110946958775, 43.15618089900294], [76.90201887775473, 43.15321331567359], [76.90795405470949, 43.152303441483284], [76.91015052611992, 43.148888312033236], [76.90499684113526, 43.13968407117145], [76.90127309283756, 43.13875495962983], [76.89413826851194, 43.1433103458468], [76.89113881229486, 43.15065845163639], [76.88251468884813, 43.15223758245382], [76.87760638051196, 43.15667748910535], [76.87943240087081, 43.164386905769156], [76.86781797960859, 43.16419470923856], [76.8651478518461, 43.17192895731024], [76.85345414115974, 43.17934872303355], [76.84333315758803, 43.178292087842316], [76.84070536230665, 43.17996633341991], [76.84228428305128, 43.18785981130448], [76.83535105441507, 43.19325882306044], [76.8339287679077, 43.19920911829286], [76.82659929431567, 43.204282361369195], [76.82186736671397, 43.19878076501972], [76.81198107226282, 43.19573749346078], [76.81221841965869, 43.188285034934964], [76.81783022131602, 43.18533857371446], [76.8188677483279, 43.18199573559959], [76.81647117605782, 43.17815089454507], [76.8058192502822, 43.1759223725715], [76.79959174125825, 43.16458458436483], [76.80172513273055, 43.15974142070139], [76.79396346470011, 43.16146590117795], [76.79520042106823, 43.16867866585489], [76.79221315574881, 43.171523483368894], [76.78570790384256, 43.1681949783982], [76.76842024081968, 43.167601309203704], [76.76580500755803, 43.163679651497326], [76.73282194141403, 43.16579438034748], [76.72906372609698, 43.162862577462874], [76.72364684596, 43.164757936751585], [76.717089007391, 43.16383469123899], [76.71127493564474, 43.172207849129386], [76.72219440942415, 43.17799447047116], [76.73691339723811, 43.17936445368497], [76.74147909423958, 43.18194013870998], [76.75116476107767, 43.18005928430699], [76.75451650147407, 43.18198786629798], [76.7507799349952, 43.185079447495035], [76.74431462902528, 43.185257103955955], [76.73919920282309, 43.1920655406112], [76.74174199743717, 43.195479018695245], [76.73842648392136, 43.20066106550293], [76.73860516649388, 43.20431630787266], [76.74232218126286, 43.20681572976554], [76.74159256570299, 43.214283812879685], [76.73440885758677, 43.217465298786905], [76.73411867538115, 43.22179183713738], [76.73079657962658, 43.22390014328321], [76.70888390649837, 43.21548825729408], [76.70749588406427, 43.21040115831168], [76.7039969647427, 43.209414362653355], [76.6809383537411, 43.20977195435182], [76.67953733191293, 43.21329001662985], [76.67309492328292, 43.2158141992801], [76.66879875925788, 43.213256459978446], [76.66279003609739, 43.213791848434425], [76.66216996984602, 43.20841812970515], [76.6658189860556, 43.20806812258201], [76.66921499694101, 43.2113652238045], [76.67265203388278, 43.2071719372344], [76.67235451304333, 43.20391659965057], [76.66670045005166, 43.20176955875901], [76.66625402727851, 43.18746512283885], [76.66192588941992, 43.18758222030535], [76.65961675846589, 43.19469695701773], [76.64853292536154, 43.19578882254923], [76.63778438191554, 43.18433518246302], [76.62173378869197, 43.18099834983222], [76.6167296021792, 43.172125679947854], [76.60983071377734, 43.1809283672384], [76.60976490142508, 43.189264072627786], [76.60186664790399, 43.19389849608883], [76.59805833117925, 43.20064086312477], [76.60234024804, 43.21199284852704], [76.61458111081218, 43.212640126950525], [76.6163304003286, 43.21691297259512], [76.60999844168421, 43.21864922266309], [76.6076037991858, 43.22640132746556], [76.59852224427702, 43.227788943340485], [76.59392045427491, 43.22615358918339], [76.58970616390371, 43.228432366965315], [76.58972830244143, 43.2340341397901]], [[77.0225094687415, 43.30731528949619], [77.02587929127766, 43.306964357436], [77.02971405772354, 43.30996450500861], [77.02867075723363, 43.31328344770462], [77.02422615979488, 43.312898199347224], [77.0225094687415, 43.30731528949619]], [[76.99037421679049, 43.31426430223673], [76.99735192761051, 43.313051130533644], [76.9927969562507, 43.30736134542105], [76.9962468852096, 43.29856342679764], [77.00024099204882, 43.29924762462817], [77.0013658154578, 43.303738853270694], [77.01786563826788, 43.30571551434989], [77.02020984899187, 43.308618568486764], [77.01442765492158, 43.31304206081431], [77.0137758210562, 43.322968510258136], [77.02048311784964, 43.32396666347431], [77.02105956674271, 43.327281414793326], [77.01615535576703, 43.32917993951745], [77.00790623026008, 43.32788336018916], [77.00532911062834, 43.33397995185773], [77.0004275438487, 43.333970002597674], [76.98642805587647, 43.32051571018681], [76.98645867313567, 43.31516043722827], [76.99037421679049, 43.31426430223673]], [[76.98588013399046, 43.340271581339174], [76.9883452520557, 43.3371008277823], [76.99648349601495, 43.340703789559186], [76.9943367805554, 43.35054770151813], [76.99049557503159, 43.34985725308422], [76.98588013399046, 43.340271581339174]], [[76.98364650236276, 43.32928214477485], [76.98854339192401, 43.32850013718343], [76.98834595602277, 43.332337642465895], [76.98380455198672, 43.332590363017275], [76.98364650236276, 43.32928214477485]], [[76.97614435978902, 43.19545942452417], [76.97190456013085, 43.19416277025553], [76.97402395693686, 43.187068332388634], [76.98012430604797, 43.18870466798824], [76.98053425064039, 43.19415547521651], [76.97614435978902, 43.19545942452417]], [[76.96991693426172, 43.342613671376206], [76.97435468623256, 43.3420823937574], [76.97513862090952, 43.34583322251396], [76.9710853060007, 43.34610357286477], [76.96991693426172, 43.342613671376206]], [[76.93162648736663, 43.35921909906861], [76.93541961845843, 43.353333386100424], [76.9348166737575, 43.346227676695335], [76.94616916680388, 43.34527777172403], [76.94738242631965, 43.337871733470045], [76.95357862009612, 43.331776799577725], [76.95716170328319, 43.331586805959404], [76.96302498449593, 43.343668188427166], [76.95951571988407, 43.35324844718011], [76.9451612550931, 43.35323771240258], [76.94389020204636, 43.364332812134705], [76.93238019479122, 43.36599651621529], [76.93162648736663, 43.35921909906861]], [[76.89641347220862, 43.28667126115968], [76.8968074166026, 43.28105611564835], [76.90398577516848, 43.2774875778253], [76.90660851496327, 43.27920412562347], [76.90743869663815, 43.28670776317556], [76.92960620440938, 43.29058338875121], [76.9430007985215, 43.285542319336244], [76.94568389421775, 43.290077331988655], [76.94339982961753, 43.29194781894756], [76.93834745555102, 43.29111463234108], [76.93638712977962, 43.29396536646822], [76.9383578366346, 43.30098271938772], [76.93509340970775, 43.30362810041734], [76.93163386422454, 43.30311411559863], [76.92906454866737, 43.29817920997004], [76.91824070242131, 43.29841026976734], [76.91270195231074, 43.30281377628015], [76.90650614874218, 43.299442123349664], [76.90493599070412, 43.28895043297012], [76.89838183455885, 43.288890716247856], [76.89641347220862, 43.28667126115968]], [[76.92089437055243, 43.252638711548066], [76.92226284108796, 43.25027751324764], [76.93334914416518, 43.247076180299786], [76.94154353660377, 43.256207840667095], [76.94160794779083, 43.26057282612746], [76.93765927449473, 43.26145021022232], [76.93105113437537, 43.25556951903131], [76.92268837474111, 43.25546013221483], [76.92089437055243, 43.252638711548066]], [[76.92884905237277, 43.33486508890727], [76.92675941605846, 43.33213753101566], [76.9294841474716, 43.3265689907931], [76.9326885149678, 43.32579983524251], [76.94079768532735, 43.336542527013194], [76.93657404273327, 43.33860568179989], [76.92884905237277, 43.33486508890727]], [[76.90822052307139, 43.33395141984603], [76.91251313901685, 43.329933546340115], [76.92260224775585, 43.335983885445344], [76.91850027070005, 43.3444240891695], [76.91039416783133, 43.34740640614442], [76.90543911616922, 43.345704408496374], [76.90954495816969, 43.341363487659706], [76.90822052307139, 43.33395141984603]], [[76.90748730981404, 43.21498363629654], [76.91092999267941, 43.21281913485874], [76.91728744803427, 43.21682888693363], [76.9135261679097, 43.21867690899397], [76.90748730981404, 43.21498363629654]], [[76.91077030904593, 43.252564778245876], [76.90664692273639, 43.25268395556249], [76.9065798469181, 43.24953558427739], [76.9106593615506, 43.24943759351776], [76.91077030904593, 43.252564778245876]], [[76.90580003944768, 43.37000851376713], [76.90171047736135, 43.37115344166448], [76.8990531969117, 43.36718570317385], [76.90521152723329, 43.36543151411401], [76.90580003944768, 43.37000851376713]], [[76.90306718605913, 43.394403142256365], [76.90594924242534, 43.396696664504226], [76.90267218526417, 43.39878867421185], [76.8999645180731, 43.39631958262418], [76.90306718605913, 43.394403142256365]], [[76.85456140577479, 43.32231080998518], [76.84996895780237, 43.32199341099417], [76.85028793443807, 43.31825944647611], [76.86002286451598, 43.31789291324518], [76.86535046708934, 43.31493940468816], [76.87266546540411, 43.32518125927019], [76.88857481381048, 43.32451818237307], [76.89539998302205, 43.33230210034356], [76.90231547390302, 43.333939336700226], [76.90235296300482, 43.33977698662933], [76.8963727520749, 43.341151019521305], [76.88968490993373, 43.33742448793525], [76.88416423690529, 43.340637738550384], [76.88809871529386, 43.35431239589999], [76.8803205828489, 43.354101921346405], [76.87619821663164, 43.34465648631649], [76.86890804711716, 43.3457778402324], [76.8654301899108, 43.34384545725289], [76.86796788748747, 43.33991616297916], [76.86584639308563, 43.33348165423067], [76.85726322088297, 43.32817913789496], [76.85701770772931, 43.322598679612646], [76.85456140577479, 43.32231080998518]], [[76.89219074031055, 43.245259684439304], [76.89508701384261, 43.24080441100282], [76.8992734104308, 43.24135850787421], [76.89803149832463, 43.248704756259166], [76.89355955607374, 43.248677050778106], [76.89219074031055, 43.245259684439304]], [[76.88503187177545, 43.379766102000545], [76.8872943074977, 43.37657032957766], [76.90234263111438, 43.378480869977395], [76.90345850775756, 43.38809052230536], [76.900769707616, 43.39183830137998], [76.89676277244119, 43.391761384346694], [76.88503187177545, 43.379766102000545]], [[76.88141676219513, 43.174389290286385], [76.87881804237458, 43.172767672105444], [76.87904252097078, 43.16669373665139], [76.88774507198225, 43.16603874604525], [76.89116829590755, 43.16914936953429], [76.89075504928854, 43.17329115450185], [76.88745131714661, 43.17544283900912], [76.88141676219513, 43.174389290286385]], [[76.86074844254385, 43.26175729782443], [76.86173742141418, 43.258883806689084], [76.86925620590833, 43.25850550371934], [76.87274954743532, 43.261150288043694], [76.88260630480882, 43.26217737211302], [76.88439714106424, 43.2909367413214], [76.87046382624264, 43.287027375327945], [76.86699216539763, 43.27897461203245], [76.8697353440769, 43.27441601489463], [76.86860096371697, 43.26934369260196], [76.8615162957362, 43.26736135457112], [76.86074844254385, 43.26175729782443]], [[76.84698751253708, 43.19075743419621], [76.846040116025, 43.1882280619047], [76.850772760997, 43.184959343544946], [76.8614837458025, 43.18951160256891], [76.86059887452882, 43.191979258907104], [76.85077509347721, 43.19632116971334], [76.84776254247821, 43.195127392149594], [76.84698751253708, 43.19075743419621]], [[76.84824472769125, 43.288234612243336], [76.85234381137616, 43.27902965708796], [76.85698759618, 43.278816317114774], [76.86212991222033, 43.2824855389284], [76.85983448631364, 43.28972275235578], [76.86370009994246, 43.29462439340254], [76.86103391636267, 43.29785524993935], [76.86143765615464, 43.30959027285032], [76.85405956037272, 43.30854523669802], [76.84824472769125, 43.288234612243336]], [[76.84117438269809, 43.20276472666295], [76.84525634873582, 43.19827862173081], [76.849152796535, 43.198926151888934], [76.84753588734382, 43.20544319764356], [76.84251353675143, 43.20552422045102], [76.84117438269809, 43.20276472666295]], [[76.84427312267893, 43.25425016506507], [76.8438793552723, 43.25101963254869], [76.84845782613834, 43.25112971700963], [76.8484924536668, 43.254102398003795], [76.84427312267893, 43.25425016506507]], [[76.827763529341, 43.258498710633596], [76.83172290319177, 43.255465602493665], [76.83220921300969, 43.24921326173562], [76.84067144400471, 43.250823687539636], [76.84130369765536, 43.25352675671347], [76.83497400384758, 43.25650541642132], [76.83153102530812, 43.263635196055496], [76.82773630216273, 43.262710867566575], [76.827763529341, 43.258498710633596]], [[76.80406676501818, 43.222417842235735], [76.80739447110359, 43.21479519244083], [76.81602724000354, 43.21868590403705], [76.82153677699681, 43.21703198853991], [76.82122806181961, 43.206818443317395], [76.82631705613423, 43.20513409107882], [76.82674338855088, 43.20890716121757], [76.83303925079016, 43.214760885115965], [76.83106111667854, 43.219176147556304], [76.82581650435817, 43.22097875173998], [76.82412974642574, 43.227615613051434], [76.81195451752976, 43.23137826052211], [76.80406676501818, 43.222417842235735]], [[76.80287480704762, 43.28531779712706], [76.80418649337011, 43.27990647070634], [76.81332980090407, 43.28352137781805], [76.8245976965538, 43.28174972201317], [76.8257904483723, 43.287857099043464], [76.82261115731632, 43.29577979840118], [76.81460666504304, 43.29655744981362], [76.80967475996414, 43.294227091160955], [76.80287480704762, 43.28531779712706]], [[76.79176843582721, 43.260660776747436], [76.79829340559294, 43.25231283709948], [76.803270406261, 43.25295919960979], [76.80800513995666, 43.26030242948587], [76.80711779549505, 43.27127637006274], [76.80316947272019, 43.27174452878908], [76.79544273236799, 43.2667556930966], [76.79176843582721, 43.260660776747436]], [[76.78392630473765, 43.242720032702884], [76.79084608135557, 43.23399780960116], [76.80395447097666, 43.23995390419909], [76.79870189911688, 43.24814068270995], [76.78729603928942, 43.247258199492016], [76.78392630473765, 43.242720032702884]], [[76.80263412273214, 43.30574985541579], [76.79974425972337, 43.30361574036282], [76.80266733134303, 43.300236610050796], [76.80563064616027, 43.30304733332409], [76.80263412273214, 43.30574985541579]], [[76.7808902323702, 43.340106929320086], [76.78120202241338, 43.33536176948389], [76.79073598245381, 43.33488696809172], [76.79154697197005, 43.342226780589], [76.78873949887294, 43.3472490095727], [76.78379469460899, 43.34669093403499], [76.7808902323702, 43.340106929320086]], [[76.7586498777721, 43.19090103976262], [76.75953225914158, 43.18597203528377], [76.77193153223926, 43.18675827404909], [76.774131358813, 43.193493882662246], [76.77982880145856, 43.1950656033082], [76.7824538814921, 43.19963270048067], [76.78020392078643, 43.20380756622631], [76.77595944392105, 43.20406730190323], [76.77055836794754, 43.20102645772977], [76.76921059507268, 43.19763506882566], [76.76280581293179, 43.195595904969004], [76.7586498777721, 43.19090103976262]], [[76.75500334828538, 43.222814282848375], [76.75725620608223, 43.220207238145925], [76.76106673772078, 43.22198135240824], [76.75832755991053, 43.224690395597754], [76.75500334828538, 43.222814282848375]]], [[[76.70835888420403, 43.4647702033004], [76.7138825220796, 43.473876901382916], [76.74009550971658, 43.467865148306394], [76.75211519819655, 43.471213451243564], [76.7522609336264, 43.45450418804881], [76.74382785472774, 43.45433271197325], [76.7405362605348, 43.44755543376051], [76.72509150110403, 43.43860898632763], [76.72015560130416, 43.44255686985854], [76.71174514047121, 43.443719878396706], [76.70963143338487, 43.44675539598848], [76.70835888420403, 43.4647702033004]]], [[[76.6059181675887, 43.387595640777725], [76.60512669467373, 43.38976161988448], [76.60956536839106, 43.390636134312594], [76.61568443138955, 43.390500865406395], [76.61891989032145, 43.387381744344005], [76.63120060749007, 43.390319626690115], [76.6391955298755, 43.38949974340876], [76.63795031355019, 43.38048843954942], [76.64453555594277, 43.37901315725772], [76.65240267438479, 43.388448910598534], [76.65885221319044, 43.38924249938254], [76.67242844387305, 43.386175631889444], [76.67365543536184, 43.38138442098739], [76.66746726519938, 43.37569069640758], [76.66729669998563, 43.3713253288468], [76.65612958841632, 43.37209063623188], [76.64909113058647, 43.37496196123801], [76.64460998377457, 43.36553677390936], [76.6341751960104, 43.36472687522568], [76.63567184946213, 43.351836319696204], [76.61891177601215, 43.35123310965602], [76.6169142817927, 43.360738378369696], [76.6101881920823, 43.36184642085137], [76.6053359701004, 43.36844865937203], [76.6140882791261, 43.378416282531084], [76.61287690858816, 43.38499929688017], [76.6059181675887, 43.387595640777725]]]]}}]}