{"type": "FeatureCollection", "features": [{"type": "Feature", "properties": {"threshold": 70}, "geometry": {"type": "MultiPolygon", "coordinates": [[[[3.3151824394418425, 36.721624114785314], [3.3213167955164487, 36.7392301784915], [3.3282035843654456, 36.74208760766431], [3.3382838444431564, 36.75209874095033], [3.341971849728519, 36.75212949667994], [3.3449928144089487, 36.74864519322863], [3.342441258561995, 36.73998096588166], [3.3466803985261047, 36.73373428311669], [3.3369922803594565, 36.72651911091833], [3.337661591012134, 36.71854796105327], [3.3350982333459482, 36.716820673982795], [3.31650392713143, 36.71830570980442], [3.3151824394418425, 36.721624114785314]]], [[[3.305875064573827, 36.65050871666018], [3.309905670336459, 36.657178320116046], [3.302614554082394, 36.659687666930296], [3.2958931916127097, 36.66865585468916], [3.313242635699055, 36.66153146564158], [3.3200421661431037, 36.66510470706035], [3.3327727712988877, 36.662112161566284], [3.33240904996859, 36.653451505578715], [3.3417098999218395, 36.6498944768319], [3.3462296233016744, 36.640720067392884], [3.3321660356331617, 36.646529229289605], [3.3221189004637988, 36.64462380795651], [3.323353093955969, 36.649508663552744], [3.3209584665100587, 36.651550495237174], [3.305875064573827, 36.65050871666018]], [[3.3223613979628106, 36.660874156468196], [3.319181628194812, 36.659421086275415], [3.3210441727360407, 36.65666107325193], [3.3246053569411393, 36.658181161563164], [3.3223613979628106, 36.660874156468196]]], [[[2.9179322781055625, 36.761008239148126], [2.9331891615770007, 36.776064401140005], [2.9392278696928944, 36.77532899995866], [2.944349366367881, 36.77120695970683], [2.9517786554348375, 36.776096743652246], [2.962878946650702, 36.77581637244483], [2.964011684749271, 36.77881596037374], [2.9575209113914362, 36.782064743058534], [2.9573864456197385, 36.78561918094979], [2.960352312828108, 36.7894822286951], [2.971548213542046, 36.79118695481511], [2.9738061690519872, 36.7945375645913], [2.977480591949766, 36.794195313758046], [2.977088791955506, 36.78750540911658], [2.9798460738155073, 36.78549729023952], [2.987540600790055, 36.78815882611888], [2.9989895603691497, 36.78114594983123], [3.0028161908935407, 36.78388210627163], [3.009584278424122, 36.78444038417661], [3.010277596544934, 36.78695867108871], [3.0031728413365455, 36.79585356473899], [3.005141570630232, 36.80205399948118], [3.0031605802895696, 36.8052775677937], [3.012017498628363, 36.80986150380534], [3.012767939535104, 36.81938159840036], [3.0186331046082198, 36.818556177572354], [3.021663740135854, 36.81449256412698], [3.0181547215565976, 36.80975550692035], [3.0198633710522778, 36.80216566208207], [3.015205439545142, 36.796302547381934], [3.0171499717881938, 36.790941198002564], [3.0222215070223823, 36.79015445998602], [3.025071894405075, 36.785942874721044], [3.033220243236436, 36.78774926896247], [3.033910295931965, 36.79123474727139], [3.028869394129367, 36.79488645339473], [3.0278581477470237, 36.798961964068724], [3.036568718316254, 36.800233811599924], [3.0423586364521205, 36.80015187767191], [3.0466450948931203, 36.79623224080441], [3.0536592428341125, 36.79807332499365], [3.0564879252916324, 36.79479388277676], [3.0618237783693036, 36.79443574530547], [3.0642021997112465, 36.79026899402433], [3.069223372119362, 36.78837738671574], [3.0658676680781727, 36.78245984425208], [3.0656898170300506, 36.76836478215264], [3.0744099239988, 36.756614962370556], [3.093508625963703, 36.747885279376], [3.1100878765724413, 36.74554522777988], [3.1154363220642245, 36.74102578938658], [3.1193526010293557, 36.742750661714354], [3.1449218325421575, 36.742728238170244], [3.154110870553087, 36.73988968844158], [3.166327327756609, 36.740721999730255], [3.1736526102205627, 36.74614880943922], [3.2022262010580382, 36.75572283418536], [3.2256346257740307, 36.77225892204027], [3.2347692372417813, 36.771621119877516], [3.2373021220988956, 36.78113819886419], [3.2341771680762466, 36.78965028304925], [3.239490173250086, 36.79219937856421], [3.2441885367852934, 36.78799504775622], [3.247461516170639, 36.78832598923364], [3.246490460395457, 36.79658282901518], [3.2515321390302083, 36.80490939583196], [3.2576340551964487, 36.8047664010289], [3.261421243045622, 36.79803618519921], [3.260250980267547, 36.78372243826282], [3.2703162170032862, 36.784334375387296], [3.272859749726693, 36.782276791235724], [3.268472168327583, 36.772936769104085], [3.2690196544913204, 36.76470085503423], [3.2643160537558167, 36.76101327217448], [3.2566821816642153, 36.76057961742533], [3.2529225335797247, 36.75610468733596], [3.242119141459209, 36.756930146752325], [3.2387452368147565, 36.7532258869716], [3.236106699072244, 36.74260641394187], [3.243620733448201, 36.738175293855015], [3.2390016165265454, 36.73463157515426], [3.2406483510207478, 36.72997405884927], [3.2275005435521864, 36.728307139904295], [3.2236286528765135, 36.723817432947484], [3.2224616751776014, 36.71913796763707], [3.2283905720086246, 36.713789058777394], [3.2182415422841264, 36.711086240094055], [3.209605190538228, 36.703722681692874], [3.204089245287718, 36.703320067662865], [3.1990225110756354, 36.69735978661299], [3.1853217910272336, 36.6942633920087], [3.186243320457318, 36.68935758100537], [3.1814441798071904, 36.6789893069196], [3.1776962314218693, 36.67908281382714], [3.175079071828954, 36.684030951824326], [3.170233670640321, 36.68326589916728], [3.1675750868422816, 36.6664423595575], [3.158958874366826, 36.66429848820402], [3.1569424037836384, 36.65647500119287], [3.144899681773249, 36.65056327998881], [3.141498038269482, 36.65153126230544], [3.1373648083246586, 36.65791858821116], [3.1290694673322546, 36.65554457290123], [3.1256858843093975, 36.65704372548797], [3.125055133642698, 36.666810897605636], [3.1117368912673524, 36.6713912526948], [3.1146140780377225, 36.684238046406854], [3.104397526114439, 36.68952604586146], [3.1054586643741096, 36.693856124892854], [3.109933021849552, 36.693811372111455], [3.118217743836981, 36.69079090936656], [3.1195945616558136, 36.68532872029473], [3.129444179580907, 36.68381264494552], [3.137132531536626, 36.67695577336862], [3.1461841009258937, 36.679861503064195], [3.145032640620473, 36.68463579999392], [3.137946306441112, 36.687101108699814], [3.137040305518981, 36.69337757918389], [3.1583027090160734, 36.696766189443636], [3.1592846658420703, 36.70477872972441], [3.1485634960315982, 36.71473960014112], [3.146944000967552, 36.724669450746454], [3.137820739474358, 36.728617418636574], [3.1340314641825984, 36.72782115963092], [3.1324982460683026, 36.714758565565475], [3.1193986020898046, 36.70377272937167], [3.1226883149454365, 36.69763777992834], [3.117271884943528, 36.697438732779744], [3.114952078643638, 36.70118850675442], [3.110369221646137, 36.70220328239975], [3.095637033148025, 36.69222349681286], [3.095142014401958, 36.6820402507319], [3.1015353022163157, 36.68082881036193], [3.1030475447268175, 36.67474819913966], [3.1101963345510955, 36.6711725239657], [3.108429032927148, 36.66560300116115], [3.122771998765706, 36.656706818532996], [3.108192741084901, 36.64213351197059], [3.106159006285135, 36.63287875074596], [3.099985539958263, 36.63331679313506], [3.1024552720176017, 36.640216312608764], [3.1001521653104898, 36.64459276079741], [3.093694999405444, 36.64702759158155], [3.086247491989627, 36.64648176144095], [3.0805971988141274, 36.65457816327263], [3.084120537025825, 36.670014930924154], [3.0788903087137447, 36.6794837218064], [3.079004136146564, 36.6856645082951], [3.0742313739353153, 36.685025394135046], [3.0686969390107706, 36.67623603963585], [3.063936226341551, 36.677596078897956], [3.0546731864275722, 36.67453749132352], [3.0543211321460686, 36.670163559570476], [3.0603499620628765, 36.661317561149176], [3.0592640555019517, 36.65656365129842], [3.0540146215037294, 36.65561242695095], [3.0515670940738957, 36.65758658918326], [3.0513348812140952, 36.66521616257758], [3.0478060221317973, 36.66657063830231], [3.037490554020539, 36.66468197323991], [3.038504304250354, 36.67017503127621], [3.043857599869821, 36.67170731941197], [3.0439612974571277, 36.67599883745931], [3.054170763142943, 36.67628948449534], [3.05699828843403, 36.68515245814749], [3.0553933344425195, 36.68836765106064], [3.0429680353622333, 36.691312165464886], [3.040108093390532, 36.701254733516095], [3.03281392349981, 36.701293816401176], [3.0320961936907573, 36.695684790138685], [3.029225836067334, 36.695365875945654], [3.0243869577527427, 36.69923165792604], [3.025041283602722, 36.704193509171716], [3.020533824518189, 36.70770099071948], [3.015949135289831, 36.705718073823775], [3.0181161288054525, 36.69607296842851], [3.0158099469175164, 36.693241388457366], [3.0073394640211304, 36.69683836921022], [3.000336226847336, 36.6932022370006], [2.99014423983374, 36.697700584497994], [2.9896508255448406, 36.70275687650559], [2.979379784662942, 36.71296727079628], [2.9798388279805312, 36.71507762955192], [2.9870963546503098, 36.716477661080944], [2.9879911095944958, 36.73092513791709], [2.977310083303378, 36.74884045547265], [2.973996652006702, 36.750576724347276], [2.9591913355999186, 36.75022066695634], [2.960821681182009, 36.74544097051124], [2.9550656295524034, 36.74190798118936], [2.954825264740694, 36.738232053523134], [2.9587184213028803, 36.73444380819804], [2.965829245488626, 36.734849621184416], [2.9670285680959574, 36.730689613761214], [2.956913861150714, 36.72729457355683], [2.9565190975362907, 36.72300281278673], [2.959284557221982, 36.721288004513646], [2.9651265376984637, 36.72335174430693], [2.970132485609135, 36.70830781341517], [2.9738882211887, 36.70710254043995], [2.9775077928063083, 36.70089704367305], [2.984589222505024, 36.697709493608805], [2.9863812221847126, 36.685890161116326], [2.982987444221969, 36.68326472403677], [2.960099018902197, 36.68347948370738], [2.953904268824427, 36.674527745034204], [2.9582602469001107, 36.67043825644947], [2.9544733798909557, 36.66758433981747], [2.954638506612358, 36.6609389800733], [2.9445087085506945, 36.660721617359485], [2.947687743786258, 36.66562985734917], [2.9450560580900618, 36.673268939806405], [2.947874673898833, 36.67830635041073], [2.940909600780991, 36.68061875073825], [2.9336700319801112, 36.68918391583525], [2.9402491213924975, 36.69021344971434], [2.9439993525647146, 36.684899705164554], [2.9501770041545057, 36.68370831456345], [2.94963678894414, 36.67966169896442], [2.953488215984471, 36.679317581756735], [2.954686747307245, 36.68271752232167], [2.952221848652639, 36.684349725248204], [2.9556761436449963, 36.69415720052063], [2.9652360492975025, 36.700460468761314], [2.966115995916105, 36.70423135391131], [2.9618698525755245, 36.70631812173897], [2.9582359844113246, 36.71654766659833], [2.952327056361536, 36.713770744457776], [2.947787388255009, 36.715089940589955], [2.9398510349086004, 36.71269009044382], [2.9408217308594216, 36.71985280122793], [2.9528153491120666, 36.72628421610535], [2.9467184661276002, 36.73185333622031], [2.9388292716460693, 36.73241838147695], [2.9381436575941775, 36.72580046109055], [2.9299072172053746, 36.73214950121462], [2.9263469666471438, 36.73157724576483], [2.922531393836258, 36.726570169380835], [2.918745405136404, 36.72679819213913], [2.9206086327784058, 36.73407248705343], [2.929724053354632, 36.73612104206606], [2.9334404192982646, 36.748219747368225], [2.928030505613515, 36.75558255350051], [2.9189549458152664, 36.75779953181416], [2.9179322781055625, 36.761008239148126]], [[3.2048499799643353, 36.731711057093214], [3.2042255629043788, 36.728560342116495], [3.2083384176465315, 36.72825922028322], [3.2102956575634924, 36.73585872449513], [3.205989550266243, 36.73550642054828], [3.2048499799643353, 36.731711057093214]], [[3.1957700318692184, 36.74461569142058], [3.205703830312915, 36.744552949718276], [3.209522637344014, 36.74827754338503], [3.205703193823742, 36.75120750602164], [3.197888688371513, 36.750365752973636], [3.194516771526483, 36.74707383512249], [3.1957700318692184, 36.74461569142058]], [[3.150152543658263, 36.68109049390449], [3.1547090707897243, 36.67947768171854], [3.160566098116602, 36.686421577311], [3.160035619621089, 36.68894128009084], [3.1497728787351376, 36.68894730802581], [3.150152543658263, 36.68109049390449]], [[3.076914248406706, 36.71204878993218], [3.081279874407107, 36.711533763100825], [3.0809751844145152, 36.71554917509079], [3.076871551522131, 36.715482067606686], [3.076914248406706, 36.71204878993218]], [[3.0637910247295888, 36.68711243969375], [3.067771130160383, 36.68653866340417], [3.0680903248431615, 36.68972403205186], [3.064217487578233, 36.690235596011114], [3.0637910247295888, 36.68711243969375]], [[3.0320164152560873, 36.74519483382644], [3.0327382271435837, 36.74164512447497], [3.0374830806723443, 36.743032811305845], [3.036079095572678, 36.74626182246445], [3.0320164152560873, 36.74519483382644]], [[3.004505363741201, 36.74929946058093], [3.003990615809377, 36.743320345904024], [3.001052622577298, 36.74103562675249], [3.002594356467419, 36.73657577347429], [3.010685237652604, 36.73702235472252], [3.0168537289916264, 36.727707291256365], [3.021663542876557, 36.72607474986302], [3.0270837693670027, 36.73148512595299], [3.0234314368225967, 36.73771333300368], [3.0230622695675766, 36.74855664685769], [3.0144330434518, 36.74850375903882], [3.009448083834969, 36.75099605588949], [3.004505363741201, 36.74929946058093]], [[2.9813695560619533, 36.771070681576994], [2.97704201201268, 36.77065939879662], [2.9763188867462476, 36.766810701960374], [2.994868401233735, 36.766325507564694], [2.997303114239927, 36.76793320571594], [2.9955010218739564, 36.77536177164544], [2.988305399642846, 36.77751187864662], [2.9834508911104773, 36.776842248273105], [2.9813695560619533, 36.771070681576994]], [[2.9388237548264566, 36.759024412787845], [2.943110576209915, 36.75633311646729], [2.9490397106046116, 36.76139369100334], [2.9452368733209435, 36.76908855294016], [2.9364678382454894, 36.76655067333663], [2.9388237548264566, 36.759024412787845]], [[2.9392743381579836, 36.744309641964975], [2.9363033056327215, 36.74207092110458], [2.9366461260959595, 36.73807289946782], [2.944827929614506, 36.73816688609135], [2.9444756236326817, 36.74433690156175], [2.9392743381579836, 36.744309641964975]]], [[[3.205874129416298, 36.613508136192024], [3.2152910160394192, 36.61983953078706], [3.2098637657729947, 36.627010913398564], [3.2143725433975434, 36.62838711382587], [3.215545997269471, 36.631185449230735], [3.228223914470905, 36.62922034620292], [3.2341841278058094, 36.63546963834361], [3.239639707862689, 36.633071557439514], [3.236121772549019, 36.6188818025088], [3.229598165438914, 36.617285444769955], [3.2239850711110933, 36.610232177522605], [3.2265168583989134, 36.606418956321995], [3.224347457956919, 36.600215742042785], [3.2101244770290456, 36.60382805467313], [3.205874129416298, 36.613508136192024]]], [[[3.073880804753134, 36.54134282492288], [3.0825701547674598, 36.545241875225926], [3.086920586375697, 36.56234148719916], [3.0778654652053525, 36.56915215160733], [3.0880106604772104, 36.58458835088379], [3.093678866410473, 36.58480783644435], [3.0945516484762416, 36.579568352626445], [3.090287242244223, 36.577490848561055], [3.091918604048534, 36.57254876881783], [3.0875723464206604, 36.56158056526477], [3.094275448241873, 36.55561054515242], [3.105472716164185, 36.55605530407685], [3.1074094884797696, 36.56971263195508], [3.112758721440032, 36.5695545519883], [3.1185219719124735, 36.559833894453675], [3.1262002901962624, 36.55917914218074], [3.138648110860534, 36.56157127498552], [3.141404728401068, 36.568814994554685], [3.1495906089663195, 36.56896232047687], [3.1510282001815373, 36.57513302218637], [3.1568756508693605, 36.57642836424258], [3.154039571541769, 36.56798769337436], [3.156937461673687, 36.564179705613775], [3.157062966313843, 36.554502566526224], [3.1612848667441154, 36.55147872780069], [3.1608506570997137, 36.54710607472986], [3.15570908982575, 36.547083257250954], [3.149345900126389, 36.551452128313684], [3.1468373826051486, 36.56027332276101], [3.140968987613903, 36.561053002153315], [3.137213422203986, 36.55567955407762], [3.1212668524496054, 36.550802218766165], [3.118666679531247, 36.54431941211718], [3.10469786987219, 36.54507511681418], [3.1053128953972844, 36.5403355798161], [3.1112056743700807, 36.536510576595184], [3.1077705230758026, 36.526524069762765], [3.1008606820303353, 36.528203054399086], [3.0998749994362287, 36.53404067144915], [3.087232871521966, 36.533658152666085], [3.084628398652104, 36.53628487699285], [3.0738258866799675, 36.538010007230156], [3.073880804753134, 36.54134282492288]], [[3.106165695470658, 36.54946405542128], [3.102407935116938, 36.550375478322444], [3.101163674790032, 36.54705566687874], [3.105615912220288, 36.545742562126335], [3.106165695470658, 36.54946405542128]]], [[[3.0787774664546705, 36.60586801236926], [3.080865519646047, 36.61429528508091], [3.095012241383383, 36.61381969869779], [3.0974634522795075, 36.62127511040032], [3.105889447528722, 36.62363967893947], [3.111133588091431, 36.621972161489005], [3.112504093303981, 36.617423332241664], [3.1254908967485537, 36.61937672103525], [3.129777085293009, 36.61597083454037], [3.130195820060412, 36.60741032688381], [3.1251300379810476, 36.60665373807007], [3.1171658327060334, 36.61092876677671], [3.1093859026125386, 36.608070420127426], [3.102724607134395, 36.611238387247994], [3.097884743169632, 36.607163078155516], [3.0988432110260375, 36.600580819977964], [3.0912471435894022, 36.59745040511818], [3.080848838467668, 36.59831371543317], [3.0787774664546705, 36.60586801236926]]], [[[2.865855488226703, 36.72890279807738], [2.865939455152148, 36.732554090198114], [2.873577729911214, 36.73717322248336], [2.8693160435445004, 36.74105637894187], [2.8693470432478283, 36.74449577452889], [2.8746643260992704, 36.74350452376553], [2.8792007814925853, 36.74598702720166], [2.88257527297468, 36.75322325857061], [2.881406133890094, 36.758620627532274], [2.86895938077081, 36.759793338840495], [2.8684002723496635, 36.76144807824677], [2.873120856846011, 36.76673323972149], [2.8781324044274963, 36.76723152719621], [2.883614831198951, 36.774501656234946], [2.8918554346411898, 36.776434100340545], [2.89983160148556, 36.78940596241382], [2.901081596868109, 36.804197395330625], [2.9153201543389007, 36.80583087684377], [2.9206931857394904, 36.79844336941265], [2.9309626802846216, 36.80439331947091], [2.932201825002792, 36.80793904207891], [2.9431260947400633, 36.80852834176993], [2.9508733156601394, 36.8136731704795], [2.9596218355853905, 36.81354652919736], [2.960569855526035, 36.808956278312465], [2.951050246551348, 36.80682998202087], [2.9537400354983414, 36.80144932906387], [2.95169585018672, 36.7975625258506], [2.9452082033434204, 36.79572024454158], [2.9436990129385054, 36.78830075912377], [2.928067681672718, 36.78879914266378], [2.917990807248904, 36.78183955686483], [2.9112150446743135, 36.78309170084979], [2.9015034446937062, 36.77901989454638], [2.8982873544032213, 36.772293378884314], [2.899978892425729, 36.76448313166533], [2.8928076427270097, 36.76144733179898], [2.889349801063052, 36.74591757246627], [2.8765328206840146, 36.736717969129465], [2.8744073779378443, 36.724632654203845], [2.8687854680491536, 36.72514068769015], [2.865855488226703, 36.72890279807738]], [[2.9114661141221703, 36.79808546247202], [2.9091158738906358, 36.79489358614702], [2.9143657039471798, 36.79307296976566], [2.916071244278263, 36.796915910869664], [2.9114661141221703, 36.79808546247202]]], [[[2.8951181490586255, 36.58501897588762], [2.8947462068226915, 36.588881494551046], [2.90746571281662, 36.58971462322854], [2.9142526804836093, 36.59317826325636], [2.919465853340789, 36.590744271114836], [2.917830705445287, 36.57809223626937], [2.9136170095424103, 36.57187072504257], [2.9161079003348847, 36.564686855709084], [2.913101569764266, 36.562108056165265], [2.9047723032715247, 36.55985299796835], [2.89870293480085, 36.56229160409924], [2.8967916866800203, 36.56984192899578], [2.900385782380639, 36.57432022194654], [2.8968451592984334, 36.576592604523924], [2.8951181490586255, 36.58501897588762]]], [[[2.8442713291613115, 36.5126428584452], [2.8435299066678508, 36.517746338495826], [2.8572932106872035, 36.52331135586152], [2.85681239196702, 36.532031435886424], [2.8666551422375797, 36.530833998041466], [2.8746969370978133, 36.53357510638704], [2.8782329503418023, 36.53256934378558], [2.8768240884388177, 36.524213779130974], [2.8819126264985315, 36.51806924017824], [2.879778626783167, 36.513156285067744], [2.870632852461911, 36.51348899191741], [2.862295437571069, 36.50467032659664], [2.8564076450806977, 36.503791429638014], [2.85064735684477, 36.50394728302422], [2.8483234116526943, 36.510509267109605], [2.8442713291613115, 36.5126428584452]]], [[[2.780560850427715, 36.67845300986718], [2.780826544726882, 36.68364565705943], [2.7880778918462243, 36.68450992970812], [2.7916944426204746, 36.68802469481638], [2.801915068824233, 36.68760042371425], [2.805259274617156, 36.693475006272294], [2.81680737437092, 36.70139033389916], [2.8280278958296643, 36.70488224584944], [2.8353380745917325, 36.714929812232164], [2.8429877285880782, 36.714941813934225], [2.851444673074591, 36.71859183872822], [2.8511424584548934, 36.724747154295905], [2.8442045898101203, 36.726407437993714], [2.834752177846592, 36.724992822131085], [2.83315717841666, 36.72715368363009], [2.834291142150886, 36.7304385931946], [2.8404277196928405, 36.73327303993783], [2.8438952196037075, 36.74387125476333], [2.8512959308922587, 36.74468765828265], [2.8523999571714254, 36.74168293276937], [2.8472279334024813, 36.738208546798624], [2.851865515841672, 36.72661942269554], [2.8602070220391944, 36.724090819795435], [2.864863261082361, 36.717077808581614], [2.8535271952647454, 36.713174383626836], [2.8512248734824412, 36.707359268893725], [2.8369770266752234, 36.70573747937866], [2.8420043686169696, 36.69818214400995], [2.8400712029307944, 36.69333953712183], [2.836690609763686, 36.69165608783271], [2.8141245880656665, 36.693002259983324], [2.8109087386672313, 36.68823581725795], [2.8042783061899836, 36.68696386394788], [2.7998169687632033, 36.68141604052343], [2.8023966170893804, 36.67360855811568], [2.7954875705360096, 36.67114111107014], [2.798961540697136, 36.664725267409935], [2.7965889634859984, 36.66255794786128], [2.793137648101473, 36.66268194024236], [2.7904416600240163, 36.66740873243593], [2.7850756568627792, 36.66985569193775], [2.7846911122628066, 36.67671143626928], [2.780560850427715, 36.67845300986718]]], [[[2.7374547112622167, 36.64052628877874], [2.7392800774417654, 36.64998412591614], [2.748742140868842, 36.65746459892106], [2.7597135468742438, 36.652617704384895], [2.772045601869768, 36.65675209237054], [2.778520223061996, 36.65083358001445], [2.7879845443313553, 36.64895275860172], [2.794615785183568, 36.644156513587596], [2.794370405162553, 36.64146027301033], [2.7881584052929727, 36.63841141777298], [2.789466904332034, 36.63061298869997], [2.784569158995662, 36.63068424831696], [2.7779014621167684, 36.63567312602735], [2.7747595508933127, 36.631345480097366], [2.7619397278845286, 36.63057133948523], [2.7599050632205526, 36.63598486424578], [2.7477674369051335, 36.63481310596229], [2.738730112130074, 36.63700930771006], [2.7374547112622167, 36.64052628877874]]]]}}, {"type": "Feature", "properties": {"threshold": 80}, "geometry": {"type": "MultiPolygon", "coordinates": [[[[3.289092782152708, 36.64241214038204], [3.2893624088269457, 36.645830441381165], [3.296292323206988, 36.647867298347535], [3.3045641903609315, 36.65416588175787], [3.3020893143086476, 36.66209806481985], [3.297293259508835, 36.664006491992474], [3.2956081097952903, 36.66850342499563], [3.3026442176047732, 36.668662246108305], [3.3150205696209456, 36.66322098242682], [3.321687433901583, 36.668645316130785], [3.333013854600372, 36.66191658042069], [3.3326122547351695, 36.654589224616956], [3.3417098999218395, 36.6498944768319], [3.34627170431754, 36.640977231162715], [3.3347732157850403, 36.64517601252612], [3.3256629183764486, 36.644385664258266], [3.3175710225577233, 36.64035230976606], [3.303716134853513, 36.63781864527521], [3.302997954054711, 36.62652966866287], [3.295251269944097, 36.62617312077211], [3.2943566494364274, 36.62850744584675], [3.2984740112373547, 36.63361729398807], [3.289092782152708, 36.64241214038204]], [[3.302404546644086, 36.6460100272148], [3.2993918683816092, 36.642648972584304], [3.3041988447077104, 36.64112044636972], [3.319841951335266, 36.64627815587727], [3.3217196349104623, 36.64999211083944], [3.317080998380367, 36.65178578832143], [3.302404546644086, 36.6460100272148]]], [[[3.269088972519256, 36.739673753578266], [3.274431859911206, 36.74239014611848], [3.2713078884276876, 36.748016299272926], [3.2863830919573838, 36.75018491011878], [3.290289800301183, 36.74627776932702], [3.291178161223807, 36.74046548249703], [3.307797989551131, 36.73855691021683], [3.302393568177048, 36.73057146545652], [3.3085824099095795, 36.727266551086714], [3.3091063339345053, 36.72184013474372], [3.312898625808651, 36.72046486243908], [3.3213167955164487, 36.7392301784915], [3.3282832186418485, 36.742238817768516], [3.3382838444431564, 36.75209874095033], [3.3415706882426814, 36.75224630264941], [3.344985943639371, 36.74876667011636], [3.342441258561995, 36.73998096588166], [3.3466803985261047, 36.73373428311669], [3.3369922803594565, 36.72651911091833], [3.3378066649653353, 36.71887078162744], [3.3354960467368673, 36.71616689086327], [3.3159858648383658, 36.71827984861655], [3.2938803485665122, 36.71551347497982], [3.291282529303269, 36.71198907085928], [3.283511011162348, 36.71340069816247], [3.278694239002562, 36.71130003091581], [3.277100148245528, 36.71440414215945], [3.284572331566556, 36.72253822591801], [3.289165036663754, 36.719218811903445], [3.2966236807433917, 36.718947007248474], [3.296472721770314, 36.72698699070126], [3.3004051348304344, 36.731591122086655], [3.291251883836472, 36.7352620401242], [3.285340709024822, 36.72764172065034], [3.273304820480631, 36.72906461442498], [3.268329705732982, 36.73309189245537], [3.269088972519256, 36.739673753578266]]], [[[3.23105035190063, 36.64909968475769], [3.2320857799505394, 36.65364787839714], [3.237314633200145, 36.65649981058407], [3.2319834004802024, 36.66736656636492], [3.2347837531966213, 36.672785867938806], [3.248495552431086, 36.67196403798547], [3.2541181565583077, 36.676938720554816], [3.2515975612520958, 36.684860355743695], [3.257356615945931, 36.684929849694896], [3.261640733351721, 36.690006265739655], [3.2664754107021405, 36.689671916236904], [3.2672860307440543, 36.68310257550845], [3.27658015257987, 36.67923081558182], [3.2812853006691864, 36.67376286723314], [3.2739400143217865, 36.67388527239049], [3.2643875642704576, 36.66812342423211], [3.2623752528533716, 36.66394930921062], [3.251359197928214, 36.66244564007612], [3.2534021240233884, 36.65532510430545], [3.262667272910736, 36.646306843657214], [3.2633988926205237, 36.63507248938238], [3.2593044167862004, 36.63579048422463], [3.257056478603774, 36.64337812733958], [3.2470639902608944, 36.64355995411643], [3.2456975533379926, 36.65158223198826], [3.234720911275517, 36.645467243163594], [3.2312354956515708, 36.64642777971142], [3.23105035190063, 36.64909968475769]]], [[[2.896119445308657, 36.74126248250382], [2.9143422723031187, 36.744187516367944], [2.9175900289662207, 36.74241195447389], [2.9206413783723453, 36.7346404508483], [2.929261883886407, 36.73632841393589], [2.9325116204767445, 36.750603927285205], [2.927829201557877, 36.755358911752886], [2.9188864460403994, 36.75713178220591], [2.9177840312811316, 36.76084611984816], [2.9331879313343476, 36.77748239709435], [2.9435340302185007, 36.77195968491407], [2.9517786554348375, 36.776096743652246], [2.9630794594547383, 36.77594885391345], [2.963745034444803, 36.779173521193485], [2.957338265144784, 36.78237501550333], [2.9605041282611158, 36.78954756041648], [2.971548213542046, 36.79118695481511], [2.973503957756341, 36.79440756368822], [2.9767919228722293, 36.79456520164155], [2.977088791955506, 36.78750540911658], [2.9798460738155073, 36.78549729023952], [2.987540600790055, 36.78815882611888], [2.9989895603691497, 36.78114594983123], [3.0028161908935407, 36.78388210627163], [3.009584278424122, 36.78444038417661], [3.010277596544934, 36.78695867108871], [3.0031728413365455, 36.79585356473899], [3.005141570630232, 36.80205399948118], [3.0031605802895696, 36.8052775677937], [3.012017498628363, 36.80986150380534], [3.012767939535104, 36.81938159840036], [3.0186331046082198, 36.818556177572354], [3.021663740135854, 36.81449256412698], [3.0181547215565976, 36.80975550692035], [3.0198633710522778, 36.80216566208207], [3.015205439545142, 36.796302547381934], [3.0171499717881938, 36.790941198002564], [3.0222215070223823, 36.79015445998602], [3.025071894405075, 36.785942874721044], [3.033220243236436, 36.78774926896247], [3.033910295931965, 36.79123474727139], [3.028869394129367, 36.79488645339473], [3.0278581477470237, 36.798961964068724], [3.036568718316254, 36.800233811599924], [3.0423586364521205, 36.80015187767191], [3.0466450948931203, 36.79623224080441], [3.0536592428341125, 36.79807332499365], [3.0564879252916324, 36.79479388277676], [3.0618237783693036, 36.79443574530547], [3.0642021997112465, 36.79026899402433], [3.069223372119362, 36.78837738671574], [3.0658676680781727, 36.78245984425208], [3.0656898170300506, 36.76836478215264], [3.074892532272321, 36.75670914396669], [3.080956167794552, 36.752227244899764], [3.093739222218066, 36.74782314125522], [3.105684817974096, 36.7469672229721], [3.1159654928490723, 36.74145000962079], [3.124660723833372, 36.74346018857375], [3.1597586417316097, 36.74024014126778], [3.2099037266945594, 36.75983996086313], [3.2239481038251085, 36.77300674681247], [3.2340031856266007, 36.77106529482116], [3.237301478631605, 36.78092946738735], [3.2341771680762466, 36.78965028304925], [3.239490173250086, 36.79219937856421], [3.2441885367852934, 36.78799504775622], [3.247461516170639, 36.78832598923364], [3.246490460395457, 36.79658282901518], [3.2483639790562817, 36.8038640592758], [3.2515321390302083, 36.80490939583196], [3.2576340551964487, 36.8047664010289], [3.261421243045622, 36.79803618519921], [3.260250980267547, 36.78372243826282], [3.2703162170032862, 36.784334375387296], [3.272859749726693, 36.782276791235724], [3.268472168327583, 36.772936769104085], [3.269210787056811, 36.764929605933474], [3.264394044491811, 36.76104273974257], [3.253958281809668, 36.75883659362007], [3.253101927572231, 36.74771980797531], [3.249164329701123, 36.749197484882785], [3.24392916791706, 36.75680550332502], [3.238525993665269, 36.75282527388979], [3.2360567273537852, 36.74281123645974], [3.243537685371112, 36.739355295472635], [3.243574953222781, 36.73030912050705], [3.2358496001969783, 36.72700087470036], [3.228928777784334, 36.72805778781719], [3.226027993173676, 36.72163540960987], [3.228845489289431, 36.71846061322827], [3.2395906731052215, 36.71909224980543], [3.242485136615635, 36.71517919075382], [3.2349234730794696, 36.712113632122225], [3.2244543813798225, 36.71189641122741], [3.221203277043789, 36.706614658065064], [3.214541012577588, 36.70685676626057], [3.1972561834266564, 36.69523570556126], [3.1860702871947346, 36.69399430270472], [3.1813702714381114, 36.678953778236874], [3.1776962314218693, 36.67908281382714], [3.175079071828954, 36.684030951824326], [3.170423482488297, 36.68339683566661], [3.1676194573008263, 36.66650176090543], [3.1587754214957937, 36.66415896573073], [3.1569937736564015, 36.65653061765013], [3.151615349063242, 36.655118005168404], [3.148822084558968, 36.65138311304498], [3.1416884224690818, 36.65139181193615], [3.1368777791826448, 36.65805962257343], [3.12296970026207, 36.65612893545092], [3.108192741084901, 36.64213351197059], [3.106883500013656, 36.63331080455539], [3.1026373198519304, 36.630754790491444], [3.0999349154361258, 36.63274034544332], [3.1016313442346224, 36.64108125943997], [3.099548837946139, 36.644756702227255], [3.093694999405444, 36.64702759158155], [3.086247491989627, 36.64648176144095], [3.081272001640764, 36.65400693550759], [3.077282961789012, 36.652541460969594], [3.0757832843439044, 36.646488878010125], [3.0709807356672423, 36.64424913821818], [3.0656576847002666, 36.645459180871455], [3.0656900827507587, 36.649479648788564], [3.0716010513431558, 36.65613370516464], [3.070181036430043, 36.66094342746453], [3.0781661820019495, 36.65878584560513], [3.08401548156451, 36.665378346144585], [3.0840211520960663, 36.670594875644966], [3.078869463848377, 36.67955098518278], [3.0793874515341098, 36.68538423323133], [3.0742313739353153, 36.685025394135046], [3.0686963086617562, 36.675527029664515], [3.0637044837264114, 36.6773052623697], [3.054728002521228, 36.674145638683356], [3.054710128057527, 36.67054380492653], [3.0609127688658906, 36.66961027697977], [3.063852863831785, 36.66467075751263], [3.060644167173944, 36.6629479936435], [3.0565636798502065, 36.65296853154537], [3.050176879759752, 36.65288353722293], [3.051907773527003, 36.66265656432424], [3.0357181916135345, 36.665598594463695], [3.0382183368697104, 36.66840702549484], [3.037677529513079, 36.67448504475923], [3.052418780651135, 36.67730005130997], [3.056383296693639, 36.687672557704914], [3.0447857592890917, 36.689842110383964], [3.0408226845843855, 36.700440008977864], [3.037799574635841, 36.70228478593919], [3.032927252123352, 36.70111737594479], [3.0320961936907573, 36.695684790138685], [3.0290741966904506, 36.69543119546635], [3.0252669667821084, 36.697813459118976], [3.025041283602722, 36.704193509171716], [3.021052211812936, 36.707681185314705], [3.0160181089599805, 36.70591436413105], [3.018115962455553, 36.695363960349205], [3.0158099469175164, 36.693241388457366], [3.0070656935947584, 36.69620305960118], [3.000336226847336, 36.6932022370006], [2.9902658570116065, 36.69760266934198], [2.9896508255448406, 36.70275687650559], [2.979379784662942, 36.71296727079628], [2.9798388279805312, 36.71507762955192], [2.9870963546503098, 36.716477661080944], [2.9878165313431295, 36.73131771315901], [2.9791379614157774, 36.74567646806534], [2.9625425341065306, 36.751282671614184], [2.9592994417497778, 36.75000450620114], [2.960821681182009, 36.74544097051124], [2.9556366602353936, 36.73844428349819], [2.9600797287266065, 36.735658954750235], [2.9649477212058484, 36.736267371419096], [2.967015959869272, 36.730621034267784], [2.956913861150714, 36.72729457355683], [2.956579743488311, 36.72280415992442], [2.959284557221982, 36.721288004513646], [2.9651265376984637, 36.72335174430693], [2.970132485609135, 36.70830781341517], [2.9738882211887, 36.70710254043995], [2.9775077928063083, 36.70089704367305], [2.984589222505024, 36.697709493608805], [2.986402125769574, 36.685957413512945], [2.9785861845405726, 36.68255500427461], [2.970256958963205, 36.68466527391557], [2.9599070639943497, 36.68333924024216], [2.955281460074843, 36.67502149076394], [2.958260573415681, 36.66983367653899], [2.9544733798909557, 36.66758433981747], [2.954638506612358, 36.6609389800733], [2.947337574473746, 36.65948366369404], [2.9431093981165724, 36.65160171786039], [2.9393054440576294, 36.650751602884085], [2.9389264702174356, 36.65856674876381], [2.945924923688796, 36.664030899741796], [2.9450633791909615, 36.673390402692945], [2.94736410185046, 36.6773473838523], [2.9400287896945327, 36.681327320174546], [2.9327890568391433, 36.68989243047987], [2.9409777873024763, 36.690279095718616], [2.944800890551409, 36.68505923262812], [2.9515224664467805, 36.683932325711346], [2.955712914716861, 36.69421988501249], [2.9654004248591943, 36.70062187179334], [2.9659654982930137, 36.70463032547562], [2.961033235235656, 36.706967394155505], [2.9588783953966984, 36.71418332160049], [2.9558781371955978, 36.715600556693325], [2.950629525559381, 36.71148911188491], [2.9492325843604696, 36.70690726282917], [2.9356895648714074, 36.697479118563486], [2.925110936786919, 36.7028588878044], [2.9162731755112494, 36.701306284634896], [2.9144776720979615, 36.697442416000705], [2.906691053655355, 36.69823421376271], [2.901007123739139, 36.70454128063088], [2.9065982265050776, 36.71780177684318], [2.9171765986419858, 36.719334197250745], [2.9221499651544494, 36.714172041019495], [2.937935097426591, 36.706749101452075], [2.9427240681470774, 36.70991046226124], [2.9397641353634425, 36.712885240486926], [2.940287776254035, 36.722011518744026], [2.931364189075965, 36.73116658393935], [2.927056059766369, 36.73132063044004], [2.922674362145773, 36.72664720123735], [2.9192206464101504, 36.72651497211521], [2.9185798166488497, 36.73453091950341], [2.9068356995202547, 36.73827603204908], [2.8979866546659214, 36.73715707464248], [2.896119445308657, 36.74126248250382]], [[3.204861520331744, 36.73201482572859], [3.2068529671480506, 36.72984375050779], [3.2101869307373625, 36.73075896109006], [3.210463127001423, 36.73570485074117], [3.2068159428899645, 36.736088049798845], [3.204861520331744, 36.73201482572859]], [[3.1957700318692184, 36.74461569142058], [3.2056961948816842, 36.74455075531474], [3.209522637344014, 36.74827754338503], [3.205703193823742, 36.75120750602164], [3.197888688371513, 36.750365752973636], [3.194516771526483, 36.74707383512249], [3.1957700318692184, 36.74461569142058]], [[3.150152543658263, 36.68109049390449], [3.1547090707897243, 36.67947768171854], [3.160566098116602, 36.686421577311], [3.160035619621089, 36.68894128009084], [3.1497728787351376, 36.68894730802581], [3.150152543658263, 36.68109049390449]], [[3.1160572883923012, 36.6997662623018], [3.1101210712304552, 36.702142919342435], [3.1057356207201177, 36.69650859173037], [3.112519242450628, 36.69153496459714], [3.117338445926386, 36.691500787318226], [3.1195945616558136, 36.68532872029473], [3.129444179580907, 36.68381264494552], [3.138648693811789, 36.67677282233979], [3.1466210694807115, 36.681494035323766], [3.1448389672470105, 36.68478476165255], [3.137990453754385, 36.68704159370626], [3.1370772233237108, 36.69344020753637], [3.157167952438, 36.69623456880966], [3.1592846658420703, 36.70477872972441], [3.154807713825008, 36.706817435186224], [3.1510383434047498, 36.71333531897024], [3.1408032499183443, 36.717104412189364], [3.1348394223028917, 36.71687883130285], [3.1195736646944647, 36.70416514754345], [3.1226883149454365, 36.69763777992834], [3.117271884943528, 36.697438732779744], [3.1160572883923012, 36.6997662623018]], [[3.133505454129148, 36.726178665036365], [3.1361175669353125, 36.723967378240864], [3.139015144756985, 36.7260414104314], [3.1363964012178065, 36.72856023533094], [3.133505454129148, 36.726178665036365]], [[3.095580747497384, 36.68739229142477], [3.095142014401958, 36.6820402507319], [3.10141385268427, 36.68092683924711], [3.103099559917358, 36.67521747313311], [3.1101963345510955, 36.6711725239657], [3.108603014294178, 36.66543906067778], [3.1148112593738135, 36.66066835785157], [3.124805334246555, 36.65986656824915], [3.12489101849283, 36.66697242573572], [3.1117368912673524, 36.6713912526948], [3.114824640436717, 36.68384200781536], [3.1045918988754284, 36.689146955920556], [3.103394072324865, 36.69506583973531], [3.0961499787085627, 36.69313137373605], [3.095580747497384, 36.68739229142477]], [[3.076914248406706, 36.71204878993218], [3.081279874407107, 36.711533763100825], [3.0809751844145152, 36.71554917509079], [3.076871551522131, 36.715482067606686], [3.076914248406706, 36.71204878993218]], [[3.0637910247295888, 36.68711243969375], [3.067771130160383, 36.68653866340417], [3.0680903248431615, 36.68972403205186], [3.064217487578233, 36.690235596011114], [3.0637910247295888, 36.68711243969375]], [[3.003279158223519, 36.74282747549781], [3.0010271983764634, 36.74082789743483], [3.0030742816565645, 36.736069128141736], [3.010611362250903, 36.73705800218588], [3.0170181993705034, 36.72754591337999], [3.0224712502433624, 36.72673570964216], [3.025747450800004, 36.731405978715145], [3.0218545344243433, 36.747882557756384], [3.0173363732238885, 36.74838948461408], [3.013467947989579, 36.74568470944143], [3.0120740082830912, 36.749555167560295], [3.008329480992148, 36.75082820468824], [3.0042708061733383, 36.74822253206519], [3.003279158223519, 36.74282747549781]], [[2.982628575873245, 36.772799279844264], [2.9824278510199127, 36.77038270705576], [2.9873745744055173, 36.76670598216562], [2.9959243705503638, 36.76873708524226], [2.9944689414520025, 36.77597746412193], [2.9846725864007024, 36.77753654064503], [2.982628575873245, 36.772799279844264]], [[2.9386434500453755, 36.72907394558532], [2.944078589650878, 36.72270759887496], [2.9496365182485755, 36.72310440829971], [2.951859794650611, 36.72548210075391], [2.9462831336472766, 36.73202678464245], [2.939363827329564, 36.73262383458824], [2.9386434500453755, 36.72907394558532]], [[2.9388237548264566, 36.759024412787845], [2.942510976943206, 36.756354190021646], [2.9490397106046116, 36.76139369100334], [2.9452368733209435, 36.76908855294016], [2.9364678382454894, 36.76655067333663], [2.9388237548264566, 36.759024412787845]], [[2.940704186440675, 36.744222212089134], [2.936385095333494, 36.741552299423155], [2.937892660781852, 36.737723917287475], [2.9441027895703855, 36.739990904950254], [2.943702254847127, 36.74334180596799], [2.940704186440675, 36.744222212089134]]], [[[3.2045514489185996, 36.61280867480307], [3.203879820497001, 36.61617743619947], [3.2132646023494726, 36.620549224991116], [3.210190938912614, 36.62831766024135], [3.2185033376751813, 36.631994560504], [3.225438651447293, 36.6308010348428], [3.2307483440552867, 36.63620871164987], [3.239597419824941, 36.63596338114037], [3.239687916460502, 36.62248243033945], [3.2350820560605995, 36.6165902938948], [3.2275207935602, 36.61283090156868], [3.2272792853916044, 36.6088891135686], [3.2317954409232925, 36.607117822977926], [3.227965434032641, 36.60368187672349], [3.227929829708855, 36.59883220769755], [3.220124642911135, 36.5978242481437], [3.2136835798635186, 36.59385417293611], [3.210680252978006, 36.59643614776979], [3.2096134061290056, 36.60873412407514], [3.2045514489185996, 36.61280867480307]]], [[[3.073880804753134, 36.54134282492288], [3.0825701547674598, 36.545241875225926], [3.086200871280815, 36.56162440458331], [3.078881605869445, 36.563017564666225], [3.0778690240690105, 36.57269726318114], [3.0880106604772104, 36.58458835088379], [3.0942550976461023, 36.585215657187845], [3.0954510051769724, 36.57975767506958], [3.090287242244223, 36.577490848561055], [3.091918604048534, 36.57254876881783], [3.0877226109047453, 36.560968236311766], [3.1029670613949887, 36.55522053915199], [3.106665481066206, 36.55826294186124], [3.105099972570687, 36.564046629922935], [3.1073317506623375, 36.56968306025259], [3.112758721440032, 36.5695545519883], [3.1185219719124735, 36.559833894453675], [3.1262002901962624, 36.55917914218074], [3.138648110860534, 36.56157127498552], [3.141404728401068, 36.568814994554685], [3.1495906089663195, 36.56896232047687], [3.1510282001815373, 36.57513302218637], [3.1568756508693605, 36.57642836424258], [3.154039571541769, 36.56798769337436], [3.156937461673687, 36.564179705613775], [3.157062966313843, 36.554502566526224], [3.1612848667441154, 36.55147872780069], [3.1608506570997137, 36.54710607472986], [3.1546087607063544, 36.54648224686057], [3.148215511730727, 36.552438313501526], [3.1466835618388327, 36.56044117429563], [3.140968987613903, 36.561053002153315], [3.137213422203986, 36.55567955407762], [3.1212668524496054, 36.550802218766165], [3.118666679531247, 36.54431941211718], [3.10469786987219, 36.54507511681418], [3.1053128953972844, 36.5403355798161], [3.1112056743700807, 36.536510576595184], [3.1077705230758026, 36.526524069762765], [3.1010508377019383, 36.52806366625721], [3.0948456304519603, 36.53352515520371], [3.087232871521966, 36.533658152666085], [3.084628398652104, 36.53628487699285], [3.073899543237484, 36.53797431957288], [3.073880804753134, 36.54134282492288]], [[3.106165695470658, 36.54946405542128], [3.102407935116938, 36.550375478322444], [3.101163674790032, 36.54705566687874], [3.105615912220288, 36.545742562126335], [3.106165695470658, 36.54946405542128]]], [[[3.078105203207032, 36.60924126285774], [3.0809346374021382, 36.61433653679866], [3.0950646359967426, 36.61468609036575], [3.097521275163995, 36.6213264316856], [3.105974539304312, 36.62364977580561], [3.111133588091431, 36.621972161489005], [3.112742922587749, 36.61735588351234], [3.125891699355562, 36.619260641394725], [3.1306619343403397, 36.6116471859692], [3.130556028881002, 36.60769994918009], [3.1272290733698425, 36.606624497672364], [3.117489712734633, 36.61081871124754], [3.1114015928736913, 36.60805838038029], [3.104670531342657, 36.610418413915376], [3.1001105459905696, 36.60930219701217], [3.0988432110260375, 36.600580819977964], [3.0911620824888777, 36.59744029764977], [3.0807274923543346, 36.59841172411697], [3.078105203207032, 36.60924126285774]]], [[[2.938823254590288, 36.632901871135246], [2.942956732013173, 36.63451546904647], [2.945339780515848, 36.63978821183006], [2.9514610118122153, 36.642456117424764], [2.9571365312284916, 36.650604745890895], [2.961773319159101, 36.64510501974391], [2.960229865649478, 36.63894920186921], [2.963099915119707, 36.63764911673259], [2.9810622510671814, 36.64294831680022], [2.9781729913404904, 36.65271414220158], [2.9843444053398636, 36.65260853193305], [2.989857468169181, 36.645696232973116], [3.002707373288669, 36.644747281151865], [3.008414897155165, 36.65389564685003], [3.004351077752349, 36.66111763415185], [3.0174827825926323, 36.662664391472966], [3.0187065828912725, 36.65851176307465], [3.02334605339804, 36.65722934322157], [3.0135023731254615, 36.64310637156242], [3.0051175717016507, 36.642505812651315], [3.0026797757871853, 36.637969137959736], [2.9772673529663867, 36.63787149305684], [2.9646151230876696, 36.63358251345359], [2.9659809853063246, 36.62683779045166], [2.974110602622092, 36.625187334334], [2.965578659839781, 36.61947678098454], [2.954810533561594, 36.61923512715262], [2.9549189072353856, 36.62195977447947], [2.961722859444265, 36.62723069922439], [2.9588645645421807, 36.637517612850296], [2.9516671761046482, 36.63637917352218], [2.947983543846141, 36.625142533325494], [2.9427111051976107, 36.62531661026135], [2.938823254590288, 36.632901871135246]]], [[[2.865855488226703, 36.72890279807738], [2.8658882446048626, 36.732498349047454], [2.873065047981359, 36.73747367039461], [2.8693470432478283, 36.74449577452889], [2.8744973231162714, 36.7437656143107], [2.879388966582738, 36.74612150200771], [2.88257527297468, 36.75322325857061], [2.879916933293681, 36.758897732790395], [2.86895938077081, 36.759793338840495], [2.8684002723496635, 36.76144807824677], [2.8730517139067993, 36.76669186835535], [2.8782827532537127, 36.767367409760276], [2.8836137594131905, 36.7752106534332], [2.8917888989673077, 36.77650562452033], [2.893078624832975, 36.784223436853615], [2.89983160148556, 36.78940596241382], [2.899318252675592, 36.80419591585656], [2.9051974452665976, 36.807291599814434], [2.9152389561884866, 36.80585417411171], [2.9206931857394904, 36.79844336941265], [2.9309626802846216, 36.80439331947091], [2.932201825002792, 36.80793904207891], [2.9431260947400633, 36.80852834176993], [2.9508733156601394, 36.8136731704795], [2.9596218355853905, 36.81354652919736], [2.960569855526035, 36.808956278312465], [2.951050246551348, 36.80682998202087], [2.9537400354983414, 36.80144932906387], [2.95169585018672, 36.7975625258506], [2.9452082033434204, 36.79572024454158], [2.9436990129385054, 36.78830075912377], [2.928067681672718, 36.78879914266378], [2.917990807248904, 36.78183955686483], [2.9112150446743135, 36.78309170084979], [2.9015034446937062, 36.77901989454638], [2.9000078359094363, 36.76454842941844], [2.8927008520658206, 36.761251667477325], [2.887643360688293, 36.73817641279028], [2.8773377128394477, 36.7362553573941], [2.8780509661523634, 36.731272134239006], [2.8740917636672236, 36.72440177376972], [2.8687854680491536, 36.72514068769015], [2.865855488226703, 36.72890279807738]], [[2.9152528505760054, 36.79362027619712], [2.915417799902944, 36.79758323694415], [2.909422566189368, 36.79730628306187], [2.909925173292017, 36.79413780436136], [2.9152528505760054, 36.79362027619712]]], [[[2.8951181490586255, 36.58501897588762], [2.8947462068226915, 36.588881494551046], [2.90746571281662, 36.58971462322854], [2.9142526804836093, 36.59317826325636], [2.919546936597708, 36.59062218906744], [2.917830705445287, 36.57809223626937], [2.9136170095424103, 36.57187072504257], [2.916087090528881, 36.56461959017231], [2.9094370709484396, 36.559912973537756], [2.899898391271225, 36.56135303637041], [2.896860244893007, 36.56524825549571], [2.8968250013153845, 36.569977786955725], [2.9004084733060855, 36.57411779620922], [2.895964179434745, 36.57800988279603], [2.8951181490586255, 36.58501897588762]]], [[[2.8442713291613115, 36.5126428584452], [2.8435299066678508, 36.517746338495826], [2.8572932106872035, 36.52331135586152], [2.85681239196702, 36.532031435886424], [2.8666551422375797, 36.530833998041466], [2.8746969370978133, 36.53357510638704], [2.8782329503418023, 36.53256934378558], [2.8768240884388177, 36.524213779130974], [2.8819126264985315, 36.51806924017824], [2.879778626783167, 36.513156285067744], [2.870632852461911, 36.51348899191741], [2.862295437571069, 36.50467032659664], [2.8564076450806977, 36.503791429638014], [2.85064735684477, 36.50394728302422], [2.8483234116526943, 36.510509267109605], [2.8442713291613115, 36.5126428584452]]], [[[2.7800000312089255, 36.68296609396819], [2.7883061857800233, 36.68460873331103], [2.7916109872530694, 36.68800770358116], [2.8021370966499624, 36.68770810470936], [2.805259274617156, 36.693475006272294], [2.81680737437092, 36.70139033389916], [2.8282108737175484, 36.70503010837341], [2.8352689986539823, 36.71488841888851], [2.8429877285880782, 36.714941813934225], [2.851444673074591, 36.71859183872822], [2.8511999475075065, 36.72439654501007], [2.834752177846592, 36.724992822131085], [2.8331558705309634, 36.72775825537005], [2.839958883680992, 36.73314527738412], [2.84395152996012, 36.744631697679864], [2.852240837408313, 36.74464227860207], [2.8523999571714254, 36.74168293276937], [2.84821625337989, 36.73892454053157], [2.8517736519799683, 36.72681992121754], [2.8602070220391944, 36.724090819795435], [2.864863261082361, 36.717077808581614], [2.8535271952647454, 36.713174383626836], [2.8512248734824412, 36.707359268893725], [2.8369770266752234, 36.70573747937866], [2.8420043686169696, 36.69818214400995], [2.8400134974604425, 36.693288091662254], [2.836690609763686, 36.69165608783271], [2.815123450370511, 36.693101624858244], [2.812603825341474, 36.686779182995025], [2.8042783061899836, 36.68696386394788], [2.799904825382189, 36.68180056809294], [2.8024586371419753, 36.67380976201843], [2.7979798409641314, 36.67118649474333], [2.798963744763416, 36.66387777314412], [2.796505535503043, 36.66254096026977], [2.793137648101473, 36.66268194024236], [2.7904416600240163, 36.66740873243593], [2.7850242362938444, 36.669911283311755], [2.78477150901167, 36.676505699705324], [2.7796747695528805, 36.67846908057126], [2.7800000312089255, 36.68296609396819]]], [[[2.7374547112622167, 36.64052628877874], [2.7392800774417654, 36.64998412591614], [2.748742140868842, 36.65746459892106], [2.761025236041189, 36.65527787100479], [2.771964517720577, 36.65677529290059], [2.778749996918475, 36.65071630003219], [2.7972497317390057, 36.646288064383405], [2.7944829072749147, 36.64014949315914], [2.7895623299694465, 36.63780230048317], [2.789466904332034, 36.63061298869997], [2.7828097856003455, 36.63068105418578], [2.7798231530425546, 36.63438796396718], [2.7711640502036894, 36.629897244317185], [2.7619397278845286, 36.63057133948523], [2.7585495932668134, 36.63478249100488], [2.738804016531836, 36.636973828339976], [2.7374547112622167, 36.64052628877874]]]]}}, {"type": "Feature", "properties": {"threshold": 90}, "geometry": {"type": "MultiPolygon", "coordinates": [[[[3.289092782152708, 36.64241214038204], [3.2884219440266924, 36.64507234239572], [3.3031782701668426, 36.65670453165585], [3.2956081097952903, 36.66850342499563], [3.304407234625744, 36.66936676145634], [3.3139424970566433, 36.66415863199392], [3.32345359021759, 36.670058548426276], [3.3330578369295196, 36.661856993586866], [3.3349413062938695, 36.6538621748786], [3.343520695562476, 36.64983358434119], [3.34627170431754, 36.640977231162715], [3.3404329869660745, 36.63951382869992], [3.340024350229128, 36.63010276529548], [3.3351053796985988, 36.62612403733512], [3.3303817406163145, 36.62672065716748], [3.3373211096807043, 36.6367390327324], [3.335509393757202, 36.64321346656507], [3.3326591643056696, 36.64451822065774], [3.3174841105885537, 36.63891116245881], [3.305191120031341, 36.63719431382486], [3.3038331355093105, 36.62646807759559], [3.295251269944097, 36.62617312077211], [3.296854430111882, 36.63499913383745], [3.289092782152708, 36.64241214038204]], [[3.310012735326507, 36.64763821113337], [3.3128956250018002, 36.644225888797635], [3.3171270288160786, 36.64781306472687], [3.3143692761720596, 36.64984047564298], [3.310012735326507, 36.64763821113337]]], [[[3.1976242382575437, 36.6125530148231], [3.1986099586989356, 36.61902240095104], [3.2108513032809034, 36.619808688587554], [3.2117829255396577, 36.63028827448552], [3.223028708977717, 36.63212905793404], [3.226766601595504, 36.64018689010817], [3.2322303166055955, 36.643669513121154], [3.230175054017978, 36.65120131452129], [3.2355710451693884, 36.65641556899779], [3.235431126319835, 36.66264366522511], [3.2319763581856633, 36.66748803943953], [3.234785907323604, 36.67349487277895], [3.2379919975961973, 36.67591592566475], [3.244656757698957, 36.674036664563246], [3.2510817695503222, 36.676203150817926], [3.251660153526652, 36.68632960584885], [3.2567188400469336, 36.68620690702759], [3.259961143705993, 36.690033300082], [3.2664754107021405, 36.689671916236904], [3.2685603888669656, 36.6831934346924], [3.279281899522257, 36.67846894515358], [3.281282719894904, 36.67305386502358], [3.276243565270548, 36.66950138599529], [3.26483694588428, 36.66842683532898], [3.2622989160928135, 36.66320482617008], [3.255806338321705, 36.663806041175654], [3.2523490858827424, 36.66182225105826], [3.253462917719066, 36.65705168732078], [3.2581382920659547, 36.65577698547465], [3.2635471341552935, 36.64630490033098], [3.2653205162763124, 36.63834897424765], [3.2633988926205237, 36.63507248938238], [3.259476650707384, 36.63563649909766], [3.2508951018536076, 36.64325022957077], [3.241460052072824, 36.63843352549903], [3.239687916460502, 36.62248243033945], [3.2350820560605995, 36.6165902938948], [3.2275207935602, 36.61283090156868], [3.2272792853916044, 36.6088891135686], [3.2317884033003264, 36.60723929721403], [3.229063600018166, 36.59910578148034], [3.219897082129812, 36.59774148729009], [3.2153846592335356, 36.59378582777161], [3.2119250426005825, 36.59385731266985], [3.2107009610077286, 36.59636886105702], [3.209216812401082, 36.60927022072863], [3.1976242382575437, 36.6125530148231]], [[3.2448080862015654, 36.651858182129295], [3.2413721450756325, 36.64964947994919], [3.2436199843791758, 36.64688927307156], [3.2471088874222964, 36.649013515822496], [3.2448080862015654, 36.651858182129295]]], [[[3.276125166247188, 36.710844396685346], [3.2764055840948907, 36.71518598737462], [3.266938714117052, 36.71707901419868], [3.266549654453721, 36.71939125724867], [3.2745811330105865, 36.720504526280365], [3.2766576983756543, 36.71764224130965], [3.279946479600545, 36.717749096120706], [3.283220541314467, 36.72449678676644], [3.280963709553029, 36.72739611596866], [3.2674678083110043, 36.730192552347155], [3.271379724136763, 36.74876643256236], [3.2862242984300964, 36.75023828816894], [3.2902612157250837, 36.748467506997535], [3.292413131644338, 36.741267072550386], [3.3076399299904606, 36.73896142145936], [3.3247120849994114, 36.74052281293442], [3.33858649900061, 36.75222781410049], [3.344843675010455, 36.74909031321425], [3.342391571341916, 36.74018583157986], [3.3466674523076008, 36.733665744789384], [3.3369922803594565, 36.72651911091833], [3.3378066649653353, 36.71887078162744], [3.3356480326203317, 36.71623174406525], [3.318756404723324, 36.71827455754621], [3.3150762653975905, 36.71618248995829], [3.2936629806876216, 36.71465102814024], [3.2877495238191314, 36.709161648205374], [3.2794794329706143, 36.708472346524154], [3.276125166247188, 36.710844396685346]], [[3.3043903221154647, 36.72966519250056], [3.3062576080659847, 36.727624986725075], [3.3145862074432344, 36.72755254700983], [3.3168370831632967, 36.73142874979568], [3.3083477451257886, 36.73541400767659], [3.3043903221154647, 36.72966519250056]]], [[[2.886779772186671, 36.72858006066626], [2.8972146827353034, 36.733208495844785], [2.897263886172118, 36.74204699192531], [2.9143422723031187, 36.744187516367944], [2.920190780667567, 36.74034618280363], [2.921614937407602, 36.735023721881845], [2.929590241734779, 36.736650928279566], [2.928937333715924, 36.75424425531116], [2.9207194174857216, 36.7556737187265], [2.91768486921505, 36.76058228287463], [2.9287299411423886, 36.771201499735184], [2.9331082025270168, 36.779579705704386], [2.94216206132499, 36.772846035482154], [2.948336835412674, 36.77611214368072], [2.962434470446333, 36.77560187061037], [2.964111075020828, 36.77862314593803], [2.9575209113914362, 36.782064743058534], [2.957423261665663, 36.78568186405471], [2.960352312828108, 36.7894822286951], [2.971548213542046, 36.79118695481511], [2.973975042523851, 36.79456461866652], [2.977480591949766, 36.794195313758046], [2.977088791955506, 36.78750540911658], [2.9798460738155073, 36.78549729023952], [2.987540600790055, 36.78815882611888], [2.9989895603691497, 36.78114594983123], [3.0028161908935407, 36.78388210627163], [3.009584278424122, 36.78444038417661], [3.010277596544934, 36.78695867108871], [3.0031728413365455, 36.79585356473899], [3.005141570630232, 36.80205399948118], [3.0031605802895696, 36.8052775677937], [3.012017498628363, 36.80986150380534], [3.012682643594581, 36.81937143533242], [3.0186331046082198, 36.818556177572354], [3.021663740135854, 36.81449256412698], [3.0181547215565976, 36.80975550692035], [3.0198633710522778, 36.80216566208207], [3.015205439545142, 36.796302547381934], [3.0171499717881938, 36.790941198002564], [3.0222215070223823, 36.79015445998602], [3.025071894405075, 36.785942874721044], [3.033220243236436, 36.78774926896247], [3.033910295931965, 36.79123474727139], [3.028869394129367, 36.79488645339473], [3.0278581477470237, 36.798961964068724], [3.036568718316254, 36.800233811599924], [3.0423586364521205, 36.80015187767191], [3.0466450948931203, 36.79623224080441], [3.0536592428341125, 36.79807332499365], [3.0564879252916324, 36.79479388277676], [3.0618237783693036, 36.79443574530547], [3.0642021997112465, 36.79026899402433], [3.0692568399275735, 36.788241543723764], [3.0658676680781727, 36.78245984425208], [3.0658154013173293, 36.767960244160314], [3.0743249960233676, 36.76167545721331], [3.079857417673989, 36.75290507274134], [3.093739222218066, 36.74782314125522], [3.105684817974096, 36.7469672229721], [3.1159654928490723, 36.74145000962079], [3.1203856032437245, 36.74346459004207], [3.1450727379791834, 36.74272208750325], [3.148262037904846, 36.74059514253579], [3.1528293644953505, 36.74271237917462], [3.159291391535014, 36.74164355240418], [3.16579997562737, 36.74548064861266], [3.181518138516427, 36.74774195471774], [3.19500372186568, 36.752916719955344], [3.219161486889666, 36.766487887794426], [3.2239481038251085, 36.77300674681247], [3.2340031856266007, 36.77106529482116], [3.237301478631605, 36.78092946738735], [3.2341771680762466, 36.78965028304925], [3.239490173250086, 36.79219937856421], [3.2441885367852934, 36.78799504775622], [3.247461516170639, 36.78832598923364], [3.246490460395457, 36.79658282901518], [3.2483639790562817, 36.8038640592758], [3.2515321390302083, 36.80490939583196], [3.2576340551964487, 36.8047664010289], [3.261421243045622, 36.79803618519921], [3.260250980267547, 36.78372243826282], [3.2703162170032862, 36.784334375387296], [3.272847346876768, 36.782345395215316], [3.272778336884981, 36.776974425970764], [3.268472168327583, 36.772936769104085], [3.2691292220864336, 36.76480765777643], [3.264394044491811, 36.76104273974257], [3.2574113642029623, 36.760871170637124], [3.253584342445695, 36.75831512272468], [3.254900882476182, 36.74138633341154], [3.2491967998198774, 36.74134704673837], [3.2460307232540333, 36.75000628451952], [3.242625191807374, 36.75232744671687], [3.2385050308281165, 36.75123777855406], [3.2360567273537852, 36.74281123645974], [3.2435743157142287, 36.73929255014981], [3.243563757106579, 36.72676413184643], [3.2366196385199917, 36.72556520181056], [3.2303850184448732, 36.72725459503223], [3.227648170207914, 36.72172558516272], [3.2299026190908067, 36.71981934343592], [3.2395173212156503, 36.72054004520556], [3.244248675709377, 36.71588458939973], [3.2350838749212385, 36.71073550692857], [3.2265065727211164, 36.70960037934466], [3.2228109158188913, 36.70298969381465], [3.216114184659776, 36.70563239379682], [3.213997955450885, 36.70016983725001], [3.20462368276916, 36.700728774558634], [3.195491748328209, 36.69382060168755], [3.1867943703851305, 36.69328664513996], [3.1813702714381114, 36.678953778236874], [3.1776962314218693, 36.67908281382714], [3.175079071828954, 36.684030951824326], [3.170423482488297, 36.68339683566661], [3.1676563869361667, 36.66656438003187], [3.1586093365743486, 36.66400597361693], [3.156003102417156, 36.655715854768346], [3.1447489335488092, 36.65055749631292], [3.1371255937377382, 36.65799874422983], [3.1257512587947467, 36.655244076216555], [3.1233711434340847, 36.65003546390878], [3.1162144272123875, 36.64893685699994], [3.110099564685596, 36.644432366352866], [3.106883500013656, 36.63331080455539], [3.103602111446389, 36.63076412796459], [3.0999349154361258, 36.63274034544332], [3.0993313933236726, 36.644863272434144], [3.093694999405444, 36.64702759158155], [3.086247491989627, 36.64648176144095], [3.081272001640764, 36.65400693550759], [3.0781867952081985, 36.65351461271888], [3.0760253535090314, 36.646683632327324], [3.071308137084007, 36.64432895750901], [3.064807347297325, 36.64610338554368], [3.070774568438315, 36.65476968247052], [3.069352310090502, 36.66099959725375], [3.0775845400581736, 36.659293572366735], [3.08401548156451, 36.665378346144585], [3.079004136146564, 36.6856645082951], [3.0742313739353153, 36.685025394135046], [3.0686963086617562, 36.675527029664515], [3.0637044837264114, 36.6773052623697], [3.054728002521228, 36.674145638683356], [3.0549694057923444, 36.67039908309984], [3.063805056200155, 36.667205983885175], [3.0638475936955913, 36.658289651998075], [3.0577909354439616, 36.655820712555474], [3.0563569282622334, 36.65284513227171], [3.049612921588268, 36.65277828979362], [3.0504766557392102, 36.662717385706024], [3.0363356391353173, 36.66414412485611], [3.0357185192379212, 36.66630760594205], [3.037677529513079, 36.67448504475923], [3.050658799356698, 36.678009823021455], [3.0567479280220486, 36.684345888926785], [3.0560406352480287, 36.68799821558729], [3.042686404224599, 36.690806289784376], [3.0393289720387755, 36.68893151813281], [3.0334738873599325, 36.689757972298146], [3.0315640434236926, 36.69456859200519], [3.0252669667821084, 36.697813459118976], [3.025041283602722, 36.704193509171716], [3.021052211812936, 36.707681185314705], [3.016177970375299, 36.70540044994047], [3.018115962455553, 36.695363960349205], [3.0158099469175164, 36.693241388457366], [3.0061005555642217, 36.695225388883166], [3.000336226847336, 36.6932022370006], [2.99014423983374, 36.697700584497994], [2.9896508255448406, 36.70275687650559], [2.979379784662942, 36.71296727079628], [2.9798388279805312, 36.71507762955192], [2.9870963546503098, 36.716477661080944], [2.9879911095944958, 36.73092513791709], [2.979714963939254, 36.74505712801137], [2.972331685485092, 36.74891795472119], [2.962866524904771, 36.75056623995983], [2.960240048666104, 36.74884391856347], [2.9596462204744127, 36.73787941101409], [2.9670347613396775, 36.733542658732404], [2.9660048197712725, 36.72894808494119], [2.9609128071005997, 36.72542536174339], [2.9678517022371182, 36.71897634714486], [2.970132485609135, 36.70830781341517], [2.9738882211887, 36.70710254043995], [2.9775077928063083, 36.70089704367305], [2.9845524012423783, 36.69777215969132], [2.986402125769574, 36.685957413512945], [2.9785861845405726, 36.68255500427461], [2.970256958963205, 36.68466527391557], [2.9599070639943497, 36.68333924024216], [2.956551398079889, 36.67839888809985], [2.9591326187895395, 36.67113054179862], [2.9544733798909557, 36.66758433981747], [2.954675261069548, 36.66100166530241], [2.9459990802098823, 36.65753396412664], [2.942686864214769, 36.65066463925534], [2.938183476652162, 36.65094593436599], [2.937155033748644, 36.657079225180134], [2.9421196095182416, 36.66207616671337], [2.941691883161265, 36.66591291414301], [2.9462080749273114, 36.667718289379124], [2.9470520929258437, 36.67738393870084], [2.9318797477712906, 36.689826639108134], [2.9426574608098157, 36.69030327201466], [2.9452972454431365, 36.686465455973384], [2.95189578954381, 36.685213459836845], [2.9557571384848322, 36.69427936539436], [2.9657755154201224, 36.701026604468446], [2.9658545776817373, 36.70481898877016], [2.9538887440929615, 36.70966939959874], [2.9508730510037493, 36.70539201247857], [2.941879122011138, 36.702777270258316], [2.9356085257724867, 36.69745571913878], [2.925110936786919, 36.7028588878044], [2.9162731755112494, 36.701306284634896], [2.9144776720979615, 36.697442416000705], [2.9068428017754737, 36.698169050299036], [2.901015599090114, 36.70371082198076], [2.904774860430052, 36.71633576483196], [2.91692674529208, 36.71938439599198], [2.9231482509530897, 36.713808490944004], [2.937071650130236, 36.71445964854434], [2.939115067130684, 36.717526899152034], [2.937698318449665, 36.72485759154526], [2.9320437821054375, 36.72800905095824], [2.9181808628478003, 36.72656725832813], [2.917260436598317, 36.73404337944016], [2.9112177073789938, 36.73568433199818], [2.9058651277211527, 36.73084781969281], [2.899108520999374, 36.72882642623164], [2.8951540921640824, 36.72297454000595], [2.888976940942673, 36.72307551852008], [2.886779772186671, 36.72858006066626]], [[3.2055001388093634, 36.73504607394229], [3.2065594953763137, 36.73166436945684], [3.210671258395818, 36.73202385262049], [3.2099096565103884, 36.736124193987756], [3.2055001388093634, 36.73504607394229]], [[3.1957700318692184, 36.74461569142058], [3.205703830312915, 36.744552949718276], [3.209522637344014, 36.74827754338503], [3.205703193823742, 36.75120750602164], [3.197888688371513, 36.750365752973636], [3.194516771526483, 36.74707383512249], [3.1957700318692184, 36.74461569142058]], [[3.150152543658263, 36.68109049390449], [3.1547090707897243, 36.67947768171854], [3.160566098116602, 36.686421577311], [3.160035619621089, 36.68894128009084], [3.1497728787351376, 36.68894730802581], [3.150152543658263, 36.68109049390449]], [[3.1103513844844914, 36.69358831223024], [3.1182754752558695, 36.69073948404965], [3.1195945616558136, 36.68532872029473], [3.129444179580907, 36.68381264494552], [3.1389029282191667, 36.67681324862111], [3.1466210694807115, 36.681494035323766], [3.1448389672470105, 36.68478476165255], [3.137990453754385, 36.68704159370626], [3.1370772233237108, 36.69344020753637], [3.1577427548609696, 36.69765640254627], [3.159227906554136, 36.70498685126388], [3.148700726512848, 36.713260398967655], [3.140569005958939, 36.715500234301494], [3.135726547578773, 36.71024652545145], [3.1316492194481484, 36.70871147046999], [3.126101948729265, 36.710041289297536], [3.120722083589437, 36.70523064061311], [3.122423441748672, 36.69746318831402], [3.117271884943528, 36.697438732779744], [3.1147481308239775, 36.70130489444379], [3.1090441145558767, 36.70160248861784], [3.10658083504408, 36.69777033527372], [3.1103513844844914, 36.69358831223024]], [[3.095580747497384, 36.68739229142477], [3.095142014401958, 36.6820402507319], [3.10141385268427, 36.68092683924711], [3.103099559917358, 36.67521747313311], [3.1101963345510955, 36.6711725239657], [3.108603014294178, 36.66543906067778], [3.1150483797016038, 36.66060205174864], [3.1255482050281715, 36.66084817704913], [3.124708039801469, 36.66712021685617], [3.1117368912673524, 36.6713912526948], [3.114824640436717, 36.68384200781536], [3.1045918988754284, 36.689146955920556], [3.103394072324865, 36.69506583973531], [3.0961499787085627, 36.69313137373605], [3.095580747497384, 36.68739229142477]], [[3.076914248406706, 36.71204878993218], [3.081279874407107, 36.711533763100825], [3.0809751844145152, 36.71554917509079], [3.076871551522131, 36.715482067606686], [3.076914248406706, 36.71204878993218]], [[3.0661274006807773, 36.686077648521355], [3.068738409155304, 36.688534062572344], [3.065403598984236, 36.69063051118638], [3.0631766178138355, 36.68821560967284], [3.0661274006807773, 36.686077648521355]], [[3.033084753982193, 36.69885356576201], [3.0388818291618573, 36.696765660512916], [3.0409624074790234, 36.70005394679221], [3.035807035456888, 36.70236188044851], [3.033084753982193, 36.69885356576201]], [[3.0037136542109373, 36.74281642022904], [3.0010767314650373, 36.74083291931203], [3.0030742816565645, 36.736069128141736], [3.010611362250903, 36.73705800218588], [3.0170181993705034, 36.72754591337999], [3.0224712502433624, 36.72673570964216], [3.023856984871698, 36.73036412629078], [3.019996871946546, 36.746445825678755], [3.0135515084122346, 36.745667854959585], [3.0077470250352194, 36.74879796693819], [3.0037136542109373, 36.74281642022904]], [[2.982628575873245, 36.772799279844264], [2.9825720363479324, 36.770209172478204], [2.988656053013733, 36.766606425530725], [2.992966155679907, 36.76781391356074], [2.9960885151853605, 36.7742209225318], [2.9851637222046485, 36.77763016311873], [2.982628575873245, 36.772799279844264]], [[2.9388237548264566, 36.759024412787845], [2.942510976943206, 36.756354190021646], [2.9490397106046116, 36.76139369100334], [2.9452368733209435, 36.76908855294016], [2.9364678382454894, 36.76655067333663], [2.9388237548264566, 36.759024412787845]]], [[[3.073880804753134, 36.54134282492288], [3.082395883239119, 36.54484837675747], [3.0851947585515203, 36.55908196889364], [3.0788808850447906, 36.562308541354575], [3.0743847615265896, 36.5710071241782], [3.076577965617486, 36.581051136827696], [3.081587297284582, 36.58057353762242], [3.089847565193264, 36.585325643171686], [3.0943764064274406, 36.585117634228254], [3.0954307598333624, 36.57956765177326], [3.090287242244223, 36.577490848561055], [3.091918604048534, 36.57254876881783], [3.0876477241051963, 36.56116804401207], [3.0897128410628683, 36.55867309951273], [3.103224522766684, 36.55519985633368], [3.106665481066206, 36.55826294186124], [3.105099972570687, 36.564046629922935], [3.1073317506623375, 36.56968306025259], [3.112758721440032, 36.5695545519883], [3.1185219719124735, 36.559833894453675], [3.1262002901962624, 36.55917914218074], [3.138648110860534, 36.56157127498552], [3.141404728401068, 36.568814994554685], [3.1495906089663195, 36.56896232047687], [3.1510282001815373, 36.57513302218637], [3.1568756508693605, 36.57642836424258], [3.154039571541769, 36.56798769337436], [3.156937461673687, 36.564179705613775], [3.157062966313843, 36.554502566526224], [3.1612848667441154, 36.55147872780069], [3.1608506570997137, 36.54710607472986], [3.1546087607063544, 36.54648224686057], [3.148215511730727, 36.552438313501526], [3.1466835618388327, 36.56044117429563], [3.140968987613903, 36.561053002153315], [3.137213422203986, 36.55567955407762], [3.1212668524496054, 36.550802218766165], [3.118666679531247, 36.54431941211718], [3.10469786987219, 36.54507511681418], [3.1053128953972844, 36.5403355798161], [3.1112056743700807, 36.536510576595184], [3.1077705230758026, 36.526524069762765], [3.1010508377019383, 36.52806366625721], [3.0948456304519603, 36.53352515520371], [3.087232871521966, 36.533658152666085], [3.084628398652104, 36.53628487699285], [3.073899543237484, 36.53797431957288], [3.073880804753134, 36.54134282492288]], [[3.106165695470658, 36.54946405542128], [3.102407935116938, 36.550375478322444], [3.101163674790032, 36.54705566687874], [3.105615912220288, 36.545742562126335], [3.106165695470658, 36.54946405542128]]], [[[3.078105203207032, 36.60924126285774], [3.0809346374021382, 36.61433653679866], [3.091536607262665, 36.61539337655811], [3.097654192930905, 36.621414179066655], [3.105805993186592, 36.62362290774104], [3.1110759033713205, 36.62202358365369], [3.112461704889936, 36.61815073678282], [3.118143219415422, 36.61830617140239], [3.1204453356160906, 36.62161931447477], [3.117415937070324, 36.62789314657114], [3.1243877260040316, 36.6275755061423], [3.124103039615409, 36.6206265755766], [3.1296907735337594, 36.61616612571458], [3.1306619343403397, 36.6116471859692], [3.130556028881002, 36.60769994918009], [3.1272290733698425, 36.606624497672364], [3.1177667195419354, 36.610490150320565], [3.111250929804388, 36.60805255412528], [3.1031551040295424, 36.61023853768726], [3.098791919875943, 36.60052517755346], [3.0911620824888777, 36.59744029764977], [3.0807274923543346, 36.59841172411697], [3.078105203207032, 36.60924126285774]]], [[[2.938363766351179, 36.63344638184732], [2.941762329618288, 36.64044416292409], [2.948703328054338, 36.6418934522726], [2.956175615685076, 36.650581040406436], [2.9617226641264938, 36.64665555658177], [2.961286047495644, 36.63952476899718], [2.964801421955094, 36.6385965257359], [2.9795428944380964, 36.64350489303459], [2.9776696354345944, 36.65226644722817], [2.9834520450488062, 36.655551044843904], [2.986225335718364, 36.655346890820304], [2.9867714294285532, 36.64992180759392], [2.9916953803192157, 36.64697888245482], [2.9958528315656565, 36.65344843864965], [3.001578216423215, 36.64938325209355], [3.004662771139098, 36.649877560419974], [3.007084432574672, 36.65366385278811], [3.00409722562139, 36.66084189782213], [3.012492732253812, 36.6647686993664], [3.0233172988464254, 36.65800363628758], [3.0207992951847746, 36.65104899060678], [3.0224338474666017, 36.64611890128944], [3.016298951383523, 36.642626293505714], [3.017842122307054, 36.63596428445759], [3.0083385948342434, 36.633634769941864], [3.0041429245085003, 36.63729405664795], [2.986740830822634, 36.638796986591046], [2.973489649798323, 36.63436814538292], [2.9680814176894543, 36.63479772582099], [2.96454457732831, 36.63218627933451], [2.965849532119589, 36.627836700022], [2.975857000409137, 36.62596529502222], [2.971816328017198, 36.620210792644144], [2.9540414632644505, 36.61833840410197], [2.9531151107057494, 36.62260863089259], [2.960866323900937, 36.62784062958139], [2.9586423471472787, 36.637624848845945], [2.9516238892351923, 36.63566131177491], [2.947983543846141, 36.625142533325494], [2.942917784232238, 36.62519321147694], [2.934731835738628, 36.631036003188775], [2.938363766351179, 36.63344638184732]]], [[[2.865855488226703, 36.72890279807738], [2.8658882446048626, 36.732498349047454], [2.873065047981359, 36.73747367039461], [2.8693470432478283, 36.74449577452889], [2.8744973231162714, 36.7437656143107], [2.879388966582738, 36.74612150200771], [2.88257527297468, 36.75322325857061], [2.879916933293681, 36.758897732790395], [2.8683713568413682, 36.761382772823424], [2.8730517139067993, 36.76669186835535], [2.8782827532537127, 36.767367409760276], [2.8836137594131905, 36.7752106534332], [2.891440615017188, 36.778130947306565], [2.8931228516685623, 36.78428293948612], [2.89965746503413, 36.7890132268134], [2.8966713310138856, 36.8056116349494], [2.900939030117191, 36.80800309023631], [2.9153201543389007, 36.80583087684377], [2.9206931857394904, 36.79844336941265], [2.9309626802846216, 36.80439331947091], [2.932201825002792, 36.80793904207891], [2.9431260947400633, 36.80852834176993], [2.952636442549576, 36.814382879650296], [2.9596218355853905, 36.81354652919736], [2.960569855526035, 36.808956278312465], [2.951050246551348, 36.80682998202087], [2.9537400354983414, 36.80144932906387], [2.95169585018672, 36.7975625258506], [2.9452082033434204, 36.79572024454158], [2.9436990129385054, 36.78830075912377], [2.928067681672718, 36.78879914266378], [2.917990807248904, 36.78183955686483], [2.9112150446743135, 36.78309170084979], [2.9015034446937062, 36.77901989454638], [2.9000078359094363, 36.76454842941844], [2.8927008520658206, 36.761251667477325], [2.887643360688293, 36.73817641279028], [2.8773377128394477, 36.7362553573941], [2.8780509661523634, 36.731272134239006], [2.8740917636672236, 36.72440177376972], [2.8687854680491536, 36.72514068769015], [2.865855488226703, 36.72890279807738]], [[2.9152528505760054, 36.79362027619712], [2.915417799902944, 36.79758323694415], [2.909422566189368, 36.79730628306187], [2.909925173292017, 36.79413780436136], [2.9152528505760054, 36.79362027619712]]], [[[2.8533859457609982, 36.68813027364916], [2.858579545943964, 36.69080425969663], [2.8581984397276377, 36.69719278504294], [2.8687730153951514, 36.69872950440158], [2.874652968466504, 36.689996207282555], [2.880626334649288, 36.68997369595577], [2.8843565319274234, 36.68120353407923], [2.89088757375605, 36.68099697341851], [2.8940419829870097, 36.6765585997197], [2.899902621969528, 36.67662733698572], [2.9009812072477277, 36.67018627799667], [2.8925580235066626, 36.671779765140464], [2.8875139945040464, 36.66979199409245], [2.8845549486039013, 36.67388249883702], [2.876725801956654, 36.67343294916888], [2.875132274675238, 36.677437421502695], [2.8695744948056925, 36.680533647964246], [2.8659517733425153, 36.67885885463502], [2.8702397387083662, 36.67402436391586], [2.8657770980556077, 36.672271217398155], [2.865588360729777, 36.66850438382438], [2.8558317650310245, 36.66833983493398], [2.858830135657749, 36.67329256494925], [2.8561502045150173, 36.677553227712494], [2.858354393368285, 36.68274592005904], [2.852766287733301, 36.68490349788863], [2.8533859457609982, 36.68813027364916]]], [[[2.894158850643961, 36.58839712531972], [2.8947433184568947, 36.59100855306105], [2.906989137257024, 36.589642685162815], [2.9142526804836093, 36.59317826325636], [2.919546936597708, 36.59062218906744], [2.917830705445287, 36.57809223626937], [2.9136170095424103, 36.57187072504257], [2.916087090528881, 36.56461959017231], [2.9094370709484396, 36.559912973537756], [2.899898391271225, 36.56135303637041], [2.896860244893007, 36.56524825549571], [2.8968250013153845, 36.569977786955725], [2.900385782380639, 36.57432022194654], [2.8959351334035, 36.57807513322993], [2.894158850643961, 36.58839712531972]]], [[[2.8442713291613115, 36.5126428584452], [2.8435299066678508, 36.517746338495826], [2.8572932106872035, 36.52331135586152], [2.85681239196702, 36.532031435886424], [2.8666551422375797, 36.530833998041466], [2.8746969370978133, 36.53357510638704], [2.8782329503418023, 36.53256934378558], [2.8768240884388177, 36.524213779130974], [2.8819126264985315, 36.51806924017824], [2.879778626783167, 36.513156285067744], [2.870632852461911, 36.51348899191741], [2.862295437571069, 36.50467032659664], [2.8564076450806977, 36.503791429638014], [2.85064735684477, 36.50394728302422], [2.8483234116526943, 36.510509267109605], [2.8442713291613115, 36.5126428584452]]], [[[2.7800000312089255, 36.68296609396819], [2.7883061857800233, 36.68460873331103], [2.7916109872530694, 36.68800770358116], [2.8021370966499624, 36.68770810470936], [2.805259274617156, 36.693475006272294], [2.81680737437092, 36.70139033389916], [2.8282108737175484, 36.70503010837341], [2.8352689986539823, 36.71488841888851], [2.8429877285880782, 36.714941813934225], [2.851444673074591, 36.71859183872822], [2.8511999475075065, 36.72439654501007], [2.834752177846592, 36.724992822131085], [2.8331558705309634, 36.72775825537005], [2.839193034755618, 36.733224452288106], [2.8439500944768787, 36.74534069727564], [2.852240837408313, 36.74464227860207], [2.8523999571714254, 36.74168293276937], [2.848570318672282, 36.73864060884036], [2.8517736519799683, 36.72681992121754], [2.8602070220391944, 36.724090819795435], [2.864863261082361, 36.717077808581614], [2.8535271952647454, 36.713174383626836], [2.8512248734824412, 36.707359268893725], [2.8369770266752234, 36.70573747937866], [2.8420043686169696, 36.69818214400995], [2.8400134974604425, 36.693288091662254], [2.836690609763686, 36.69165608783271], [2.815123450370511, 36.693101624858244], [2.812603825341474, 36.686779182995025], [2.8042783061899836, 36.68696386394788], [2.799904825382189, 36.68180056809294], [2.8024586371419753, 36.67380976201843], [2.7979798409641314, 36.67118649474333], [2.798963744763416, 36.66387777314412], [2.796505535503043, 36.66254096026977], [2.793137648101473, 36.66268194024236], [2.7904416600240163, 36.66740873243593], [2.7850242362938444, 36.669911283311755], [2.78477150901167, 36.676505699705324], [2.7796747695528805, 36.67846908057126], [2.7800000312089255, 36.68296609396819]]], [[[2.7374547112622167, 36.64052628877874], [2.7392800774417654, 36.64998412591614], [2.748892871027182, 36.65747088367873], [2.761025236041189, 36.65527787100479], [2.771964517720577, 36.65677529290059], [2.781901353295938, 36.65008530537311], [2.7895757612392877, 36.652553637458006], [2.7909460862863233, 36.64889586039955], [2.795099471811271, 36.64822055557936], [2.801665861934468, 36.64262897362451], [2.790850338390284, 36.63408588278247], [2.789867637334721, 36.63072935258091], [2.783771274467801, 36.62923513259939], [2.7790525590417485, 36.63432535485462], [2.7725148851817036, 36.63062451469852], [2.770853326525698, 36.62702760458194], [2.766372570853697, 36.630477981641384], [2.7555395383951375, 36.63062822181301], [2.7534311401780585, 36.63463006621804], [2.738804016531836, 36.636973828339976], [2.7374547112622167, 36.64052628877874]]]]}}, {"type": "Feature", "properties": {"threshold": 95}, "geometry": {"type": "MultiPolygon", "coordinates": [[[[3.1959701959265816, 36.616707215318705], [3.1963949185488985, 36.61925393573581], [3.210650772921824, 36.61967662092364], [3.212805125734744, 36.6226994526517], [3.2098692002440155, 36.62628486019853], [3.211834317254063, 36.63034386747269], [3.2223877698662293, 36.63180442034912], [3.226188170983333, 36.635721697730034], [3.2267222008340193, 36.64012751039058], [3.2324058138729117, 36.64406176866723], [3.2302381684458394, 36.65140229410374], [3.2355710451693884, 36.65641556899779], [3.2320512061854902, 36.669124041869615], [3.2359868940214422, 36.67514106532985], [3.245168984427156, 36.67409679343704], [3.251531035697214, 36.677894519436784], [3.2514692689187883, 36.68610082278681], [3.2591714807704792, 36.69217888611055], [3.266474991793115, 36.68967191283686], [3.2679152284507724, 36.68665430669317], [3.2722048600905875, 36.68760016749804], [3.2811847441846327, 36.67546192031697], [3.2811275407633502, 36.671900528748324], [3.2748132721019267, 36.66765678294451], [3.2778987669849973, 36.66057134663017], [3.281846962914694, 36.6604594348454], [3.2884631106136655, 36.66446022972446], [3.292427992171977, 36.6569634200241], [3.2972203830574682, 36.656736301300036], [3.301563445270808, 36.65978721537809], [3.2971900237123783, 36.661994869920434], [3.295741332354196, 36.66859094949243], [3.3069669996299176, 36.67008604452946], [3.314794091126182, 36.664736684480076], [3.3237728322742237, 36.6700246966882], [3.3330578369295196, 36.661856993586866], [3.3349413062938695, 36.6538621748786], [3.343520695562476, 36.64983358434119], [3.346261580321647, 36.64318989765253], [3.3460093002726956, 36.64042624517505], [3.3402245415832628, 36.638743792373624], [3.340837704220352, 36.629972495213394], [3.3351053796985988, 36.62612403733512], [3.3303817406163145, 36.62672065716748], [3.3304948369474667, 36.629958655662236], [3.335626817898558, 36.63375545441314], [3.332974486154373, 36.63852709559951], [3.320816911755599, 36.63462114515406], [3.3167255928960975, 36.63474774801745], [3.31477503269334, 36.638250585659485], [3.3115954548055164, 36.637605347518175], [3.312259370718154, 36.63036995249427], [3.3185549317150818, 36.628827524453285], [3.319272094810332, 36.626167516228115], [3.2949321952817447, 36.62620689571854], [3.2965116602106628, 36.63168162881398], [3.292682502868872, 36.633645586826034], [3.2882226028035735, 36.643846404634324], [3.294194609547334, 36.650575580283665], [3.2930371416883233, 36.654074002062956], [3.283517404764871, 36.653909435807556], [3.277420865264264, 36.65999857630083], [3.267771565142221, 36.65746757080008], [3.2644857785069292, 36.66269287929591], [3.2602042550846453, 36.6630875044035], [3.25436322540469, 36.66002008500313], [3.262660180173216, 36.65275323718225], [3.263850623408193, 36.64277159371823], [3.2662481933474288, 36.640712210671936], [3.2733366866372084, 36.641817731043254], [3.2782612943360343, 36.63947578149598], [3.284606396865438, 36.630658175565266], [3.282553814046126, 36.62778485773294], [3.276298861408318, 36.62559554511531], [3.2713974871649234, 36.63503308336489], [3.265856385239423, 36.636632405206704], [3.261454013063671, 36.63481658188526], [3.251845548086497, 36.64293062408209], [3.247797302579013, 36.64298141082975], [3.240797902354343, 36.637548268626574], [3.23876698533327, 36.6210035774611], [3.2275207935602, 36.61283090156868], [3.2272792853916044, 36.6088891135686], [3.2317884033003264, 36.60723929721403], [3.2290266532440213, 36.599043180735144], [3.219897082129812, 36.59774148729009], [3.21522019969166, 36.59374592358198], [3.2119250426005825, 36.59385731266985], [3.2107009610077286, 36.59636886105702], [3.2093705938348274, 36.60910228999219], [3.1987814783684625, 36.611605406260935], [3.1959701959265816, 36.616707215318705]], [[3.2644265653559272, 36.66702577825617], [3.265659486605454, 36.66399001321667], [3.2705107873235213, 36.66516002165635], [3.2689637024977265, 36.66793928272346], [3.2644265653559272, 36.66702577825617]], [[3.244348725518617, 36.64684976869955], [3.247135609043566, 36.64942992991354], [3.2440373380188197, 36.651920946255196], [3.241345454333129, 36.64923306446882], [3.244348725518617, 36.64684976869955]]], [[[3.2687645612116394, 36.69087968647482], [3.268306668746627, 36.695234761750015], [3.256879534046023, 36.7003155863884], [3.2541138615637206, 36.708460838373135], [3.2558103076248432, 36.71488449092466], [3.2763501629508758, 36.71101859796719], [3.276024790822693, 36.71548301091096], [3.266623553460462, 36.71731026755835], [3.2678335525697646, 36.72115906165606], [3.274823348310467, 36.72043412611737], [3.277629784056168, 36.7173607855961], [3.2822072384190153, 36.71947199224427], [3.2810025259103215, 36.727327891704654], [3.2657569645488103, 36.731295683309455], [3.258633215052613, 36.730986353483644], [3.258119165852055, 36.73532492527742], [3.2680043679254753, 36.73647985254201], [3.2718014695106326, 36.743039913738336], [3.2712463896706923, 36.74867888227284], [3.286140793868091, 36.75025533388819], [3.290217151240639, 36.748527077654984], [3.291287665636061, 36.74237765539337], [3.294293013048819, 36.740534948513], [3.3208469153227558, 36.73955697446683], [3.3282832186418485, 36.742238817768516], [3.3383532223152996, 36.752139841057584], [3.342104489545456, 36.75204126152439], [3.3449928144089487, 36.74864519322863], [3.342441258561995, 36.73998096588166], [3.3466803985261047, 36.73373428311669], [3.3369922803594565, 36.72651911091833], [3.3357813832952146, 36.71631922260106], [3.318756404723324, 36.71827455754621], [3.3149910456533043, 36.71617254322357], [3.2983981032017855, 36.716031058240155], [3.289510674510266, 36.7091573782892], [3.279561997888951, 36.70775297620273], [3.275065432204751, 36.70995872610758], [3.2717150515349713, 36.702350791574354], [3.2777864688987894, 36.691238976329565], [3.272500219633376, 36.68896603586428], [3.2687645612116394, 36.69087968647482]], [[3.313666169276205, 36.72751410537112], [3.316460060642315, 36.72927164778296], [3.3157206140469317, 36.731949582904875], [3.309923522194999, 36.73359116015941], [3.309086184252512, 36.72858124275274], [3.313666169276205, 36.72751410537112]]], [[[2.8533859457609982, 36.68813027364916], [2.8576655787668597, 36.69044711016112], [2.8581984397276377, 36.69719278504294], [2.8687730153951514, 36.69872950440158], [2.874652968466504, 36.689996207282555], [2.880626334649288, 36.68997369595577], [2.8843565319274234, 36.68120353407923], [2.89088757375605, 36.68099697341851], [2.8940419829870097, 36.6765585997197], [2.899902621969528, 36.67662733698572], [2.9009812072477277, 36.67018627799667], [2.8925580235066626, 36.671779765140464], [2.8875139945040464, 36.66979199409245], [2.8845549486039013, 36.67388249883702], [2.876725801956654, 36.67343294916888], [2.875132274675238, 36.677437421502695], [2.8695744948056925, 36.680533647964246], [2.8659517733425153, 36.67885885463502], [2.8702397387083662, 36.67402436391586], [2.8657770980556077, 36.672271217398155], [2.865588360729777, 36.66850438382438], [2.8558317650310245, 36.66833983493398], [2.858830135657749, 36.67329256494925], [2.8561502045150173, 36.677553227712494], [2.858354393368285, 36.68274592005904], [2.852766287733301, 36.68490349788863], [2.8533859457609982, 36.68813027364916]]], [[[2.9249442533754815, 36.68505026206819], [2.9248595239111554, 36.69103536350465], [2.9444182031656534, 36.690304106909934], [2.946073035228231, 36.68652758844362], [2.95189578954381, 36.685213459836845], [2.9557571384848322, 36.69427936539436], [2.9657755154201224, 36.701026604468446], [2.9657212245478326, 36.70499798923161], [2.958803459299364, 36.706650114504825], [2.9548912559595766, 36.70382880807386], [2.9467854046330677, 36.70464985423098], [2.9354398785089084, 36.69742861039595], [2.925110936786919, 36.7028588878044], [2.9162731755112494, 36.701306284634896], [2.9144776720979615, 36.697442416000705], [2.9068428017754737, 36.698169050299036], [2.901015599090114, 36.70371082198076], [2.904774860430052, 36.71633576483196], [2.91692674529208, 36.71938439599198], [2.9228015654426684, 36.714782201655915], [2.937071650130236, 36.71445964854434], [2.939115067130684, 36.717526899152034], [2.937698318449665, 36.72485759154526], [2.9320437821054375, 36.72800905095824], [2.9181808628478003, 36.72656725832813], [2.917260436598317, 36.73404337944016], [2.9112177073789938, 36.73568433199818], [2.9058651277211527, 36.73084781969281], [2.899108520999374, 36.72882642623164], [2.8951540921640824, 36.72297454000595], [2.889046171912037, 36.72303428532815], [2.886109910443745, 36.728205932386395], [2.897079267958221, 36.733036947123594], [2.897263886172118, 36.74204699192531], [2.9143422723031187, 36.744187516367944], [2.920190780667567, 36.74034618280363], [2.921614937407602, 36.735023721881845], [2.929590241734779, 36.736650928279566], [2.928937333715924, 36.75424425531116], [2.9207194174857216, 36.7556737187265], [2.91768486921505, 36.76058228287463], [2.9287299411423886, 36.771201499735184], [2.9331082025270168, 36.779579705704386], [2.94216206132499, 36.772846035482154], [2.948336835412674, 36.77611214368072], [2.962434470446333, 36.77560187061037], [2.964111075020828, 36.77862314593803], [2.9575209113914362, 36.782064743058534], [2.957423261665663, 36.78568186405471], [2.960352312828108, 36.7894822286951], [2.971548213542046, 36.79118695481511], [2.973975042523851, 36.79456461866652], [2.977480591949766, 36.794195313758046], [2.977088791955506, 36.78750540911658], [2.9798460738155073, 36.78549729023952], [2.987540600790055, 36.78815882611888], [2.9989895603691497, 36.78114594983123], [3.0028161908935407, 36.78388210627163], [3.009584278424122, 36.78444038417661], [3.010277596544934, 36.78695867108871], [3.0031728413365455, 36.79585356473899], [3.005141570630232, 36.80205399948118], [3.0031605802895696, 36.8052775677937], [3.012017498628363, 36.80986150380534], [3.0125989980041386, 36.81935459955705], [3.0186331046082198, 36.818556177572354], [3.021663740135854, 36.81449256412698], [3.0181547215565976, 36.80975550692035], [3.0198633710522778, 36.80216566208207], [3.015205439545142, 36.796302547381934], [3.0171499717881938, 36.790941198002564], [3.0222215070223823, 36.79015445998602], [3.025071894405075, 36.785942874721044], [3.033220243236436, 36.78774926896247], [3.033910295931965, 36.79123474727139], [3.028869394129367, 36.79488645339473], [3.0278581477470237, 36.798961964068724], [3.036568718316254, 36.800233811599924], [3.0423586364521205, 36.80015187767191], [3.0466450948931203, 36.79623224080441], [3.0536592428341125, 36.79807332499365], [3.0564879252916324, 36.79479388277676], [3.0618237783693036, 36.79443574530547], [3.0642021997112465, 36.79026899402433], [3.0692568399275735, 36.788241543723764], [3.0658676680781727, 36.78245984425208], [3.0658154013173293, 36.767960244160314], [3.0743249960233676, 36.76167545721331], [3.079857417673989, 36.75290507274134], [3.093739222218066, 36.74782314125522], [3.105684817974096, 36.7469672229721], [3.1159654928490723, 36.74145000962079], [3.120149449445811, 36.74344868952757], [3.1317085321010003, 36.74345259718776], [3.145157927386447, 36.74271181134323], [3.149067308421579, 36.740605114776855], [3.181518138516427, 36.74774195471774], [3.209613415992716, 36.76003954103698], [3.2193453596545605, 36.76663514565466], [3.2239481038251085, 36.77300674681247], [3.2340031856266007, 36.77106529482116], [3.237301478631605, 36.78092946738735], [3.2341771680762466, 36.78965028304925], [3.239490173250086, 36.79219937856421], [3.2441885367852934, 36.78799504775622], [3.247461516170639, 36.78832598923364], [3.246490460395457, 36.79658282901518], [3.2483639790562817, 36.8038640592758], [3.2515321390302083, 36.80490939583196], [3.2576340551964487, 36.8047664010289], [3.261421243045622, 36.79803618519921], [3.260250980267547, 36.78372243826282], [3.2703162170032862, 36.784334375387296], [3.2728266441140503, 36.78241269061427], [3.2729790868979434, 36.77704353926589], [3.2684380154554775, 36.77274301158508], [3.270149891496189, 36.76718699141824], [3.2664733191159354, 36.76126864642519], [3.2574113642029623, 36.760871170637124], [3.2535023380762333, 36.75812496145623], [3.2567119113565326, 36.74072912346279], [3.244705900451282, 36.74039656368621], [3.2434015745104467, 36.72652137260953], [3.237535416534475, 36.72432248328622], [3.2319975371228704, 36.726911737954545], [3.227834932256256, 36.72295746001685], [3.2299026190908067, 36.71981934343592], [3.237105912171873, 36.72197607475439], [3.244248675709377, 36.71588458939973], [3.2350838749212385, 36.71073550692857], [3.2265065727211164, 36.70960037934466], [3.2245739976148524, 36.70369538687195], [3.2162242448128935, 36.70501320370144], [3.2139959901435935, 36.69946083461706], [3.207901358927108, 36.699993756774454], [3.191806035693905, 36.69335860516364], [3.1865100692697834, 36.68986023343386], [3.1813702714381114, 36.678953778236874], [3.1776962314218693, 36.67908281382714], [3.175079071828954, 36.684030951824326], [3.170423482488297, 36.68339683566661], [3.1676563869361667, 36.66656438003187], [3.1586093365743486, 36.66400597361693], [3.156003102417156, 36.655715854768346], [3.1447489335488092, 36.65055749631292], [3.1371255937377382, 36.65799874422983], [3.1257512587947467, 36.655244076216555], [3.1233711434340847, 36.65003546390878], [3.1162144272123875, 36.64893685699994], [3.110099564685596, 36.644432366352866], [3.103684622633713, 36.63007188582691], [3.100899184642097, 36.63112630520289], [3.0973255040065815, 36.639765404374174], [3.098576462161487, 36.64473073531532], [3.093694999405444, 36.64702759158155], [3.086247491989627, 36.64648176144095], [3.0815003725993115, 36.653908381200104], [3.077282961789012, 36.652541460969594], [3.0758524279280426, 36.646530132292426], [3.067120962992005, 36.64427839311753], [3.063866304471497, 36.64772302329433], [3.067458969813763, 36.65353723551513], [3.066346749510915, 36.65625036099661], [3.0586996567654103, 36.65621149407845], [3.0562791262184597, 36.6528155276961], [3.0495294701133506, 36.652795169660244], [3.0483069727638887, 36.65623910504039], [3.044613678215559, 36.65739420076193], [3.0437363700032827, 36.66206763446121], [3.035861211225358, 36.66442781519354], [3.0376262332390165, 36.6744293766972], [3.045415381504642, 36.67643754159804], [3.0492461616861415, 36.68166884931384], [3.0555452704204673, 36.68306814892764], [3.0558406279285677, 36.68813864904714], [3.0424291657685107, 36.690581067699945], [3.0352330002042938, 36.68621242004697], [3.0317280612669752, 36.69439807796795], [3.0252669667821084, 36.697813459118976], [3.025041283602722, 36.704193509171716], [3.021052211812936, 36.707681185314705], [3.016177970375299, 36.70540044994047], [3.018115962455553, 36.695363960349205], [3.0158099469175164, 36.693241388457366], [3.0061005555642217, 36.695225388883166], [3.000336226847336, 36.6932022370006], [2.99014423983374, 36.697700584497994], [2.9896508255448406, 36.70275687650559], [2.979379784662942, 36.71296727079628], [2.9798388279805312, 36.71507762955192], [2.9870963546503098, 36.716477661080944], [2.9879911095944958, 36.73092513791709], [2.979714963939254, 36.74505712801137], [2.9720880880019434, 36.749015954820656], [2.962866524904771, 36.75056623995983], [2.960240048666104, 36.74884391856347], [2.9596462204744127, 36.73787941101409], [2.9670347613396775, 36.733542658732404], [2.9660048197712725, 36.72894808494119], [2.9609128071005997, 36.72542536174339], [2.9678517022371182, 36.71897634714486], [2.970132485609135, 36.70830781341517], [2.9738882211887, 36.70710254043995], [2.9775077928063083, 36.70089704367305], [2.9845524012423783, 36.69777215969132], [2.9863154430603283, 36.68576220829833], [2.9785861845405726, 36.68255500427461], [2.966949096511128, 36.684050412425414], [2.965147703607714, 36.676481302811574], [2.959911111062983, 36.6755401317921], [2.9581540480458814, 36.66944840723412], [2.954572357964388, 36.66777772999531], [2.954638506612358, 36.6609389800733], [2.9492700588883056, 36.65915320046474], [2.9432475023131226, 36.65063192301395], [2.938234774436457, 36.65089027671898], [2.937155033748644, 36.657079225180134], [2.941691883161265, 36.66591291414301], [2.9462080749273114, 36.667718289379124], [2.9468774278412577, 36.67777645728898], [2.935330347401601, 36.68624755950087], [2.931049646610215, 36.683954986639925], [2.9249442533754815, 36.68505026206819]], [[3.2055001388093634, 36.73504607394229], [3.2065594953763137, 36.73166436945684], [3.210671258395818, 36.73202385262049], [3.2099096565103884, 36.736124193987756], [3.2055001388093634, 36.73504607394229]], [[3.1957700318692184, 36.74461569142058], [3.205703830312915, 36.744552949718276], [3.209522637344014, 36.74827754338503], [3.205703193823742, 36.75120750602164], [3.197888688371513, 36.750365752973636], [3.194516771526483, 36.74707383512249], [3.1957700318692184, 36.74461569142058]], [[3.150152543658263, 36.68109049390449], [3.1547090707897243, 36.67947768171854], [3.160566098116602, 36.686421577311], [3.160035619621089, 36.68894128009084], [3.1497728787351376, 36.68894730802581], [3.150152543658263, 36.68109049390449]], [[3.1103513844844914, 36.69358831223024], [3.1182754752558695, 36.69073948404965], [3.1195945616558136, 36.68532872029473], [3.129444179580907, 36.68381264494552], [3.1389029282191667, 36.67681324862111], [3.1466210694807115, 36.681494035323766], [3.1448389672470105, 36.68478476165255], [3.137990453754385, 36.68704159370626], [3.1370772233237108, 36.69344020753637], [3.1470218357193342, 36.69445398089367], [3.1561990587265507, 36.698301912064274], [3.159227906554136, 36.70498685126388], [3.154807713825008, 36.706817435186224], [3.153365982912176, 36.710491741769445], [3.1411944730367405, 36.715044753068604], [3.1377580616422787, 36.71196960858298], [3.138418498001706, 36.69964962788803], [3.132305071065525, 36.70560912848317], [3.1250280038750637, 36.70189234417006], [3.122180937054637, 36.69739359566744], [3.117194104818725, 36.697468450438734], [3.114952078643638, 36.70118850675442], [3.110369221646137, 36.70220328239975], [3.106556002664927, 36.69818682459653], [3.1103513844844914, 36.69358831223024]], [[3.095580747497384, 36.68739229142477], [3.095142014401958, 36.6820402507319], [3.10141385268427, 36.68092683924711], [3.103099559917358, 36.67521747313311], [3.1101963345510955, 36.6711725239657], [3.108603014294178, 36.66543906067778], [3.1150483797016038, 36.66060205174864], [3.1255482050281715, 36.66084817704913], [3.124708039801469, 36.66712021685617], [3.1117368912673524, 36.6713912526948], [3.114824640436717, 36.68384200781536], [3.1045918988754284, 36.689146955920556], [3.103394072324865, 36.69506583973531], [3.0961499787085627, 36.69313137373605], [3.095580747497384, 36.68739229142477]], [[3.0548719233538737, 36.67428585772331], [3.0551613008561977, 36.67025881508445], [3.063724704926615, 36.66803717358736], [3.0658997070224863, 36.66077467578189], [3.077082408023845, 36.65919258251185], [3.082889480202155, 36.6626559294549], [3.084076351984278, 36.67040429397614], [3.0788903087137447, 36.6794837218064], [3.0785602932479925, 36.68587916753251], [3.074062219880003, 36.68485371948365], [3.0687701620927537, 36.67556262837502], [3.0637044837264114, 36.6773052623697], [3.0548719233538737, 36.67428585772331]], [[3.076914248406706, 36.71204878993218], [3.081279874407107, 36.711533763100825], [3.0809751844145152, 36.71554917509079], [3.076871551522131, 36.715482067606686], [3.076914248406706, 36.71204878993218]], [[3.0637910247295888, 36.68711243969375], [3.067771130160383, 36.68653866340417], [3.0680903248431615, 36.68972403205186], [3.064217487578233, 36.690235596011114], [3.0637910247295888, 36.68711243969375]], [[3.033084753982193, 36.69885356576201], [3.0388818291618573, 36.696765660512916], [3.0409624074790234, 36.70005394679221], [3.035807035456888, 36.70236188044851], [3.033084753982193, 36.69885356576201]], [[3.0037136542109373, 36.74281642022904], [3.0010767314650373, 36.74083291931203], [3.0028935117112048, 36.73622480090546], [3.010611362250903, 36.73705800218588], [3.016899558596816, 36.72794364966642], [3.0211149655181004, 36.727754240726284], [3.0198946523957884, 36.735794029459754], [3.022531208540521, 36.740234195794], [3.0202325508546783, 36.743506319070214], [3.0099477549519986, 36.74564245913028], [3.0037136542109373, 36.74281642022904]], [[2.982628575873245, 36.772799279844264], [2.9825720363479324, 36.770209172478204], [2.988656053013733, 36.766606425530725], [2.992966155679907, 36.76781391356074], [2.9960885151853605, 36.7742209225318], [2.9851637222046485, 36.77763016311873], [2.982628575873245, 36.772799279844264]], [[2.9388237548264566, 36.759024412787845], [2.942510976943206, 36.756354190021646], [2.9490397106046116, 36.76139369100334], [2.9452368733209435, 36.76908855294016], [2.9364678382454894, 36.76655067333663], [2.9388237548264566, 36.759024412787845]]], [[[3.073880804753134, 36.54134282492288], [3.082395883239119, 36.54484837675747], [3.0851947585515203, 36.55908196889364], [3.0788808850447906, 36.562308541354575], [3.0743847615265896, 36.5710071241782], [3.076577965617486, 36.581051136827696], [3.081587297284582, 36.58057353762242], [3.089847565193264, 36.585325643171686], [3.0943764064274406, 36.585117634228254], [3.0954307598333624, 36.57956765177326], [3.090287242244223, 36.577490848561055], [3.091918604048534, 36.57254876881783], [3.0876477241051963, 36.56116804401207], [3.0897128410628683, 36.55867309951273], [3.103224522766684, 36.55519985633368], [3.106665481066206, 36.55826294186124], [3.105099972570687, 36.564046629922935], [3.1073317506623375, 36.56968306025259], [3.112758721440032, 36.5695545519883], [3.1185219719124735, 36.559833894453675], [3.1262002901962624, 36.55917914218074], [3.138648110860534, 36.56157127498552], [3.141404728401068, 36.568814994554685], [3.1495906089663195, 36.56896232047687], [3.1510282001815373, 36.57513302218637], [3.1568756508693605, 36.57642836424258], [3.154039571541769, 36.56798769337436], [3.156937461673687, 36.564179705613775], [3.157062966313843, 36.554502566526224], [3.1612848667441154, 36.55147872780069], [3.1608506570997137, 36.54710607472986], [3.1546087607063544, 36.54648224686057], [3.148215511730727, 36.552438313501526], [3.1466835618388327, 36.56044117429563], [3.140968987613903, 36.561053002153315], [3.137213422203986, 36.55567955407762], [3.1212668524496054, 36.550802218766165], [3.118666679531247, 36.54431941211718], [3.10469786987219, 36.54507511681418], [3.1053128953972844, 36.5403355798161], [3.1112056743700807, 36.536510576595184], [3.1077705230758026, 36.526524069762765], [3.1010508377019383, 36.52806366625721], [3.0948456304519603, 36.53352515520371], [3.087232871521966, 36.533658152666085], [3.084628398652104, 36.53628487699285], [3.073899543237484, 36.53797431957288], [3.073880804753134, 36.54134282492288]], [[3.106165695470658, 36.54946405542128], [3.102407935116938, 36.550375478322444], [3.101163674790032, 36.54705566687874], [3.105615912220288, 36.545742562126335], [3.106165695470658, 36.54946405542128]]], [[[3.078105203207032, 36.60924126285774], [3.0809346374021382, 36.61433653679866], [3.090546248396433, 36.61539626265144], [3.097654192930905, 36.621414179066655], [3.105805993186592, 36.62362290774104], [3.1110759033713205, 36.62202358365369], [3.112461704889936, 36.61815073678282], [3.1176989408189932, 36.618123295220705], [3.1204453356160906, 36.62161931447477], [3.1168239367610817, 36.62763884714404], [3.1262266762372057, 36.62674242052596], [3.1244963452287866, 36.62084416979887], [3.1297563017425634, 36.616038107140625], [3.1301180358335405, 36.60738077034448], [3.1251300379810476, 36.60665373807007], [3.1187410143631595, 36.60982384217549], [3.111250929804388, 36.60805255412528], [3.104165478548259, 36.60959695188003], [3.0986012284130697, 36.600386109969264], [3.0912471435894022, 36.59745040511818], [3.08234781435539, 36.59744074651198], [3.078105203207032, 36.60924126285774]]], [[[2.9338549308666666, 36.633355073234995], [2.9444559122755525, 36.64545991766894], [2.9513385676707364, 36.645306915318265], [2.955376692819314, 36.65060409961295], [2.9616840924753007, 36.65026328405261], [2.9626611773665044, 36.63861602154135], [2.97447755967728, 36.640657147937944], [2.9781418175106955, 36.64328949483918], [2.979373972012181, 36.659360298116404], [2.972415367858485, 36.662425119294355], [2.974728660522958, 36.66975310950393], [2.980113692784833, 36.667343550123476], [2.981327595605006, 36.66231210166638], [2.987984400958349, 36.661019181791495], [2.9908684460482924, 36.65249898608102], [3.0064046504325015, 36.652127289250174], [3.0040272783788367, 36.66051933857521], [3.0064968496732742, 36.66693641315364], [3.011555524724022, 36.66612153466957], [3.023346481526535, 36.6586473683731], [3.0224628504395983, 36.64618417103152], [3.016397927389526, 36.641855742151655], [3.018940943839481, 36.63625857894531], [3.0122347633091295, 36.63305486153496], [3.0113172081617425, 36.62728039909021], [3.0059870068856176, 36.62750864995426], [3.0037327605272885, 36.635397610543095], [2.998493045124567, 36.635080100735955], [2.991947630631687, 36.63878404935993], [2.977233953217951, 36.63636207799713], [2.973406456775668, 36.6336422662712], [2.9672644388564513, 36.634170892068845], [2.9657423605366118, 36.628831420855256], [2.9754841755470025, 36.62641478968007], [2.9757269650140725, 36.62330791392081], [2.9690969214779463, 36.61947774536515], [2.954684420882405, 36.61802808377335], [2.9530783756247474, 36.622545944685854], [2.960842129933904, 36.629357461276015], [2.9592646558859967, 36.63725322498506], [2.9516238892351923, 36.63566131177491], [2.9479001226670873, 36.625125651649746], [2.942843984355771, 36.625228817693994], [2.9338549308666666, 36.633355073234995]]], [[[2.865855488226703, 36.72890279807738], [2.8658882446048626, 36.732498349047454], [2.873065047981359, 36.73747367039461], [2.8693470432478283, 36.74449577452889], [2.8744973231162714, 36.7437656143107], [2.879388966582738, 36.74612150200771], [2.88257527297468, 36.75322325857061], [2.879916933293681, 36.758897732790395], [2.8683713568413682, 36.761382772823424], [2.8730517139067993, 36.76669186835535], [2.8781324044274963, 36.76723152719621], [2.8834921807038563, 36.77511261060486], [2.890990609841514, 36.77889974039711], [2.8931228516685623, 36.78428293948612], [2.89965746503413, 36.7890132268134], [2.8966713310138856, 36.8056116349494], [2.900939030117191, 36.80800309023631], [2.9153201543389007, 36.80583087684377], [2.9206931857394904, 36.79844336941265], [2.9309626802846216, 36.80439331947091], [2.932201825002792, 36.80793904207891], [2.9431260947400633, 36.80852834176993], [2.952636442549576, 36.814382879650296], [2.9596218355853905, 36.81354652919736], [2.960569855526035, 36.808956278312465], [2.951050246551348, 36.80682998202087], [2.9537400354983414, 36.80144932906387], [2.95169585018672, 36.7975625258506], [2.9452082033434204, 36.79572024454158], [2.9436990129385054, 36.78830075912377], [2.928067681672718, 36.78879914266378], [2.917990807248904, 36.78183955686483], [2.9112150446743135, 36.78309170084979], [2.9015034446937062, 36.77901989454638], [2.8997191040719894, 36.775992870626254], [2.902640215789997, 36.77346873543405], [2.902647009235126, 36.768095614998025], [2.898844790985115, 36.76349743275403], [2.8927008520658206, 36.761251667477325], [2.887643360688293, 36.73817641279028], [2.8773377128394477, 36.7362553573941], [2.8780509661523634, 36.731272134239006], [2.8740917636672236, 36.72440177376972], [2.8687854680491536, 36.72514068769015], [2.865855488226703, 36.72890279807738]], [[2.9114661141221703, 36.79808546247202], [2.9091158738906358, 36.79489358614702], [2.9143657039471798, 36.79307296976566], [2.916071244278263, 36.796915910869664], [2.9114661141221703, 36.79808546247202]]], [[[2.894158850643961, 36.58839712531972], [2.8947433184568947, 36.59100855306105], [2.906989137257024, 36.589642685162815], [2.9142526804836093, 36.59317826325636], [2.919546936597708, 36.59062218906744], [2.917830705445287, 36.57809223626937], [2.9136170095424103, 36.57187072504257], [2.916087090528881, 36.56461959017231], [2.9094370709484396, 36.559912973537756], [2.899898391271225, 36.56135303637041], [2.896860244893007, 36.56524825549571], [2.8968250013153845, 36.569977786955725], [2.900385782380639, 36.57432022194654], [2.8959351334035, 36.57807513322993], [2.894158850643961, 36.58839712531972]]], [[[2.8442713291613115, 36.5126428584452], [2.8435299066678508, 36.517746338495826], [2.8572932106872035, 36.52331135586152], [2.85681239196702, 36.532031435886424], [2.8666551422375797, 36.530833998041466], [2.8746969370978133, 36.53357510638704], [2.8782329503418023, 36.53256934378558], [2.8768240884388177, 36.524213779130974], [2.8819126264985315, 36.51806924017824], [2.879778626783167, 36.513156285067744], [2.870632852461911, 36.51348899191741], [2.862295437571069, 36.50467032659664], [2.8564076450806977, 36.503791429638014], [2.85064735684477, 36.50394728302422], [2.8483234116526943, 36.510509267109605], [2.8442713291613115, 36.5126428584452]]], [[[2.7800000312089255, 36.68296609396819], [2.7883061857800233, 36.68460873331103], [2.7916109872530694, 36.68800770358116], [2.801915068824233, 36.68760042371425], [2.805259274617156, 36.693475006272294], [2.81680737437092, 36.70139033389916], [2.8248648624164883, 36.702804524046165], [2.827319373866355, 36.70617806517227], [2.820970056268046, 36.71115265389012], [2.8221299838369958, 36.71420180481143], [2.8326954779362965, 36.71268789403552], [2.851444673074591, 36.71859183872822], [2.8511999475075065, 36.72439654501007], [2.834752177846592, 36.724992822131085], [2.8331558705309634, 36.72775825537005], [2.8390182158178217, 36.7338454472173], [2.8439500944768787, 36.74534069727564], [2.852240837408313, 36.74464227860207], [2.849052192131225, 36.7339090777141], [2.8517736519799683, 36.72681992121754], [2.8602070220391944, 36.724090819795435], [2.864863261082361, 36.717077808581614], [2.8535271952647454, 36.713174383626836], [2.8512248734824412, 36.707359268893725], [2.8369770266752234, 36.70573747937866], [2.8420043686169696, 36.69818214400995], [2.8400134974604425, 36.693288091662254], [2.836690609763686, 36.69165608783271], [2.815123450370511, 36.693101624858244], [2.812603825341474, 36.686779182995025], [2.8042783061899836, 36.68696386394788], [2.799904825382189, 36.68180056809294], [2.8024586371419753, 36.67380976201843], [2.7979798409641314, 36.67118649474333], [2.798963744763416, 36.66387777314412], [2.796505535503043, 36.66254096026977], [2.793137648101473, 36.66268194024236], [2.7904416600240163, 36.66740873243593], [2.7850242362938444, 36.669911283311755], [2.78477150901167, 36.676505699705324], [2.7796747695528805, 36.67846908057126], [2.7800000312089255, 36.68296609396819]]], [[[2.7374547112622167, 36.64052628877874], [2.7392800774417654, 36.64998412591614], [2.748742140868842, 36.65746459892106], [2.761025236041189, 36.65527787100479], [2.771964517720577, 36.65677529290059], [2.781901353295938, 36.65008530537311], [2.7895757612392877, 36.652553637458006], [2.791129592522671, 36.648756414881746], [2.8016545104259625, 36.64416844089995], [2.8015194491040534, 36.640870437565255], [2.7954112430923677, 36.638502550022544], [2.789867637334721, 36.63072935258091], [2.783771274467801, 36.62923513259939], [2.7790525590417485, 36.63432535485462], [2.7725148851817036, 36.63062451469852], [2.7710039993611923, 36.627033861229634], [2.766372570853697, 36.630477981641384], [2.7555395383951375, 36.63062822181301], [2.7534311401780585, 36.63463006621804], [2.738804016531836, 36.636973828339976], [2.7374547112622167, 36.64052628877874]]]]}}]}