{"type": "FeatureCollection", "features": [{"type": "Feature", "properties": {"threshold": 70}, "geometry": {"type": "MultiPolygon", "coordinates": [[[[-43.13412811724407, -22.90517708411409], [-43.13103351778925, -22.89900416313146], [-43.123085480123336, -22.89245994986962], [-43.13129899799513, -22.88325345751136], [-43.126023412943155, -22.877438389670356], [-43.121159117508306, -22.87717950374665], [-43.120508458282075, -22.88292571933657], [-43.11442599346414, -22.88328075333583], [-43.11016623304952, -22.875778606220475], [-43.11941031616618, -22.87561813251853], [-43.120432783684194, -22.86974816303319], [-43.116643922998705, -22.866183636551632], [-43.10528627476319, -22.863823573220895], [-43.096332383792515, -22.849820642727476], [-43.09869079035542, -22.84463311708785], [-43.09538042920237, -22.83761862729899], [-43.0979146331002, -22.82908383494992], [-43.08409746945832, -22.819171617056583], [-43.07691225708081, -22.81769624099801], [-43.073258277124246, -22.811218856997385], [-43.06459278897094, -22.80866270980538], [-43.05891669863764, -22.799973871177276], [-43.050045827896554, -22.796509215370982], [-43.05034110423533, -22.81710533078351], [-43.03773937511954, -22.818930809495228], [-43.03664551566314, -22.838705008133513], [-43.04194964986506, -22.83826975643368], [-43.04621613248575, -22.83472736027567], [-43.05622183273678, -22.835863416809097], [-43.05826708685891, -22.841042395890295], [-43.05535936833501, -22.846113794811554], [-43.064886320911725, -22.847245410229235], [-43.06773376228656, -22.85049133504897], [-43.0718535234218, -22.850377594369405], [-43.07670908229857, -22.843946346190815], [-43.08361369395198, -22.84686383725806], [-43.07649448483325, -22.853407175374297], [-43.07565631698365, -22.85967622959187], [-43.07034947468753, -22.8599354047609], [-43.06788196107401, -22.857634807150525], [-43.06270042100741, -22.858917977672125], [-43.06353038342435, -22.86506366632838], [-43.07303477633783, -22.87640746063171], [-43.069552432380384, -22.88062295652376], [-43.06210730112719, -22.880527224842226], [-43.058918138310524, -22.883460911711733], [-43.060713440913254, -22.88967180719787], [-43.06531319043645, -22.891272816345168], [-43.06776315555091, -22.899074671124435], [-43.0496632373504, -22.89945239812428], [-43.04411113040133, -22.91312927629573], [-43.05077116806311, -22.919099577743612], [-43.05619673386588, -22.91340451807998], [-43.07127805798492, -22.91776847234894], [-43.07503862261531, -22.91374851237246], [-43.079103895363666, -22.913999315052752], [-43.090884635370074, -22.92265418220813], [-43.09334638683545, -22.928308522151298], [-43.0958375619238, -22.926840748705242], [-43.09481316068354, -22.91630965507495], [-43.08825198197883, -22.915837830850382], [-43.08478454149007, -22.911599343710737], [-43.085918780232134, -22.908778975038352], [-43.094270312068126, -22.909449645471167], [-43.09642972744148, -22.913610219986456], [-43.105483699633474, -22.915010499859637], [-43.11022083366337, -22.914101101644274], [-43.11722525124177, -22.905753134865975], [-43.13116532215095, -22.90977926092065], [-43.13441974586003, -22.90782321858455], [-43.13412811724407, -22.90517708411409]], [[-43.10930061253905, -22.891016307334496], [-43.106231332230905, -22.894465595307434], [-43.102457894011074, -22.890782516281927], [-43.10517180920648, -22.888561796251526], [-43.10930061253905, -22.891016307334496]]], [[[-43.040205428262546, -22.796198098601963], [-43.03003619519843, -22.794616684701335], [-43.02788439323021, -22.78866842675901], [-43.03459807592173, -22.78563167582492], [-43.03391974816796, -22.777906202854602], [-43.02360421502365, -22.77486236985156], [-43.0186172218482, -22.77786836613093], [-43.020989000353815, -22.782998639797906], [-43.018454761438825, -22.78995883119531], [-43.02284768173849, -22.800814020187765], [-43.02055561856214, -22.81244289339054], [-43.01437995890616, -22.812423450506632], [-43.00982357873819, -22.807112466495937], [-43.00109583514251, -22.808713450937493], [-42.989000056508225, -22.802317604178654], [-42.988698217567766, -22.798514315032666], [-42.99449626987044, -22.79353663387698], [-42.99125804707135, -22.787889979662975], [-42.979382638093654, -22.79118724115069], [-42.97888117564566, -22.79976930536236], [-42.97544322744319, -22.804149600449634], [-42.96511322597332, -22.803403648651848], [-42.96023378169068, -22.808538213375904], [-42.96123659236239, -22.81499683372922], [-42.974263109201495, -22.818864437472936], [-42.97357747474139, -22.825769450883875], [-42.97653070971198, -22.833497965841826], [-42.98454477001114, -22.831443894597054], [-42.982914120012786, -22.820618328566013], [-42.97595617119098, -22.8172496631887], [-42.980976344987454, -22.808246917530347], [-42.993361292698005, -22.814516386326865], [-42.99598222722212, -22.82244527719413], [-43.00321363484262, -22.826158413944082], [-43.002495338090604, -22.834980927883855], [-43.00846154601762, -22.837821260536565], [-43.008748966317114, -22.84108232088578], [-42.994359607566864, -22.839384512021034], [-42.987723124680016, -22.8486687358606], [-42.99511365504752, -22.855846941859507], [-42.99445446790649, -22.865064772923287], [-43.00092917609475, -22.86508815804823], [-43.00413550781506, -22.87101203858593], [-43.02069012987768, -22.865257201836698], [-43.02166695807798, -22.860069543372123], [-43.018865574587146, -22.85641628437839], [-43.00564995569778, -22.857165448422865], [-43.00305076877028, -22.85207037944033], [-43.00725405166303, -22.842563861186715], [-43.014808134443086, -22.846658068347573], [-43.019222182855536, -22.84633050378597], [-43.014048425090486, -22.834794288083508], [-43.023706333186695, -22.828264938617618], [-43.02455769342855, -22.820787813117448], [-43.02984758888704, -22.816479482509287], [-43.03080780582993, -22.812003823424725], [-43.042742303432895, -22.809521442466338], [-43.04383206785099, -22.80182638312559], [-43.040205428262546, -22.796198098601963]]], [[[-43.41835733465491, -22.87168682053486], [-43.408597717824506, -22.869405736447558], [-43.40386759881852, -22.876078774325762], [-43.402733989259026, -22.884021646325404], [-43.38831841735397, -22.887224419566092], [-43.380505087504254, -22.884205364400533], [-43.37553280632927, -22.875564079969482], [-43.37653552118201, -22.870413812729865], [-43.373222426293516, -22.864494130309136], [-43.37738620703995, -22.85935148799015], [-43.390551350210906, -22.85379364237495], [-43.3975363288562, -22.855691005061455], [-43.399795145587355, -22.851975921049203], [-43.39831256430969, -22.84866175993384], [-43.38691511853816, -22.8499261477033], [-43.382140338370036, -22.845665123758664], [-43.38256378852775, -22.84028255850835], [-43.38772168728115, -22.838817057113413], [-43.41142087334255, -22.84235215239298], [-43.41961836420933, -22.833267771398685], [-43.417714959552775, -22.827367497371313], [-43.41979136851977, -22.82110019454015], [-43.41767456738414, -22.818088787158068], [-43.408894210338424, -22.815817000375823], [-43.4031088670898, -22.80982230253958], [-43.38769718428085, -22.809771181469593], [-43.37385991688176, -22.80503433908832], [-43.37293049327316, -22.79903873224247], [-43.381978662404435, -22.80017221985814], [-43.384259135989815, -22.794568299329804], [-43.368825567345674, -22.777282036196798], [-43.376379463973436, -22.771099948281282], [-43.385439913737386, -22.771439940607532], [-43.387314968699954, -22.774716704768366], [-43.382056135189764, -22.778444291205588], [-43.3820574423939, -22.782545542286783], [-43.38635063534688, -22.784424964203833], [-43.392051950286564, -22.77948979054442], [-43.397893132422894, -22.781881484593868], [-43.40397486240438, -22.790439950609134], [-43.398801181458964, -22.801567262500523], [-43.404373968372994, -22.8061133968811], [-43.41131734329988, -22.80413147152812], [-43.41120891629365, -22.79765585469118], [-43.415026229496384, -22.79113462103186], [-43.41061648637354, -22.778867170391567], [-43.41658533293563, -22.77667410829279], [-43.41857690522602, -22.77322270539758], [-43.418775012860856, -22.761908860088308], [-43.410849424458085, -22.75573798362166], [-43.41016836772766, -22.751774525081085], [-43.40208131127791, -22.752427398449473], [-43.3966847879234, -22.758237984277265], [-43.39879008469545, -22.763852187323085], [-43.39244660910951, -22.76933057283594], [-43.38572023669215, -22.765510995889795], [-43.374092219068544, -22.76351117175592], [-43.37228853446007, -22.75989035453984], [-43.37871175077937, -22.754632386521628], [-43.377785832520324, -22.744897796533788], [-43.38042858673011, -22.740036673520006], [-43.385657203648286, -22.737439525701106], [-43.386970486634866, -22.731670481810585], [-43.395143053090976, -22.736517632891783], [-43.399191604930714, -22.745028788631874], [-43.410365882498986, -22.738679506419487], [-43.417151046580706, -22.73781675386476], [-43.4156926782524, -22.727510076493303], [-43.41194093382652, -22.724922280193045], [-43.41320423149007, -22.71469483359177], [-43.407485593611696, -22.712955426184582], [-43.40506010168849, -22.70874246832627], [-43.40015017938194, -22.709601985076574], [-43.39716806762525, -22.713390912809743], [-43.385034003556406, -22.709351177543535], [-43.38087744528018, -22.713761948672396], [-43.36588484030763, -22.718001305394615], [-43.35855819986216, -22.727752515350193], [-43.35577210136142, -22.725490200570455], [-43.357033635113005, -22.718442498364368], [-43.35468596197269, -22.715350081074625], [-43.35070942674296, -22.71538701866455], [-43.347819614394595, -22.71884783753563], [-43.33498800143784, -22.714337294289578], [-43.33103887188617, -22.717908803746067], [-43.32204669866742, -22.714999536665253], [-43.31704633362155, -22.719669565156956], [-43.30982250932516, -22.7188813045382], [-43.308401125098214, -22.722834991601484], [-43.31103506293896, -22.73198503335879], [-43.325254098296, -22.735354218700934], [-43.324947105057845, -22.741039503236138], [-43.31870203784896, -22.747933025289907], [-43.30819590158986, -22.745697301587832], [-43.29011594432006, -22.746295629932767], [-43.28403327114319, -22.75204227248772], [-43.2791460082521, -22.75037773721382], [-43.276311461601466, -22.746177383395274], [-43.26971099058257, -22.751376442929814], [-43.27046547630716, -22.761405123903707], [-43.27598607910816, -22.765845559721782], [-43.28167350826314, -22.7659329423187], [-43.283772646137955, -22.756481073207738], [-43.29360845591691, -22.75975291524402], [-43.29715710111169, -22.7538122016771], [-43.30427400120562, -22.75344521178304], [-43.32058093212174, -22.758457206663365], [-43.32861369943358, -22.757490309425148], [-43.33214003345662, -22.764496153623245], [-43.33050143891045, -22.770457765271388], [-43.32528485180688, -22.77283489413423], [-43.31995289191133, -22.767186119870093], [-43.31304898540215, -22.77054128984394], [-43.29992840951121, -22.766992870322703], [-43.29671737748499, -22.772304116768314], [-43.29683400468373, -22.77982156520192], [-43.293100299361235, -22.78165301659333], [-43.29005479524919, -22.77926168801697], [-43.28965505152122, -22.774254976235277], [-43.28495036040914, -22.772622770363792], [-43.28587803582189, -22.78971362156813], [-43.279472134563484, -22.794045228443345], [-43.2811688143647, -22.80071737491863], [-43.27581412224351, -22.805390814390556], [-43.28388834749344, -22.809290929543], [-43.28581029543359, -22.814487103241355], [-43.278587296780316, -22.82174517854974], [-43.273439529240925, -22.81655805779488], [-43.26883834154389, -22.81794974396485], [-43.270909825837585, -22.824280333491892], [-43.278519190619335, -22.82339570533625], [-43.278600693969686, -22.83111387600613], [-43.27151095031752, -22.83326378428093], [-43.26981369300386, -22.838484598666852], [-43.26423678786799, -22.84264780564905], [-43.256719812576826, -22.837672520631116], [-43.244794369937125, -22.84105125276525], [-43.23991574087615, -22.863926914709943], [-43.23334613276411, -22.868603722465384], [-43.2331688140729, -22.87584695176182], [-43.22556293799582, -22.88031737990382], [-43.22534354166254, -22.88512318777665], [-43.21936104809739, -22.890657193704172], [-43.220529310832134, -22.895759729045583], [-43.21492284274113, -22.900957998154183], [-43.214805949773236, -22.90954324123734], [-43.21105193908128, -22.909219205329865], [-43.1999174113647, -22.893244894967694], [-43.18098871365575, -22.89483908142791], [-43.18091210475629, -22.900582815404597], [-43.186496597325714, -22.901260204914443], [-43.19081688370448, -22.905517384230208], [-43.184420955834725, -22.90737604622368], [-43.17288024552243, -22.917087026920314], [-43.17258433319887, -22.92292924283671], [-43.1692960875469, -22.92517810541278], [-43.17178250241283, -22.929379090359145], [-43.170799410225115, -22.940375202834744], [-43.17711013705479, -22.947066089982066], [-43.16371786936455, -22.963450945717398], [-43.18481001870077, -22.97388401169617], [-43.188158962569204, -22.978465962921128], [-43.18640824921828, -22.98642122338987], [-43.188607670977774, -22.98867873389533], [-43.225380179243245, -22.988646255938157], [-43.23234175238768, -22.990896809743152], [-43.233459853778385, -22.99528373288532], [-43.23980492285454, -22.998771817741464], [-43.24651501363354, -22.997956574417593], [-43.24961079863254, -22.992935141076984], [-43.255944572549325, -22.999715172928678], [-43.27450238755904, -23.002290972956356], [-43.275887548234195, -22.99897684491794], [-43.27226178828175, -22.993811973517104], [-43.25817662224676, -22.99315534441316], [-43.25613571111817, -22.985726976558453], [-43.2454728982833, -22.982799347332804], [-43.24341731403521, -22.978469059614504], [-43.238333958169946, -22.978886627666004], [-43.23641390511663, -22.975109105848667], [-43.219687438809565, -22.975668064493615], [-43.20821259852346, -22.979426320706594], [-43.194642374123454, -22.97170691743748], [-43.19359470230097, -22.96878758501538], [-43.19600027659004, -22.966306484120587], [-43.203980641212254, -22.967527922419595], [-43.207067871315296, -22.963695835148755], [-43.21233680590791, -22.964013304590402], [-43.21659414976993, -22.968497939781354], [-43.22849480724441, -22.964906018821626], [-43.22805992101856, -22.96078116654341], [-43.213078530515595, -22.959669511249047], [-43.20177493229802, -22.953220115650396], [-43.19944215381458, -22.947440960087594], [-43.20396419961418, -22.9449324716722], [-43.20494524756483, -22.93571953567743], [-43.211730688401815, -22.92947107586617], [-43.21694518272852, -22.932124264318094], [-43.222429763153876, -22.929139227278768], [-43.239960057017065, -22.937706901122887], [-43.24121191650628, -22.944161533428503], [-43.248284034433816, -22.941581619033318], [-43.25314435962968, -22.94587503058667], [-43.25837716426123, -22.946428307233155], [-43.259659844349855, -22.950496584025604], [-43.263112515067874, -22.95157941948349], [-43.26545328335744, -22.944222790335413], [-43.262335767216896, -22.941160936803982], [-43.25810108639211, -22.942069303805248], [-43.2570970250818, -22.938948666637934], [-43.263792241795294, -22.937760117444252], [-43.26320928110002, -22.932760349968945], [-43.269071873085174, -22.928257874085013], [-43.266720021087544, -22.923173269234535], [-43.27107725422883, -22.916654171999006], [-43.28452607191073, -22.920209042004736], [-43.29194818316178, -22.915926706444758], [-43.301095562626635, -22.91877537443171], [-43.30506810276716, -22.909626449687742], [-43.318728342399744, -22.90684612706252], [-43.320800001235554, -22.89892145278883], [-43.327710016483984, -22.90009620016267], [-43.33156697412622, -22.896024790466615], [-43.33702758938115, -22.895882342088935], [-43.340140610341734, -22.8981685586461], [-43.34222239885218, -22.90715035118218], [-43.34895068244643, -22.90745502350161], [-43.351268825901734, -22.910422279800304], [-43.34369607303376, -22.91414565017007], [-43.34464100836237, -22.918217043575524], [-43.34011971555005, -22.922159592461178], [-43.339444730243216, -22.932028104431094], [-43.32769277585181, -22.931020146925988], [-43.32455914498626, -22.937813171738494], [-43.32782014102412, -22.94627221477893], [-43.32690090861582, -22.95569406918708], [-43.333922443211016, -22.96331652144636], [-43.33107078583389, -22.969049663031083], [-43.32675066561992, -22.97018832109157], [-43.32764528895816, -22.977325989730755], [-43.342360963918566, -22.98396270808794], [-43.343607605750485, -22.977483041340694], [-43.33854651186327, -22.97412228243583], [-43.336920622956235, -22.965550242842863], [-43.334177534181286, -22.96327406999663], [-43.336265765138265, -22.958886294911032], [-43.344788796217586, -22.96014801570289], [-43.34730234093534, -22.968704381717085], [-43.34991220526432, -22.96992381979376], [-43.357390617134065, -22.964854954445546], [-43.35843363334943, -22.955206574894863], [-43.36553616392156, -22.95583142954745], [-43.37098202027591, -22.952243376442024], [-43.37852287567504, -22.95827821904463], [-43.3903589010762, -22.962227337027464], [-43.388454099642956, -22.973320082035748], [-43.399575648203644, -22.972760790255755], [-43.39590462000511, -22.967869316101247], [-43.398515696206665, -22.962589886375397], [-43.395334841587136, -22.940992291909264], [-43.39018592791609, -22.935926966648697], [-43.394845248058346, -22.929621000934794], [-43.40127568465249, -22.929051952379833], [-43.40199705904805, -22.922004882323627], [-43.40989619049643, -22.922020665652802], [-43.41097978766174, -22.913321281015634], [-43.405271318995204, -22.910420126001597], [-43.39740286362732, -22.911260512706797], [-43.39411974883019, -22.907923806429967], [-43.3824124429677, -22.910125381579444], [-43.379878167326275, -22.90546277417841], [-43.371156992788165, -22.905104164324623], [-43.36866299054184, -22.89216842307886], [-43.37593555892614, -22.889542302204948], [-43.3832839054408, -22.89276269770164], [-43.38947726265778, -22.888587568749177], [-43.398591363977914, -22.89766292674389], [-43.40100171467984, -22.894695434972846], [-43.40049107886093, -22.88859655598538], [-43.40345933316355, -22.886455589410065], [-43.417538626984545, -22.897017023864947], [-43.41897520698607, -22.890613390374128], [-43.414478013028, -22.881868229648692], [-43.4191153773835, -22.876761403886096], [-43.41835733465491, -22.87168682053486]], [[-43.226916502818604, -22.895286805198122], [-43.22501754108065, -22.898143428015807], [-43.221808685521786, -22.896329959440468], [-43.22383431248181, -22.89349823211456], [-43.226916502818604, -22.895286805198122]], [[-43.22468194503946, -22.90927713283432], [-43.22230337779419, -22.906101682805666], [-43.226723239651264, -22.904250323447624], [-43.22822823989487, -22.907852163521735], [-43.22468194503946, -22.90927713283432]], [[-43.23212810116573, -22.915686794337145], [-43.229271174550334, -22.91167483136667], [-43.23446373778466, -22.910346611823204], [-43.2360008978631, -22.914121925119836], [-43.23212810116573, -22.915686794337145]], [[-43.23984665619043, -22.883449676407174], [-43.23837664803607, -22.885926216424078], [-43.235055385175826, -22.885492981731826], [-43.23257242753188, -22.88031327390777], [-43.23791625832699, -22.87961981557926], [-43.23984665619043, -22.883449676407174]], [[-43.23578195204598, -22.98734046941863], [-43.23956492116635, -22.987037949631787], [-43.24020757654939, -22.991275003356296], [-43.235514918062734, -22.991066900722032], [-43.23578195204598, -22.98734046941863]], [[-43.25123947289224, -22.875060251423726], [-43.24863945111922, -22.8785325658308], [-43.24470289349252, -22.87711988728279], [-43.24779884665884, -22.870094368062365], [-43.25151155610495, -22.87108748136984], [-43.25123947289224, -22.875060251423726]], [[-43.299902377753995, -22.857893281201758], [-43.29793756644761, -22.860290138587843], [-43.288693091881605, -22.860114931144256], [-43.28518684164501, -22.85484700703609], [-43.29373483305693, -22.851144706344652], [-43.299902377753995, -22.857893281201758]], [[-43.29972874012489, -22.803240384280247], [-43.29739886835605, -22.810094243610344], [-43.29055956833043, -22.811360358108384], [-43.29036518965097, -22.80488612191401], [-43.293665020200216, -22.79914911016547], [-43.30147124356406, -22.7981457132397], [-43.29972874012489, -22.803240384280247]], [[-43.3064465831527, -22.88922692677956], [-43.303478195163805, -22.896350947909607], [-43.29212804185474, -22.897964000941023], [-43.29220356078627, -22.893673345782467], [-43.29665680819298, -22.892433055605586], [-43.30132676500977, -22.88606089955656], [-43.30567292480139, -22.886027823512986], [-43.3064465831527, -22.88922692677956]], [[-43.319059794139186, -22.832320333024928], [-43.31586852913239, -22.84278405348818], [-43.31127031987223, -22.843465532670976], [-43.307168503401314, -22.834481066589305], [-43.31489870974496, -22.83033204760457], [-43.319059794139186, -22.832320333024928]], [[-43.320973639237856, -22.774975777732482], [-43.324588990203544, -22.776034408296773], [-43.3266830306078, -22.786294120537455], [-43.32023030770911, -22.79038862860389], [-43.31222797420994, -22.78082660633434], [-43.31199991848163, -22.776289145875996], [-43.314261457601106, -22.77395976564824], [-43.320973639237856, -22.774975777732482]], [[-43.3294300735037, -22.814717177362937], [-43.3319459091357, -22.816313964426783], [-43.33106514089049, -22.819790023818666], [-43.323721934925544, -22.819454333116926], [-43.32454133396621, -22.815505630914668], [-43.3294300735037, -22.814717177362937]], [[-43.36689725558421, -22.750163030542993], [-43.36717410412556, -22.756811842330777], [-43.364995373157406, -22.758788362519255], [-43.32952863363288, -22.75513633304626], [-43.328271421525585, -22.752416276198296], [-43.33054262873798, -22.744017463915622], [-43.334557247305355, -22.741451216273884], [-43.33464920164474, -22.735533594698932], [-43.32610054487869, -22.733448635930287], [-43.32565224901302, -22.728871330882438], [-43.33220073402705, -22.72572214076852], [-43.34196866833145, -22.733294919690152], [-43.34753617906311, -22.73423937687519], [-43.358053085674115, -22.73036351869726], [-43.36045905868149, -22.738884105426887], [-43.362659983048246, -22.74071544596974], [-43.368986783341704, -22.739783244939414], [-43.37174330185214, -22.743359471254912], [-43.37074700754627, -22.748450000954595], [-43.36689725558421, -22.750163030542993]], [[-43.356834535806954, -22.80718874496227], [-43.35546597454073, -22.812676419665586], [-43.35065218808789, -22.814869275988194], [-43.34245013546374, -22.810919143715765], [-43.33495938790769, -22.813397701337202], [-43.33209295604455, -22.810721899827072], [-43.33685978322948, -22.80331030000156], [-43.354088851798295, -22.803953082567272], [-43.356834535806954, -22.80718874496227]], [[-43.33969921367651, -22.83324585866294], [-43.334378314598425, -22.832023142440207], [-43.33543826208266, -22.827617714798752], [-43.341013396416926, -22.829244481219806], [-43.33969921367651, -22.83324585866294]], [[-43.35318903359372, -22.800731154764005], [-43.34506629962479, -22.799317616473534], [-43.344462264502525, -22.793585823677383], [-43.347863515505836, -22.792709747127123], [-43.35117396362119, -22.796842487496953], [-43.356999620661846, -22.795547227063278], [-43.357317656856225, -22.799855685262035], [-43.35318903359372, -22.800731154764005]], [[-43.35307293518163, -22.85632058010998], [-43.35023956584781, -22.86263846461963], [-43.34597583706553, -22.862880101117412], [-43.34670608754071, -22.854771088440703], [-43.35136523575032, -22.85228467015761], [-43.35307293518163, -22.85632058010998]], [[-43.36028779329274, -22.83258083063022], [-43.35649154703761, -22.831058680926752], [-43.357649859029905, -22.827936061707817], [-43.362290807249344, -22.82886235703685], [-43.36028779329274, -22.83258083063022]], [[-43.40950404145308, -22.774641870156177], [-43.405446620609155, -22.775199477021825], [-43.40426070467017, -22.771501065900427], [-43.40933986218825, -22.770872857214066], [-43.40950404145308, -22.774641870156177]]], [[[-43.21437678939235, -22.806246841616076], [-43.21064027449191, -22.791349477851064], [-43.19255635538777, -22.79380063657475], [-43.18660469421988, -22.78469519494869], [-43.17356440937122, -22.784557751688734], [-43.16693804707676, -22.787325466400283], [-43.16692241642475, -22.79116153224582], [-43.177110958277346, -22.803607293686582], [-43.175749761520855, -22.814895025325747], [-43.17071869725367, -22.819940183731777], [-43.17284726869508, -22.82638201921388], [-43.181271600390915, -22.824863740133726], [-43.18375110755502, -22.821458087068635], [-43.19082554547906, -22.822514260811865], [-43.19370537108836, -22.819003282519777], [-43.19486784868126, -22.809582512589543], [-43.2136457437635, -22.81028225797087], [-43.21437678939235, -22.806246841616076]]]]}}, {"type": "Feature", "properties": {"threshold": 80}, "geometry": {"type": "MultiPolygon", "coordinates": [[[[-42.9530751978395, -22.92685329088459], [-42.95339379344937, -22.917720479047098], [-42.950782068782836, -22.912658368433412], [-42.93896930819451, -22.908526620048608], [-42.93925694990326, -22.90317904042585], [-42.94326723158963, -22.89826591466806], [-42.932489251187, -22.89571518515821], [-42.930282917219415, -22.88838045805919], [-42.92427281724883, -22.890002393647354], [-42.92141535821356, -22.89568982950411], [-42.930221283778536, -22.90111131699766], [-42.91857425137188, -22.908569855562902], [-42.91870472352515, -22.91159725791753], [-42.924651864229766, -22.915176197957727], [-42.92182886502201, -22.930615556124245], [-42.9245032165372, -22.931669355018087], [-42.93412414931375, -22.926186992041558], [-42.939338236333114, -22.920453277616744], [-42.946108543281326, -22.921818729614344], [-42.94685855666684, -22.929554907999425], [-42.95192798434484, -22.92962040971917], [-42.9530751978395, -22.92685329088459]]], [[[-43.13412811724407, -22.90517708411409], [-43.12608945024888, -22.892750284505663], [-43.12755714738832, -22.887073927937642], [-43.13139620287198, -22.885427667386153], [-43.12881488305922, -22.87768865737695], [-43.120450453147114, -22.87688168809086], [-43.11778320161958, -22.881163712850274], [-43.11188425583069, -22.87981601203553], [-43.11268061528556, -22.87515568313814], [-43.119584418967875, -22.876000394015655], [-43.12046749271035, -22.86981847327995], [-43.116643922998705, -22.866183636551632], [-43.10867914818691, -22.864752880859847], [-43.106061177118306, -22.85685868129433], [-43.10016632770057, -22.855152720974168], [-43.09718548884309, -22.849830845267814], [-43.09871492546686, -22.842897362876624], [-43.09567979634939, -22.8374737905097], [-43.0979146331002, -22.82908383494992], [-43.09172957206505, -22.822426382183163], [-43.07691225708081, -22.81769624099801], [-43.0751179323315, -22.812203443601618], [-43.070666801857406, -22.80876908735464], [-43.06419385235695, -22.80838082763342], [-43.05646427483599, -22.796832793712912], [-43.049958130669275, -22.793729050944787], [-43.0482058033574, -22.781764396618104], [-43.0458076435994, -22.779862547653355], [-43.04196336704243, -22.78153261112019], [-43.039791420147246, -22.790297546299122], [-43.04171582567241, -22.794248376920326], [-43.04982365596204, -22.795369075504176], [-43.05136762468757, -22.81209618817847], [-43.04901651448244, -22.818506723619333], [-43.03773937511954, -22.818930809495228], [-43.03660358776877, -22.838638169942012], [-43.04194964986506, -22.83826975643368], [-43.04621613248575, -22.83472736027567], [-43.05457609807559, -22.83629564037141], [-43.05688687602829, -22.84122660553314], [-43.05535936833501, -22.846113794811554], [-43.057612715401426, -22.848007137808132], [-43.064886320911725, -22.847245410229235], [-43.06773376228656, -22.85049133504897], [-43.0718535234218, -22.850377594369405], [-43.07670908229857, -22.843946346190815], [-43.0827651108017, -22.846662695647737], [-43.07649448483325, -22.853407175374297], [-43.075255089154176, -22.85891946532239], [-43.06191307073222, -22.858765686833816], [-43.069460069388086, -22.873418483340263], [-43.064388448613606, -22.875216428171136], [-43.059881063317896, -22.881673412693612], [-43.05900064599894, -22.890059013541382], [-43.05291941774685, -22.891077560657838], [-43.04325765642787, -22.913118761945565], [-43.05077116806311, -22.919099577743612], [-43.053873538344725, -22.918904001957202], [-43.05624522305051, -22.91367995963981], [-43.07127805798492, -22.91776847234894], [-43.07978543470165, -22.91440671594053], [-43.09105097596721, -22.92282868390013], [-43.09181121150911, -22.928063091032122], [-43.09673866565912, -22.929930801010215], [-43.09614600745581, -22.916080395106146], [-43.11092358039668, -22.914986065298756], [-43.11722525124177, -22.905753134865975], [-43.13116532215095, -22.90977926092065], [-43.13441974586003, -22.90782321858455], [-43.13412811724407, -22.90517708411409]], [[-43.06303881335829, -22.8994831766847], [-43.060891812800804, -22.89664612197308], [-43.064039663200184, -22.894253383641484], [-43.067223119475734, -22.89794754865811], [-43.06303881335829, -22.8994831766847]]], [[[-43.040205428262546, -22.796198098601963], [-43.02988933331417, -22.794427876798764], [-43.02788439323021, -22.78866842675901], [-43.03459807592173, -22.78563167582492], [-43.033950262065105, -22.777190808546123], [-43.02532079787649, -22.774092852661433], [-43.0186172218482, -22.77786836613093], [-43.020989000353815, -22.782998639797906], [-43.018454761438825, -22.78995883119531], [-43.02284768173849, -22.800814020187765], [-43.02055561856214, -22.81244289339054], [-43.01437995890616, -22.812423450506632], [-43.00982357873819, -22.807112466495937], [-43.00109583514251, -22.808713450937493], [-42.989398805979356, -22.802599662468115], [-42.98858305405842, -22.798711769689945], [-42.994461560691434, -22.793687684706182], [-42.99361176166674, -22.789123062915166], [-42.98930353310637, -22.787876693620955], [-42.984927909697305, -22.790286935032285], [-42.98016470598611, -22.786952449294564], [-42.977530641296525, -22.789137621129544], [-42.97896154361255, -22.7993103126758], [-42.97581943511011, -22.8038420742264], [-42.966751562094345, -22.80265985510265], [-42.95915554553915, -22.810691580293934], [-42.9524878862375, -22.813183345667042], [-42.95240793129137, -22.818529801848925], [-42.95555507936705, -22.82062294697818], [-42.95960612498144, -22.820557245113417], [-42.962967022281404, -22.81603700055627], [-42.97379474861227, -22.818320339052413], [-42.97660885033326, -22.833525007216533], [-42.9845581338793, -22.831367580157877], [-42.982914120012786, -22.820618328566013], [-42.97595617119098, -22.8172496631887], [-42.980976344987454, -22.808246917530347], [-42.993361292698005, -22.814516386326865], [-42.99598222722212, -22.82244527719413], [-43.00321363484262, -22.826158413944082], [-43.002495338090604, -22.834980927883855], [-43.00846154601762, -22.837821260536565], [-43.008748966317114, -22.84108232088578], [-42.994359607566864, -22.839384512021034], [-42.9868700827756, -22.848657946938193], [-42.99409252269925, -22.8559612860163], [-42.99018172077744, -22.862572261421402], [-43.00043840874988, -22.86903365615218], [-43.00321294419483, -22.875744995722066], [-43.01087197621531, -22.873395911846483], [-43.01391834982681, -22.869450935610512], [-43.02231631582191, -22.870812773410535], [-43.02166695807798, -22.860069543372123], [-43.01892662983888, -22.856468970276318], [-43.01485610257641, -22.854609733094946], [-43.00564995569778, -22.857165448422865], [-43.002991979947346, -22.85229668265318], [-43.00703251100372, -22.842663267015755], [-43.01840368725735, -22.84673966401922], [-43.02183851051517, -22.84240921710762], [-43.01740558701546, -22.83267244947477], [-43.02375016704188, -22.82819916175221], [-43.02455769342855, -22.820787813117448], [-43.02984758888704, -22.816479482509287], [-43.03080780582993, -22.812003823424725], [-43.04278612170716, -22.80945565935128], [-43.04383206785099, -22.80182638312559], [-43.040205428262546, -22.796198098601963]]], [[[-43.08480294231904, -22.952827530016688], [-43.075076161002, -22.951027111359174], [-43.06924313096491, -22.95275202448364], [-43.06339166918469, -22.948400372505237], [-43.06713096225933, -22.94256392482764], [-43.07512015175902, -22.938676782206326], [-43.072259003375706, -22.92733252348478], [-43.063777821159675, -22.927302101692693], [-43.0589967964564, -22.935754226507687], [-43.0495210224157, -22.936439556536055], [-43.042770687352956, -22.932444158774757], [-43.036011976788956, -22.935403211221338], [-43.01768834987694, -22.930342862724725], [-43.016324459581426, -22.92535200693715], [-43.009484595341625, -22.91882095201665], [-43.00467989502995, -22.919016251170458], [-43.00374794331273, -22.926794229373836], [-43.009468610509835, -22.928582756537626], [-43.01197045717581, -22.932611340414052], [-43.00948269952628, -22.93669740977792], [-43.010491145636244, -22.942879680093892], [-43.01471658342717, -22.9455017209891], [-43.0190477273669, -22.942985174290765], [-43.0199848602088, -22.938096595413697], [-43.02575037255208, -22.93918170097749], [-43.0219147139275, -22.944265062811684], [-43.02122625930569, -22.95107791257104], [-43.02422775660436, -22.95666502052884], [-43.035283239957955, -22.95593882139941], [-43.03797882876394, -22.948096618119784], [-43.0446804251341, -22.94433921087314], [-43.07218554806978, -22.958090950666314], [-43.08123772499436, -22.9565743647956], [-43.08480294231904, -22.952827530016688]]], [[[-43.41906567838568, -22.966695036351716], [-43.41087241392756, -22.964709501317508], [-43.40894808834438, -22.961072931429783], [-43.39863378247452, -22.962212187693567], [-43.39585575005863, -22.954472755265456], [-43.397193387718694, -22.93425798998406], [-43.403086008309195, -22.93124444383537], [-43.402057805545375, -22.923409772415127], [-43.40970942123118, -22.922174093758983], [-43.41428055218299, -22.916381543417696], [-43.40621493688894, -22.9096575119755], [-43.397553985690124, -22.910503683270875], [-43.383987072202295, -22.90545978329445], [-43.37162776845812, -22.905265681766217], [-43.369718450189026, -22.9030610222869], [-43.37043395791304, -22.89323184512342], [-43.37564997910907, -22.89034263282323], [-43.38320121855669, -22.89277320339836], [-43.38996282194094, -22.888705501426546], [-43.39764584214201, -22.898455616357225], [-43.405721244768976, -22.887856848975325], [-43.415887981923966, -22.896927756865452], [-43.418916656177615, -22.895665561245018], [-43.41447530877318, -22.88210104264389], [-43.41913652194199, -22.876686599059113], [-43.417070540712686, -22.870281166518403], [-43.40767231376987, -22.869436231575452], [-43.4020394687985, -22.88217996237194], [-43.38802212469068, -22.88701389416097], [-43.380505087504254, -22.884205364400533], [-43.37543921839267, -22.875348010564625], [-43.37653552118201, -22.870413812729865], [-43.373222426293516, -22.864494130309136], [-43.37738620703995, -22.85935148799015], [-43.385130612236814, -22.85631787411838], [-43.39409533790429, -22.858028947799102], [-43.399795145587355, -22.851975921049203], [-43.398230170953774, -22.84864958382657], [-43.38774691092226, -22.850434089301263], [-43.38383975400161, -22.847106264813625], [-43.383319852338246, -22.84005614131386], [-43.39115596494451, -22.83909416275008], [-43.41142087334255, -22.84235215239298], [-43.41961836420933, -22.833267771398685], [-43.417714959552775, -22.827367497371313], [-43.41979136851977, -22.82110019454015], [-43.41767456738414, -22.818088787158068], [-43.408894210338424, -22.815817000375823], [-43.4031088670898, -22.80982230253958], [-43.38769718428085, -22.809771181469593], [-43.37385991688176, -22.80503433908832], [-43.37293049327316, -22.79903873224247], [-43.381978662404435, -22.80017221985814], [-43.384259135989815, -22.794568299329804], [-43.368825567345674, -22.777282036196798], [-43.376379463973436, -22.771099948281282], [-43.385439913737386, -22.771439940607532], [-43.387314968699954, -22.774716704768366], [-43.382056135189764, -22.778444291205588], [-43.3820574423939, -22.782545542286783], [-43.38635063534688, -22.784424964203833], [-43.392051950286564, -22.77948979054442], [-43.397893132422894, -22.781881484593868], [-43.40397486240438, -22.790439950609134], [-43.398801181458964, -22.801567262500523], [-43.404373968372994, -22.8061133968811], [-43.41131734329988, -22.80413147152812], [-43.41120891629365, -22.79765585469118], [-43.415026229496384, -22.79113462103186], [-43.41061648637354, -22.778867170391567], [-43.41658533293563, -22.77667410829279], [-43.41857690522602, -22.77322270539758], [-43.418634453628904, -22.76141141524588], [-43.410849424458085, -22.75573798362166], [-43.410051869237336, -22.751664130804237], [-43.4058666211651, -22.750686574848046], [-43.39679382645776, -22.75803002754417], [-43.398450535278165, -22.76323821916075], [-43.39169868719897, -22.769391285109712], [-43.379375946348304, -22.764077958894223], [-43.37682016672789, -22.757678138447503], [-43.378035827351525, -22.74548092888598], [-43.380497248198836, -22.74085246673132], [-43.38564791670136, -22.738230317605424], [-43.387090586846476, -22.73230667496817], [-43.395143053090976, -22.736517632891783], [-43.399191604930714, -22.745028788631874], [-43.410365882498986, -22.738679506419487], [-43.417151046580706, -22.73781675386476], [-43.41823195909973, -22.729117018440846], [-43.41194093382652, -22.724922280193045], [-43.414115330985666, -22.716421904612023], [-43.407485593611696, -22.712955426184582], [-43.405140730949675, -22.70876206292635], [-43.39670892766285, -22.710965149868137], [-43.38450065754134, -22.708518109173603], [-43.38108716372654, -22.71365451753625], [-43.366024296346865, -22.71791690690358], [-43.3598763713339, -22.72355867872764], [-43.35460365283878, -22.71533788704286], [-43.34830679516656, -22.715303100765382], [-43.34392959055955, -22.7181110987858], [-43.33484190211183, -22.714342428729445], [-43.33054217427473, -22.717971864190655], [-43.32204669866742, -22.714999536665253], [-43.31704633362155, -22.719669565156956], [-43.30982250932516, -22.7188813045382], [-43.30752925157415, -22.724407492938216], [-43.31103506293896, -22.73198503335879], [-43.325254098296, -22.735354218700934], [-43.324947105057845, -22.741039503236138], [-43.31870203784896, -22.747933025289907], [-43.30804993344979, -22.74568909962564], [-43.28670573860176, -22.74625908497846], [-43.28317964080272, -22.751060503574156], [-43.28050531265577, -22.74636752448415], [-43.276311461601466, -22.746177383395274], [-43.269720950693134, -22.750585699269276], [-43.27046547630716, -22.761405123903707], [-43.27598607910816, -22.765845559721782], [-43.28167350826314, -22.7659329423187], [-43.28434778647045, -22.75756309226027], [-43.29360845591691, -22.75975291524402], [-43.29715710111169, -22.7538122016771], [-43.30427400120562, -22.75344521178304], [-43.33014744638286, -22.761260361536472], [-43.332161514240624, -22.764728931053487], [-43.33055616030786, -22.76994732196856], [-43.32536950252364, -22.772236343986677], [-43.31995289191133, -22.767186119870093], [-43.31304898540215, -22.77054128984394], [-43.29992840951121, -22.766992870322703], [-43.29671737748499, -22.772304116768314], [-43.29683400468373, -22.77982156520192], [-43.293100299361235, -22.78165301659333], [-43.29005479524919, -22.77926168801697], [-43.28965505152122, -22.774254976235277], [-43.28495036040914, -22.772622770363792], [-43.28486289524353, -22.79023395790131], [-43.279472134563484, -22.794045228443345], [-43.28031592816571, -22.800708177029193], [-43.275832558590466, -22.80392580206885], [-43.27780546884646, -22.8076614057076], [-43.283623074856756, -22.810005040698606], [-43.28245980563837, -22.818256394836826], [-43.277620593318765, -22.82133664919546], [-43.274292511008056, -22.81656729851954], [-43.26883834154389, -22.81794974396485], [-43.26976400224563, -22.823219887264464], [-43.27808657151738, -22.826518324599547], [-43.278600693969686, -22.83111387600613], [-43.27151095031752, -22.83326378428093], [-43.26981369300386, -22.838484598666852], [-43.26398976547579, -22.842711542618943], [-43.259361501042726, -22.837712768988272], [-43.245718264960814, -22.83941765278007], [-43.239001687379755, -22.86499532281762], [-43.232469558203505, -22.867078649795555], [-43.23245073082843, -22.87652132593207], [-43.221286853005736, -22.877168404704424], [-43.22282198037221, -22.884661099450962], [-43.216764200806956, -22.89069798028712], [-43.21303818819294, -22.90393981297706], [-43.206139844300324, -22.902894770388286], [-43.199860052680556, -22.891636558865898], [-43.188353206092344, -22.891487014750247], [-43.180135286806475, -22.894829309642514], [-43.179943546534524, -22.899582576862798], [-43.184466460225295, -22.906271117697095], [-43.18166640719582, -22.90917207642433], [-43.17482423629756, -22.90900296601947], [-43.17259494057709, -22.922138558086765], [-43.169297710772874, -22.924522790152118], [-43.17133743553725, -22.92999401741192], [-43.17000809078258, -22.938145159696116], [-43.1770573498439, -22.947288288850604], [-43.16483894163324, -22.953172915537657], [-43.16657349769439, -22.957948814821858], [-43.16286402048668, -22.96344105323541], [-43.18481001870077, -22.97388401169617], [-43.18874957982338, -22.98169086874302], [-43.185574199134436, -22.98735397375579], [-43.19029463265585, -22.990279628373308], [-43.199501445360596, -22.988085005478894], [-43.225380179243245, -22.988646255938157], [-43.23980492285454, -22.998771817741464], [-43.24651501363354, -22.997956574417593], [-43.24961079863254, -22.992935141076984], [-43.255944572549325, -22.999715172928678], [-43.275356532512724, -23.002300278882586], [-43.275860337229766, -22.99890374134304], [-43.27142783452933, -22.992221213384813], [-43.26343840551753, -22.994077763441524], [-43.25714054038663, -22.990397215369796], [-43.25630121224447, -22.985900133670317], [-43.25190626619634, -22.98251706268762], [-43.24495364051775, -22.982037952840418], [-43.23642416839201, -22.974318398624618], [-43.217979535473305, -22.975648868580457], [-43.20821259852346, -22.979426320706594], [-43.196326884470444, -22.973168226950694], [-43.19543220628962, -22.966723403561705], [-43.203980641212254, -22.967527922419595], [-43.20732916183045, -22.963661142018257], [-43.21170385090802, -22.964137453640085], [-43.216437579663754, -22.96928033889697], [-43.225735295058826, -22.966643291672586], [-43.22924628916362, -22.9694239470896], [-43.238721781685705, -22.968108251388443], [-43.23762404614493, -22.9641699339509], [-43.230131514214776, -22.96372415344893], [-43.22807022540914, -22.959990461324633], [-43.213078530515595, -22.959669511249047], [-43.202047036206636, -22.9534504986322], [-43.20061623294049, -22.947112591425682], [-43.209160733912604, -22.94397609964191], [-43.20494524757637, -22.935719535655526], [-43.21167285453481, -22.929920269483613], [-43.217081157543944, -22.932909956057777], [-43.222429763153876, -22.929139227278768], [-43.239960057017065, -22.937706901122887], [-43.24121191650628, -22.944161533428503], [-43.248284034433816, -22.941581619033318], [-43.25314435962968, -22.94587503058667], [-43.25837716426123, -22.946428307233155], [-43.259659844349855, -22.950496584025604], [-43.263112515067874, -22.95157941948349], [-43.26545328335744, -22.944222790335413], [-43.262335767216896, -22.941160936803982], [-43.25810108639211, -22.942069303805248], [-43.2570970250818, -22.938948666637934], [-43.263792241795294, -22.937760117444252], [-43.26320928110002, -22.932760349968945], [-43.269071873085174, -22.928257874085013], [-43.266720021087544, -22.923173269234535], [-43.27107725422883, -22.916654171999006], [-43.28452607191073, -22.920209042004736], [-43.29194818316178, -22.915926706444758], [-43.301095562626635, -22.91877537443171], [-43.305278657537485, -22.909499342830724], [-43.317845504565454, -22.90920933456979], [-43.320800001235554, -22.89892145278883], [-43.327710016483984, -22.90009620016267], [-43.331572890819125, -22.896343784192066], [-43.33702758938115, -22.895882342088935], [-43.34480283825865, -22.909899913191317], [-43.33931231918824, -22.916690167990147], [-43.33960710594863, -22.931849766210398], [-43.32777169314195, -22.930994926782923], [-43.323703650289254, -22.936297447993116], [-43.327676989385935, -22.96202905077739], [-43.331953747602675, -22.96547575743633], [-43.330742352034456, -22.968619997494052], [-43.325002238405894, -22.969526827961655], [-43.328544946304206, -22.97818362661879], [-43.33643730084283, -22.983973439275854], [-43.34242860220312, -22.983917350385592], [-43.343634850616716, -22.977556135470525], [-43.33843046615469, -22.973915184119363], [-43.335631934822075, -22.96185055379853], [-43.34219856402888, -22.959888474279765], [-43.34999343254298, -22.969905875738444], [-43.35738106232038, -22.965645712577878], [-43.357649908602156, -22.95645500653254], [-43.36029911902861, -22.9543037492708], [-43.36537222005259, -22.955859876291985], [-43.37173103081696, -22.953094232035646], [-43.37852287567504, -22.95827821904463], [-43.388940947692646, -22.96167662558252], [-43.38949254776923, -22.96706340833858], [-43.38307823469712, -22.96862464035134], [-43.387891177899306, -22.973459294657182], [-43.39863338520067, -22.973568193027994], [-43.401044109676995, -22.968415394345243], [-43.405927392211595, -22.96852208578043], [-43.40707677904917, -22.973336993211557], [-43.41157364634696, -22.976702812615247], [-43.410928723376315, -22.982410309101454], [-43.41960076729675, -22.979653113903225], [-43.41536421457957, -22.973085762913126], [-43.41906567838568, -22.966695036351716]], [[-43.23578195204598, -22.98734046941863], [-43.23956492116635, -22.987037949631787], [-43.24020757654939, -22.991275003356296], [-43.23583239890911, -22.991106340414333], [-43.23578195204598, -22.98734046941863]], [[-43.25021200835076, -22.875768983831787], [-43.24819089491532, -22.87865011579801], [-43.2446328294408, -22.87689631328411], [-43.24682072864124, -22.873486430064254], [-43.25021200835076, -22.875768983831787]], [[-43.299902377753995, -22.857893281201758], [-43.298178797656526, -22.860225131794547], [-43.291324858240685, -22.860473840286566], [-43.28905176080171, -22.854160855926594], [-43.29272244370225, -22.85252480117294], [-43.299902377753995, -22.857893281201758]], [[-43.297982006154996, -22.806464773668512], [-43.29472570919173, -22.809440840289913], [-43.291351570340176, -22.8078313933191], [-43.294465778378395, -22.798637538458777], [-43.298859969134085, -22.800115811380547], [-43.297982006154996, -22.806464773668512]], [[-43.3064465831527, -22.88922692677956], [-43.303478195163805, -22.896350947909607], [-43.29212804185474, -22.897964000941023], [-43.29304166274582, -22.893558522269167], [-43.30132676500977, -22.88606089955656], [-43.30567292480139, -22.886027823512986], [-43.3064465831527, -22.88922692677956]], [[-43.319059794139186, -22.832320333024928], [-43.31586852913239, -22.84278405348818], [-43.31127031987223, -22.843465532670976], [-43.307168503401314, -22.834481066589305], [-43.31489870974496, -22.83033204760457], [-43.319059794139186, -22.832320333024928]], [[-43.316170938656846, -22.78364338196317], [-43.312129553211165, -22.78062034579199], [-43.312576691580276, -22.7748154437031], [-43.324003455647, -22.775284696923126], [-43.326056708304634, -22.787750354695746], [-43.31926469794331, -22.79015351913805], [-43.316170938656846, -22.78364338196317]], [[-43.325654107960496, -22.820403247947958], [-43.323148156111635, -22.818431456654977], [-43.32454133396621, -22.815505630914668], [-43.331393809650585, -22.815471995541802], [-43.33106514089049, -22.819790023818666], [-43.325654107960496, -22.820403247947958]], [[-43.3695467172735, -22.742467301551514], [-43.371139066193834, -22.747598710072502], [-43.36609305834072, -22.75152800398812], [-43.36593881770447, -22.758486143689552], [-43.354818077331295, -22.756459059713503], [-43.341920853275845, -22.757817519009304], [-43.33897993158244, -22.75441556516362], [-43.342106875026005, -22.74646564443033], [-43.335077739046056, -22.74356617023771], [-43.33452581054805, -22.735248246384373], [-43.32630319467891, -22.733596693414626], [-43.32546843612333, -22.729286179752847], [-43.33220073402705, -22.72572214076852], [-43.34027322558505, -22.732486444738715], [-43.34753617906311, -22.73423937687519], [-43.3575776598546, -22.73018776378999], [-43.36045905868149, -22.738884105426887], [-43.3695467172735, -22.742467301551514]], [[-43.33524815831657, -22.745974419338413], [-43.33390977378455, -22.749173997892843], [-43.33054320601615, -22.748099907685052], [-43.33177491048705, -22.742899945699083], [-43.33524815831657, -22.745974419338413]], [[-43.350255977131184, -22.79554669152256], [-43.34876800961871, -22.798996636476936], [-43.34429485680788, -22.797463401373687], [-43.34599201315857, -22.793298039181956], [-43.350255977131184, -22.79554669152256]], [[-43.35307293518163, -22.85632058010998], [-43.35023956584781, -22.86263846461963], [-43.34597583706553, -22.862880101117412], [-43.34670608754071, -22.854771088440703], [-43.35136523575032, -22.85228467015761], [-43.35307293518163, -22.85632058010998]], [[-43.34837537506502, -22.91225686097388], [-43.34506834057471, -22.910134392644142], [-43.34771253654027, -22.907328493386654], [-43.35080411603281, -22.909537954552928], [-43.34837537506502, -22.91225686097388]], [[-43.357072995665995, -22.80766201556341], [-43.35443266039127, -22.813749269248508], [-43.34885987215664, -22.813530450481196], [-43.34900801643677, -22.805071173585667], [-43.354340455850696, -22.80401664053308], [-43.357072995665995, -22.80766201556341]], [[-43.40828706853195, -22.775194291782647], [-43.404324217751686, -22.774184845330268], [-43.404977047554524, -22.770829312669242], [-43.40989405285286, -22.771363666652462], [-43.40828706853195, -22.775194291782647]]], [[[-43.21437678939235, -22.806246841616076], [-43.21149307056298, -22.791359044675303], [-43.19225217111662, -22.79327112592434], [-43.188331071651376, -22.78313316472634], [-43.16693804707676, -22.787325466400283], [-43.166964398005994, -22.79122833986762], [-43.176978388705656, -22.80321036733809], [-43.174896835861816, -22.81488525790697], [-43.17071869725367, -22.819940183731777], [-43.17284726869508, -22.82638201921388], [-43.181271600390915, -22.824863740133726], [-43.18375110755502, -22.821458087068635], [-43.18996210930578, -22.82329527352399], [-43.19370537108836, -22.819003282519777], [-43.19486784868126, -22.809582512589543], [-43.20807284368912, -22.808666080400343], [-43.213635430578286, -22.811072971894355], [-43.21437678939235, -22.806246841616076]]], [[[-43.39881850269303, -23.000096665328865], [-43.399440875805254, -22.996683944802434], [-43.39403856493582, -22.994139000710963], [-43.3877600353239, -22.99466747244221], [-43.38506194234888, -22.990257142378507], [-43.37849025208871, -22.987642352593365], [-43.376824550407136, -22.991650177572026], [-43.3795366278288, -22.995601446790698], [-43.37369612046013, -22.99933688940441], [-43.35529564509154, -22.998475201781766], [-43.33577559195329, -23.001752464697546], [-43.33136971304343, -22.999015750617666], [-43.31170919978493, -23.005865969111202], [-43.296116449484764, -23.00420634802922], [-43.287758680606544, -23.009692462185328], [-43.293262199580404, -23.0151146002263], [-43.30310194903628, -23.016897983353566], [-43.34514124878755, -23.010998358913167], [-43.355669215367406, -23.006178910295127], [-43.36182743966351, -23.006844648422952], [-43.36428790073964, -23.011943381026093], [-43.37153035105838, -23.012074244668423], [-43.373718773483645, -23.00684754679909], [-43.39485279809404, -23.00437369547577], [-43.39881850269303, -23.000096665328865]]]]}}, {"type": "Feature", "properties": {"threshold": 90}, "geometry": {"type": "MultiPolygon", "coordinates": [[[[-42.96311167256846, -22.946856863503804], [-42.96401784302984, -22.943733735065923], [-42.95328359151299, -22.92977866470204], [-42.95342864136434, -22.916215938548532], [-42.950859635602455, -22.91035348208692], [-42.939081223399256, -22.908213893927794], [-42.939987900069895, -22.904831789070492], [-42.9449379722184, -22.903969479937455], [-42.94498691439151, -22.900722473392463], [-42.93794159126961, -22.894838931948062], [-42.93321695152444, -22.894114131537975], [-42.932123334681826, -22.889267953319045], [-42.925205821557256, -22.889177791442005], [-42.921334619999506, -22.89547108106373], [-42.927948726053124, -22.90187092953298], [-42.91855158963908, -22.908781497070365], [-42.91870472352515, -22.91159725791753], [-42.92454707948198, -22.915439778645645], [-42.9242071356504, -22.92300858831529], [-42.92082217771965, -22.927788619432654], [-42.92340272102643, -22.936109122997287], [-42.931335409968554, -22.941174473874472], [-42.93427194986164, -22.937093240336587], [-42.92692995369493, -22.93408950237619], [-42.926056384574615, -22.930396113581473], [-42.93184280021305, -22.9264625190207], [-42.94381569285906, -22.924178430832274], [-42.94789576223883, -22.930782200433722], [-42.94728439309846, -22.934772101556497], [-42.95237386417226, -22.93914785069932], [-42.951488188971354, -22.945234377339034], [-42.95458324978498, -22.947930776518326], [-42.96311167256846, -22.946856863503804]]], [[[-43.135907225088836, -22.902610359937356], [-43.13619215713207, -22.89991766756088], [-43.12977922892242, -22.893343942141374], [-43.132308234253884, -22.882044245593427], [-43.12882572052533, -22.876897987662662], [-43.121274023663055, -22.873529135739165], [-43.11866815541647, -22.867226483346567], [-43.112857084326244, -22.865421722631034], [-43.09813037139702, -22.84912206536419], [-43.09792562340956, -22.828293174527143], [-43.09172957206505, -22.822426382183163], [-43.07691225708081, -22.81769624099801], [-43.07238360190842, -22.807999077146125], [-43.06417735047579, -22.808267479566656], [-43.05646427483599, -22.796832793712912], [-43.049958130669275, -22.793729050944787], [-43.04904721368927, -22.782565470092962], [-43.046116527281534, -22.779903119811642], [-43.041974654032494, -22.780741972305975], [-43.039791420147246, -22.790297546299122], [-43.04171582567241, -22.794248376920326], [-43.04982365596204, -22.795369075504176], [-43.05136762468757, -22.81209618817847], [-43.04901651448244, -22.818506723619333], [-43.03773937511954, -22.818930809495228], [-43.03660358776877, -22.838638169942012], [-43.041938330421324, -22.839060389811785], [-43.04621613248575, -22.83472736027567], [-43.05457609807559, -22.83629564037141], [-43.05535936833501, -22.846113794811554], [-43.057612715401426, -22.848007137808132], [-43.064886320911725, -22.847245410229235], [-43.06773376228656, -22.85049133504897], [-43.0718535234218, -22.850377594369405], [-43.07670908229857, -22.843946346190815], [-43.0827651108017, -22.846662695647737], [-43.07524729215878, -22.856785948303664], [-43.06191307073222, -22.858765686833816], [-43.06753466528557, -22.869190468350244], [-43.0661795275509, -22.873881876825365], [-43.06290714687642, -22.875224446776993], [-43.05632812859137, -22.872530145436713], [-43.04629645817957, -22.876762418520684], [-43.04554904434474, -22.884059872083114], [-43.056465931683974, -22.883701379942092], [-43.059678843337565, -22.88780306845479], [-43.05399788765187, -22.890062353953546], [-43.05126320572832, -22.896146794603236], [-43.0468441533052, -22.898119932364715], [-43.047762119053125, -22.905967643350007], [-43.04242968140504, -22.90834557344146], [-43.043246303676476, -22.91390938855436], [-43.04699905455289, -22.914944645122407], [-43.05074854278166, -22.92068083650927], [-43.05477262893839, -22.9196484981855], [-43.05696922235098, -22.914200300691924], [-43.072859376256254, -22.917787673510677], [-43.07978543470165, -22.91440671594053], [-43.08184039541481, -22.91776077771379], [-43.086764938280844, -22.91862943430317], [-43.09170711307788, -22.927942440506186], [-43.09671656137466, -22.931512100446987], [-43.09700258022653, -22.91576365158635], [-43.11092358039668, -22.914986065298756], [-43.11771238520105, -22.90563990364624], [-43.13140817508189, -22.909725934491096], [-43.13528404827373, -22.907042571060646], [-43.135907225088836, -22.902610359937356]], [[-43.06661839240903, -22.89609697013723], [-43.06537283061289, -22.899728650160483], [-43.0609954535754, -22.897797295292573], [-43.06279994339695, -22.89435127474106], [-43.06661839240903, -22.89609697013723]]], [[[-43.040205428262546, -22.796198098601963], [-43.030799343146306, -22.795213327088067], [-43.027912075090036, -22.79006369876815], [-43.02879019559803, -22.787308615840058], [-43.034634724972214, -22.785562228826976], [-43.03377871008695, -22.776842561385255], [-43.02735745804372, -22.774118046520993], [-43.021739003133206, -22.774884090069918], [-43.018630559154396, -22.77779204721278], [-43.0209856414313, -22.78323140574287], [-43.01843841445536, -22.78974667822992], [-43.02282641625746, -22.800582070148515], [-43.02234195846363, -22.810842216198537], [-43.01530464840284, -22.812687460163083], [-43.00990419313465, -22.807132260629775], [-43.00109583514251, -22.808713450937493], [-42.988161128487285, -22.801210557506227], [-42.98898618347571, -22.798154006871666], [-42.993544981330956, -22.796121233501502], [-42.993521111685325, -22.7889934977578], [-42.984459983799525, -22.78622269004156], [-42.97681698120738, -22.786830499352934], [-42.97679497184334, -22.77719195610094], [-42.97330162000592, -22.77423130855181], [-42.96995746276248, -22.782232036749924], [-42.97105082912474, -22.785864300924423], [-42.977285481405545, -22.788168368101395], [-42.978705769493814, -22.800204941661608], [-42.974535025284766, -22.80453381033227], [-42.96495846389523, -22.803460779467613], [-42.95915554553915, -22.810691580293934], [-42.9524878862375, -22.813183345667042], [-42.95240793129137, -22.818529801848925], [-42.95555507936705, -22.82062294697818], [-42.95960612498144, -22.820557245113417], [-42.962967022281404, -22.81603700055627], [-42.97379474861227, -22.818320339052413], [-42.97660885033326, -22.833525007216533], [-42.9845581338793, -22.831367580157877], [-42.982914120012786, -22.820618328566013], [-42.97595617119098, -22.8172496631887], [-42.980976344987454, -22.808246917530347], [-42.993361292698005, -22.814516386326865], [-42.99598222722212, -22.82244527719413], [-43.00321363484262, -22.826158413944082], [-43.002495338090604, -22.834980927883855], [-43.00846154601762, -22.837821260536565], [-43.008748966317114, -22.84108232088578], [-42.994359607566864, -22.839384512021034], [-42.98685843947988, -22.849448552689537], [-42.99409252269925, -22.8559612860163], [-42.990223631356166, -22.862639110575344], [-43.00043840874988, -22.86903365615218], [-43.0040546049963, -22.876546320285478], [-43.01541213500757, -22.87042491497273], [-43.02231631582191, -22.870812773410535], [-43.02415774362364, -22.864845086001132], [-43.01892662983888, -22.856468970276318], [-43.01485610257641, -22.854609733094946], [-43.00564995569778, -22.857165448422865], [-43.002991979947346, -22.85229668265318], [-43.00703251100372, -22.842663267015755], [-43.01511715308712, -22.84669871029418], [-43.01886856829564, -22.846649555863046], [-43.02182707278549, -22.843199840516764], [-43.022771215350375, -22.83937557399448], [-43.01740558701546, -22.83267244947477], [-43.02375016704188, -22.82819916175221], [-43.02455769342855, -22.820787813117448], [-43.02984758888704, -22.816479482509287], [-43.03080780582993, -22.812003823424725], [-43.04278612170716, -22.80945565935128], [-43.04383206785099, -22.80182638312559], [-43.040205428262546, -22.796198098601963]]], [[[-43.098186570535546, -22.94972715063239], [-43.08556832824411, -22.95168862149757], [-43.07664845126236, -22.950262067805944], [-43.069990157740754, -22.95282935529472], [-43.06545563814088, -22.95105237717136], [-43.06368432898685, -22.945976467403742], [-43.0751706436189, -22.938529587370063], [-43.07219198005486, -22.926514885698133], [-43.063849974571646, -22.927263230391265], [-43.06153777178302, -22.932136018874793], [-43.05127937753763, -22.936681913513166], [-43.04220246598334, -22.928501327532256], [-43.03707536685667, -22.934734678921885], [-43.01813123278963, -22.930534575866567], [-43.00942351824343, -22.91876826134428], [-43.004650713997954, -22.919088684551916], [-43.00374794331273, -22.926794229373836], [-43.01172376416048, -22.932875900979997], [-43.00947353510043, -22.93683275742904], [-43.011310123636584, -22.94526220801794], [-43.01385138038191, -22.94628164362859], [-43.0190477273669, -22.942985174290765], [-43.02043078607904, -22.937882938395706], [-43.02575037255208, -22.93918170097749], [-43.0219147139275, -22.944265062811684], [-43.02033578955351, -22.95359352007237], [-43.02858043753947, -22.958593260984227], [-43.03009885041126, -22.969416238596065], [-43.03802595447052, -22.965108308263808], [-43.03482185315473, -22.95877968639664], [-43.03955341143894, -22.94761323521072], [-43.04416474982646, -22.948771593815973], [-43.05151064349154, -22.95636950989203], [-43.051844478327986, -22.96339568840007], [-43.086301714897864, -22.954111793126994], [-43.09227993151609, -22.955152089101777], [-43.09864676940044, -22.95265936492099], [-43.098186570535546, -22.94972715063239]]], [[[-43.42346141885057, -23.003399589848854], [-43.421932919567666, -22.99640252840708], [-43.41896808894327, -22.99443465559448], [-43.40493234640562, -22.99264934647284], [-43.38824851701087, -22.99401659510243], [-43.38036527619557, -22.98766153340186], [-43.37687737707695, -22.988256309582546], [-43.37852684124251, -22.996472151162923], [-43.366478413615546, -23.00009470034136], [-43.34694696259257, -22.9999507259318], [-43.342780933813366, -22.99440182703332], [-43.33349167428811, -22.996683934064905], [-43.32500410974374, -22.996523768488693], [-43.322970361071306, -22.994175298666327], [-43.32652149331549, -22.990514344659], [-43.33136744010279, -22.990018797353816], [-43.33294345712677, -22.984018951371628], [-43.342598398696474, -22.983747786024892], [-43.343634850616716, -22.977556135470525], [-43.33935925979173, -22.972339970076927], [-43.34157917046621, -22.968318740843703], [-43.35224502091555, -22.969966089240167], [-43.356419589037756, -22.96803067133464], [-43.364094618363715, -22.977199892889214], [-43.396936501244205, -22.973704563396286], [-43.411809796079595, -22.98717571084653], [-43.417640708796796, -22.98542530645214], [-43.42049300696537, -22.978798325646775], [-43.41790836628232, -22.974705850780943], [-43.41974572387743, -22.96718834100969], [-43.41185628743257, -22.961855500132316], [-43.409455209216425, -22.954966704252303], [-43.40639325317631, -22.95512170882866], [-43.40608457799896, -22.960531140303008], [-43.399670142531605, -22.962532325877802], [-43.395947388189754, -22.95422781761515], [-43.399188624425136, -22.93590523456532], [-43.409879116573926, -22.934476142146504], [-43.407414637629955, -22.92507653983887], [-43.41427723714671, -22.92035428396515], [-43.41344529977991, -22.914791446779034], [-43.40621493688894, -22.9096575119755], [-43.39747546383432, -22.910203147947627], [-43.39420217759423, -22.90793598666442], [-43.38676695408671, -22.9081521219386], [-43.380681649790205, -22.903072306679572], [-43.372849235316956, -22.905429527729105], [-43.369718450189026, -22.9030610222869], [-43.36998448389203, -22.89421815028464], [-43.375474674495614, -22.890380770646832], [-43.38320121855669, -22.89277320339836], [-43.38996282194094, -22.888705501426546], [-43.39662557646761, -22.898445324559194], [-43.39981115639964, -22.898302360636773], [-43.403268946969966, -22.891569370847098], [-43.40762796023963, -22.889509589157328], [-43.415959106170476, -22.896968222682144], [-43.418916656177615, -22.895665561245018], [-43.41447530877318, -22.88210104264389], [-43.41913652194199, -22.876686599059113], [-43.417070540712686, -22.870281166518403], [-43.40767231376987, -22.869436231575452], [-43.40269616246174, -22.878769995540836], [-43.39645782445954, -22.87960495654419], [-43.38802212469068, -22.88701389416097], [-43.380505087504254, -22.884205364400533], [-43.37543921839267, -22.875348010564625], [-43.37430559204466, -22.862599100008172], [-43.38503901871471, -22.858166069720003], [-43.393232747734594, -22.858811116323636], [-43.399795145587355, -22.851975921049203], [-43.397684525471846, -22.845485886521377], [-43.3915575314551, -22.85007156773322], [-43.386613198268016, -22.849417593811616], [-43.38295120748534, -22.84324749226057], [-43.383778131106695, -22.83997410114451], [-43.41142087334255, -22.84235215239298], [-43.41961836420933, -22.833267771398685], [-43.417714959552775, -22.827367497371313], [-43.41979136851977, -22.82110019454015], [-43.41767456738414, -22.818088787158068], [-43.408894210338424, -22.815817000375823], [-43.4031088670898, -22.80982230253958], [-43.38769718428085, -22.809771181469593], [-43.37385991688176, -22.80503433908832], [-43.37293049327316, -22.79903873224247], [-43.381978662404435, -22.80017221985814], [-43.384259135989815, -22.794568299329804], [-43.368825567345674, -22.777282036196798], [-43.376379463973436, -22.771099948281282], [-43.385439913737386, -22.771439940607532], [-43.387314968699954, -22.774716704768366], [-43.382056135189764, -22.778444291205588], [-43.3820574423939, -22.782545542286783], [-43.38635063534688, -22.784424964203833], [-43.392051950286564, -22.77948979054442], [-43.397893132422894, -22.781881484593868], [-43.40397486240438, -22.790439950609134], [-43.398801181458964, -22.801567262500523], [-43.404373968372994, -22.8061133968811], [-43.41131734329988, -22.80413147152812], [-43.41120891629365, -22.79765585469118], [-43.415026229496384, -22.79113462103186], [-43.41061648637354, -22.778867170391567], [-43.41658533293563, -22.77667410829279], [-43.41857690522602, -22.77322270539758], [-43.41867655431169, -22.761478163599023], [-43.410849424458085, -22.75573798362166], [-43.410051869237336, -22.751664130804237], [-43.40594771079472, -22.75066859383106], [-43.39684421786581, -22.757968418616603], [-43.39679173836607, -22.761904767472867], [-43.391618754347455, -22.767232722555523], [-43.388604120428035, -22.767790168431052], [-43.38413700549904, -22.76384066688808], [-43.384652527136915, -22.7540195614488], [-43.37891265719793, -22.753251406399027], [-43.37788076789762, -22.74616287569355], [-43.380497248198836, -22.74085246673132], [-43.38564791670136, -22.738230317605424], [-43.3877871130132, -22.732047247758697], [-43.395143053090976, -22.736517632891783], [-43.399191604930714, -22.745028788631874], [-43.410365882498986, -22.738679506419487], [-43.41703203812042, -22.737924809330757], [-43.41823195909973, -22.729117018440846], [-43.41194093382652, -22.724922280193045], [-43.414115330985666, -22.716421904612023], [-43.407485593611696, -22.712955426184582], [-43.405140730949675, -22.70876206292635], [-43.39670892766285, -22.710965149868137], [-43.38450065754134, -22.708518109173603], [-43.38108716372654, -22.71365451753625], [-43.36688609197975, -22.71713482977253], [-43.3598763713339, -22.72355867872764], [-43.3549196990369, -22.71543039273611], [-43.34830679516656, -22.715303100765382], [-43.34368012158351, -22.718085692286145], [-43.33842743934519, -22.713588853823723], [-43.33103887188617, -22.717908803746067], [-43.32204669866742, -22.714999536665253], [-43.31704633362155, -22.719669565156956], [-43.30982250932516, -22.7188813045382], [-43.307519521507814, -22.725198254796727], [-43.31103506293896, -22.73198503335879], [-43.325254098296, -22.735354218700934], [-43.324947105057845, -22.741039503236138], [-43.31870203784896, -22.747933025289907], [-43.297092309065995, -22.745572648539405], [-43.26861864224845, -22.74767587957832], [-43.27046547630716, -22.761405123903707], [-43.28081093439796, -22.7667145070925], [-43.28434778647045, -22.75756309226027], [-43.29360845591691, -22.75975291524402], [-43.29715710111169, -22.7538122016771], [-43.30427400120562, -22.75344521178304], [-43.33014744638286, -22.761260361536472], [-43.332161514240624, -22.764728931053487], [-43.33055616030786, -22.76994732196856], [-43.32536950252364, -22.772236343986677], [-43.31995289191133, -22.767186119870093], [-43.31304898540215, -22.77054128984394], [-43.29992840951121, -22.766992870322703], [-43.29671737748499, -22.772304116768314], [-43.29683400468373, -22.77982156520192], [-43.293100299361235, -22.78165301659333], [-43.28791405417716, -22.772597298045167], [-43.28324493428526, -22.772604432036804], [-43.283209562193605, -22.789540422895726], [-43.279545610161094, -22.791607141565], [-43.2741367117316, -22.803116601909103], [-43.283623074856756, -22.810005040698606], [-43.28236208410682, -22.817741486587547], [-43.27784902147777, -22.82101459601151], [-43.274292511008056, -22.81656729851954], [-43.26884833912978, -22.817159007317745], [-43.26975400710328, -22.824010623894896], [-43.27578158454848, -22.82450639548829], [-43.278600693969686, -22.83111387600613], [-43.27151095031752, -22.83326378428093], [-43.26981369300386, -22.838484598666852], [-43.26423678786799, -22.84264780564905], [-43.2596664192646, -22.837833759755664], [-43.255023689521614, -22.836863101296462], [-43.24491176193778, -22.840142303855686], [-43.239747165666934, -22.86347141428193], [-43.23655210677944, -22.866945354021716], [-43.230060758727916, -22.866866131409548], [-43.226063230758506, -22.875705335615034], [-43.21621736292315, -22.877049503424185], [-43.21784188132147, -22.886052306049486], [-43.21011530909724, -22.895968113092312], [-43.19700105487418, -22.8907765415752], [-43.18828251090275, -22.890714183042927], [-43.179271305685226, -22.89561022396663], [-43.17846684213654, -22.90400555092892], [-43.17328953536932, -22.904922057004026], [-43.16862478712265, -22.911071324802197], [-43.17302025077948, -22.920041588554838], [-43.169306715161206, -22.924387422261002], [-43.16998881653052, -22.93806992984127], [-43.17622203282084, -22.947242085650917], [-43.16483894163324, -22.953172915537657], [-43.165827190990605, -22.95823587940956], [-43.16201017219081, -22.963431156456004], [-43.18379109577958, -22.972916904812088], [-43.18863469194528, -22.98153591984849], [-43.18474734867784, -22.9874173057942], [-43.19037291154096, -22.990306572871358], [-43.199501445360596, -22.988085005478894], [-43.225380179243245, -22.988646255938157], [-43.23980492285454, -22.998771817741464], [-43.24651501363354, -22.997956574417593], [-43.24961079863254, -22.992935141076984], [-43.255944572549325, -22.999715172928678], [-43.275356532512724, -23.002300278882586], [-43.275860337229766, -22.99890374134304], [-43.27136134343413, -22.992174423737723], [-43.26343840551753, -22.994077763441524], [-43.25183978706025, -22.982470265599847], [-43.23898511877948, -22.976950743083346], [-43.235575411595704, -22.971569813307326], [-43.239525364201114, -22.96826499444287], [-43.23926535724518, -22.964142107379097], [-43.230131514214776, -22.96372415344893], [-43.22366258972408, -22.958314666086768], [-43.214689942277005, -22.95966038206703], [-43.202047036206636, -22.9534504986322], [-43.20047402851916, -22.94730456113851], [-43.20877916512386, -22.944549719288208], [-43.210032428719266, -22.94168997719532], [-43.2061594367704, -22.938344738440524], [-43.206023825278585, -22.934133933485523], [-43.21190621657647, -22.929833801711602], [-43.217081157543944, -22.932909956057777], [-43.22266938236855, -22.92920949546702], [-43.239960057017065, -22.937706901122887], [-43.24121191650628, -22.944161533428503], [-43.248284034433816, -22.941581619033318], [-43.25314435962968, -22.94587503058667], [-43.25837716426123, -22.946428307233155], [-43.259659844349855, -22.950496584025604], [-43.263112515067874, -22.95157941948349], [-43.26545328335744, -22.944222790335413], [-43.262335767216896, -22.941160936803982], [-43.25810108639211, -22.942069303805248], [-43.2570970250818, -22.938948666637934], [-43.263792241795294, -22.937760117444252], [-43.26320928110002, -22.932760349968945], [-43.269071873085174, -22.928257874085013], [-43.266720021087544, -22.923173269234535], [-43.27107725422883, -22.916654171999006], [-43.28452607191073, -22.920209042004736], [-43.29194818316178, -22.915926706444758], [-43.301095562626635, -22.91877537443171], [-43.305278657537485, -22.909499342830724], [-43.317845504565454, -22.90920933456979], [-43.320800001235554, -22.89892145278883], [-43.327710016483984, -22.90009620016267], [-43.331572890819125, -22.896343784192066], [-43.33727818354886, -22.895908379756662], [-43.3448056650714, -22.909667108953528], [-43.33931231918824, -22.916690167990147], [-43.339970742474634, -22.931238848393132], [-43.337405498224975, -22.932778817506993], [-43.32785289932263, -22.930976992690038], [-43.32114960228763, -22.93410987091979], [-43.32112667099206, -22.941470581252933], [-43.32610000193623, -22.947219815761425], [-43.323534143148606, -22.951704270276355], [-43.33071259825894, -22.965260136072988], [-43.3249789582731, -22.971415733805614], [-43.332475407671446, -22.98242656164429], [-43.325131116897886, -22.986279081015578], [-43.31958784375054, -22.98465596976526], [-43.315422374617825, -22.9870058838466], [-43.304381076216984, -22.982905612628947], [-43.29263387053291, -22.9861245313965], [-43.29248208385688, -22.988813568956374], [-43.29859411778873, -22.992988816701917], [-43.304231927171834, -22.990883723540044], [-43.307063203543244, -22.994392183500146], [-43.30264202700595, -23.004599475667394], [-43.296116449484764, -23.00420634802922], [-43.28711084883368, -23.00831750096735], [-43.28789253354727, -23.014070725444217], [-43.31252915862147, -23.01620128793909], [-43.345222501486724, -23.010980418863358], [-43.355669215367406, -23.006178910295127], [-43.36177871853017, -23.00761107068158], [-43.36428790073964, -23.011943381026093], [-43.37153035105838, -23.012074244668423], [-43.3754061334992, -23.006743699950082], [-43.39227898613355, -23.004432859028793], [-43.39986884531549, -23.006815853455198], [-43.40697596266208, -23.00062707654472], [-43.41745319096587, -23.00428834529596], [-43.41860025326392, -23.01062334025441], [-43.422795223867276, -23.01180248333711], [-43.42346141885057, -23.003399589848854]], [[-43.233850191847175, -22.97362561106241], [-43.20738144342349, -22.979026547843826], [-43.20192569318902, -22.977241195930034], [-43.19420435099688, -22.968552676865837], [-43.198174235837335, -22.965563957449444], [-43.203980641212254, -22.967527922419595], [-43.206101862165205, -22.964074163713725], [-43.21048779525422, -22.963696826876202], [-43.21635513690297, -22.969268065141762], [-43.22695332348215, -22.96688184497398], [-43.23410537871796, -22.97024920243585], [-43.233850191847175, -22.97362561106241]], [[-43.23578195204598, -22.98734046941863], [-43.23956492116635, -22.987037949631787], [-43.24020757654939, -22.991275003356296], [-43.23583239890911, -22.991106340414333], [-43.23578195204598, -22.98734046941863]], [[-43.299902377753995, -22.857893281201758], [-43.298178797656526, -22.860225131794547], [-43.291324858240685, -22.860473840286566], [-43.28905176080171, -22.854160855926594], [-43.29272244370225, -22.85252480117294], [-43.299902377753995, -22.857893281201758]], [[-43.29766880147454, -22.800057759309723], [-43.2983205013096, -22.804091473388986], [-43.292923116765714, -22.80535317803435], [-43.29340523511454, -22.799943447011394], [-43.29766880147454, -22.800057759309723]], [[-43.3064465831527, -22.88922692677956], [-43.303478195163805, -22.896350947909607], [-43.29212804185474, -22.897964000941023], [-43.292218393389106, -22.895106551823986], [-43.30132676500977, -22.88606089955656], [-43.30567292480139, -22.886027823512986], [-43.3064465831527, -22.88922692677956]], [[-43.319059794139186, -22.832320333024928], [-43.31586852913239, -22.84278405348818], [-43.31127031987223, -22.843465532670976], [-43.307168503401314, -22.834481066589305], [-43.31489870974496, -22.83033204760457], [-43.319059794139186, -22.832320333024928]], [[-43.316170938656846, -22.78364338196317], [-43.312129553211165, -22.78062034579199], [-43.312576691580276, -22.7748154437031], [-43.324003455647, -22.775284696923126], [-43.326056708304634, -22.787750354695746], [-43.31926469794331, -22.79015351913805], [-43.316170938656846, -22.78364338196317]], [[-43.316497999278354, -23.00053630662847], [-43.31346323780513, -23.00022695501724], [-43.31168786417105, -22.996674344157572], [-43.31601394737666, -22.9906136555841], [-43.32205996024433, -22.997791316603674], [-43.316497999278354, -23.00053630662847]], [[-43.3695467172735, -22.742467301551514], [-43.36593881770447, -22.758486143689552], [-43.354818077331295, -22.756459059713503], [-43.342677320833054, -22.75779809023755], [-43.34000714693986, -22.754127774272956], [-43.342106875026005, -22.74646564443033], [-43.335077739046056, -22.74356617023771], [-43.33452581054805, -22.735248246384373], [-43.32630319467891, -22.733596693414626], [-43.32546843612333, -22.729286179752847], [-43.33220073402705, -22.72572214076852], [-43.34027322558505, -22.732486444738715], [-43.34753617906311, -22.73423937687519], [-43.3575776598546, -22.73018776378999], [-43.36045905868149, -22.738884105426887], [-43.3695467172735, -22.742467301551514]], [[-43.35307293518163, -22.85632058010998], [-43.35023956584781, -22.86263846461963], [-43.34597583706553, -22.862880101117412], [-43.34670608754071, -22.854771088440703], [-43.35136523575032, -22.85228467015761], [-43.35307293518163, -22.85632058010998]], [[-43.34837501400193, -22.912256940776953], [-43.34506799647931, -22.910132054866747], [-43.34771253654027, -22.907328493386654], [-43.35080411603281, -22.909537954552928], [-43.34837501400193, -22.912256940776953]], [[-43.357072995665995, -22.80766201556341], [-43.35572712804697, -22.811664398309496], [-43.35215330508232, -22.811135149215293], [-43.35270342066543, -22.805697120278356], [-43.357072995665995, -22.80766201556341]], [[-43.389085491913505, -22.965599575655023], [-43.37665340323819, -22.97169099257769], [-43.36595448596772, -22.972428276240752], [-43.36008291961087, -22.96692882230273], [-43.3605706931027, -22.959158891328432], [-43.36695290645488, -22.957559581915252], [-43.380137319014416, -22.963961761391214], [-43.387079148871976, -22.960879572103234], [-43.389085491913505, -22.965599575655023]], [[-43.40717180726334, -22.77524397451613], [-43.40397515386184, -22.773552207281494], [-43.4056703044107, -22.770526484145325], [-43.41003247963031, -22.772194367340223], [-43.40717180726334, -22.77524397451613]]], [[[-43.21582945934574, -22.807400069204974], [-43.21149307056298, -22.791359044675303], [-43.19225217111662, -22.79327112592434], [-43.18834151662581, -22.782342459157515], [-43.166095872193736, -22.78652496763139], [-43.166964398005994, -22.79122833986762], [-43.176978388705656, -22.80321036733809], [-43.174896835861816, -22.81488525790697], [-43.17071869725367, -22.819940183731777], [-43.17284726869508, -22.82638201921388], [-43.18504412459839, -22.82195611955345], [-43.18996210930578, -22.82329527352399], [-43.19370537108836, -22.819003282519777], [-43.19298390426844, -22.811681916888837], [-43.19509074473039, -22.809475284940866], [-43.20807284368912, -22.808666080400343], [-43.21525862768102, -22.81110250528938], [-43.21582945934574, -22.807400069204974]]]]}}, {"type": "Feature", "properties": {"threshold": 95}, "geometry": {"type": "MultiPolygon", "coordinates": [[[[-42.98345860913373, -22.956605767059155], [-42.984285385366086, -22.95256232772279], [-42.97751427478877, -22.9497685720852], [-42.979545562909344, -22.93948199525247], [-42.97544915915675, -22.93397846426174], [-42.97220033269857, -22.934163951570056], [-42.968299405057955, -22.940798117047763], [-42.975424801606785, -22.949731073245857], [-42.97249978292805, -22.95443515374085], [-42.97569663619325, -22.9568163446931], [-42.97526981278846, -22.960871491037313], [-42.96722264268996, -22.96149469276616], [-42.9643615152997, -22.954485016069], [-42.954166270945755, -22.954303834319767], [-42.95387319271106, -22.949625204754863], [-42.96290349998365, -22.947072076013846], [-42.9664165898726, -22.940924153218358], [-42.957817262467195, -22.937436007112872], [-42.957354985864306, -22.932577785878237], [-42.953208349698784, -22.929549805992938], [-42.95342864136434, -22.916215938548532], [-42.950871522127244, -22.909562899940227], [-42.946285376689936, -22.90810359596712], [-42.94405347016374, -22.899009536206798], [-42.935404457530296, -22.893619291049497], [-42.934925479219274, -22.885506002117296], [-42.930385363158976, -22.88529167802496], [-42.92137544935628, -22.892792025740206], [-42.92145724233161, -22.895756694825664], [-42.92644163906459, -22.89980067498624], [-42.926042442831104, -22.90383433852881], [-42.91772087218192, -22.908558668890556], [-42.92354898047811, -22.91545413133242], [-42.92161623740557, -22.934295277539256], [-42.93126321606944, -22.941213281524217], [-42.934329190299486, -22.937318265048667], [-42.93069668921526, -22.92727236933951], [-42.943531728813454, -22.9244101015851], [-42.94672707002113, -22.935154540345785], [-42.9436532264238, -22.944861886250397], [-42.95010226818872, -22.949166697619308], [-42.94597399854916, -22.953087896482874], [-42.94219187519448, -22.94937056799688], [-42.938615134540164, -22.949603065204357], [-42.931457401119744, -22.967843335320136], [-42.93704421387511, -22.972995513596008], [-42.953610222890745, -22.97241957106872], [-42.95687546132068, -22.96875474715273], [-42.95687629397626, -22.96331695804554], [-42.960982598857726, -22.96226402915049], [-42.96324609939767, -22.964352423814965], [-42.96215746648659, -22.970613227929572], [-42.96729472210371, -22.97101421689779], [-42.98144129978478, -22.967816440550344], [-42.98067852873615, -22.95978486391896], [-42.98345860913373, -22.956605767059155]], [[-42.95715247340971, -22.96021343770997], [-42.95634943033297, -22.963356399542636], [-42.951405670309086, -22.963711052253817], [-42.947352724891964, -22.959630463197186], [-42.954632347100194, -22.955561210115324], [-42.95715247340971, -22.96021343770997]]], [[[-43.13625645502759, -22.903305011733703], [-43.135423956528584, -22.896811787366044], [-43.12971189380794, -22.892883113771244], [-43.13561844995394, -22.882579700499658], [-43.12342012917687, -22.873122829534804], [-43.122889910312786, -22.866428274454893], [-43.11060607667319, -22.862543072230547], [-43.10238272500736, -22.852456174184802], [-43.09796717782646, -22.838940531808394], [-43.09876760968075, -22.829094020282476], [-43.09172957206505, -22.822426382183163], [-43.07691225708081, -22.81769624099801], [-43.07238360190842, -22.807999077146125], [-43.06417735047579, -22.808267479566656], [-43.06067210979166, -22.800837945169413], [-43.049958130669275, -22.793729050944787], [-43.051720555704215, -22.787765449521885], [-43.04904721368927, -22.782565470092962], [-43.04198594104003, -22.77995133309498], [-43.039791420147246, -22.790297546299122], [-43.04171582567241, -22.794248376920326], [-43.04982365596204, -22.795369075504176], [-43.05136762468757, -22.81209618817847], [-43.04901651448244, -22.818506723619333], [-43.03773937511954, -22.818930809495228], [-43.03660358776877, -22.838638169942012], [-43.041938330421324, -22.839060389811785], [-43.04621613248575, -22.83472736027567], [-43.05457609807559, -22.83629564037141], [-43.05535936833501, -22.846113794811554], [-43.057612715401426, -22.848007137808132], [-43.064886320911725, -22.847245410229235], [-43.06773376228656, -22.85049133504897], [-43.0718535234218, -22.850377594369405], [-43.07670908229857, -22.843946346190815], [-43.0827651108017, -22.846662695647737], [-43.07524729215878, -22.856785948303664], [-43.06191307073222, -22.858765686833816], [-43.06755422587109, -22.869473466638507], [-43.06501010121798, -22.874661179821235], [-43.05641081552192, -22.872519810619856], [-43.04629645817957, -22.876762418520684], [-43.04554904434474, -22.884059872083114], [-43.056465931683974, -22.883701379942092], [-43.059678843337565, -22.88780306845479], [-43.05399788765187, -22.890062353953546], [-43.0468441533052, -22.898119932364715], [-43.047762119053125, -22.905967643350007], [-43.04242968140504, -22.90834557344146], [-43.043246303676476, -22.91390938855436], [-43.04716448102823, -22.91510556512153], [-43.04989501813293, -22.920670354561256], [-43.05465318492311, -22.919756252477853], [-43.05690652783531, -22.915810979114816], [-43.073005685197394, -22.917782794194665], [-43.07978543470165, -22.91440671594053], [-43.08184039541481, -22.91776077771379], [-43.086764938280844, -22.91862943430317], [-43.09144443502889, -22.923990027239096], [-43.09168495300191, -22.92952373588365], [-43.09839066470609, -22.933904516518883], [-43.09687456439863, -22.916285739798795], [-43.11092358039668, -22.914986065298756], [-43.11771238520105, -22.90563990364624], [-43.13140817508189, -22.909725934491096], [-43.13625645502759, -22.903305011733703]], [[-43.06661839240903, -22.89609697013723], [-43.06537283061289, -22.899728650160483], [-43.0609954535754, -22.897797295292573], [-43.06279994339695, -22.89435127474106], [-43.06661839240903, -22.89609697013723]]], [[[-43.040205428262546, -22.796198098601963], [-43.030799343146306, -22.795213327088067], [-43.027912075090036, -22.79006369876815], [-43.02879019559803, -22.787308615840058], [-43.034634724972214, -22.785562228826976], [-43.033790041902826, -22.7760519258215], [-43.021739003133206, -22.774884090069918], [-43.018630559154396, -22.77779204721278], [-43.0209856414313, -22.78323140574287], [-43.01843841445536, -22.78974667822992], [-43.02282641625746, -22.800582070148515], [-43.02234195846363, -22.810842216198537], [-43.01530464840284, -22.812687460163083], [-43.00990419313465, -22.807132260629775], [-43.00109583514251, -22.808713450937493], [-42.988161128487285, -22.801210557506227], [-42.98898618347571, -22.798154006871666], [-42.993544981330956, -22.796121233501502], [-42.993521111685325, -22.7889934977578], [-42.977651256204965, -22.78657645487636], [-42.97680663210753, -22.776401348011674], [-42.97330162000592, -22.77423130855181], [-42.96818194046637, -22.786953942767518], [-42.976915528870734, -22.790150844576736], [-42.978705769493814, -22.800204941661608], [-42.974535025284766, -22.80453381033227], [-42.96495846389523, -22.803460779467613], [-42.95915554553915, -22.810691580293934], [-42.9524878862375, -22.813183345667042], [-42.95240793129137, -22.818529801848925], [-42.95555507936705, -22.82062294697818], [-42.95960612498144, -22.820557245113417], [-42.962967022281404, -22.81603700055627], [-42.97379474861227, -22.818320339052413], [-42.97660885033326, -22.833525007216533], [-42.9845581338793, -22.831367580157877], [-42.982914120012786, -22.820618328566013], [-42.97595617119098, -22.8172496631887], [-42.980976344987454, -22.808246917530347], [-42.993361292698005, -22.814516386326865], [-42.99598222722212, -22.82244527719413], [-43.00321363484262, -22.826158413944082], [-43.002495338090604, -22.834980927883855], [-43.00846154601762, -22.837821260536565], [-43.008748966317114, -22.84108232088578], [-42.994359607566864, -22.839384512021034], [-42.98685843947988, -22.849448552689537], [-42.99409252269925, -22.8559612860163], [-42.990223631356166, -22.862639110575344], [-43.00043840874988, -22.86903365615218], [-43.0040546049963, -22.876546320285478], [-43.01541213500757, -22.87042491497273], [-43.02231631582191, -22.870812773410535], [-43.02415774362364, -22.864845086001132], [-43.01892662983888, -22.856468970276318], [-43.01485610257641, -22.854609733094946], [-43.00564995569778, -22.857165448422865], [-43.002991979947346, -22.85229668265318], [-43.00725405166303, -22.842563861186715], [-43.01488877296813, -22.84667786167495], [-43.020951160806625, -22.84477048208541], [-43.022798261848656, -22.83944871104552], [-43.01740558701546, -22.83267244947477], [-43.02375016704188, -22.82819916175221], [-43.02455769342855, -22.820787813117448], [-43.02984758888704, -22.816479482509287], [-43.03080780582993, -22.812003823424725], [-43.04278612170716, -22.80945565935128], [-43.04383206785099, -22.80182638312559], [-43.040205428262546, -22.796198098601963]]], [[[-43.09952092340695, -22.951560570831983], [-43.096636231428526, -22.94895177127463], [-43.08962290959624, -22.94883066586979], [-43.085819116354145, -22.951669118812074], [-43.076794795316914, -22.95025718742011], [-43.06803541980103, -22.952087021580372], [-43.06520437447153, -22.94475268574314], [-43.075183972645114, -22.938453264060332], [-43.07142781903907, -22.925740877415393], [-43.06126212525619, -22.924108308798626], [-43.06170248048769, -22.930784960694794], [-43.05204732279675, -22.9364461021811], [-43.04212007006511, -22.928488965752543], [-43.03780678337239, -22.93457456851629], [-43.027576518942254, -22.934016761499567], [-43.023548522758425, -22.930687241858283], [-43.01711748822229, -22.92991861943522], [-43.01194070961096, -22.917172230487054], [-43.00383798879966, -22.918214915715474], [-43.00374794331273, -22.926794229373836], [-43.01176945624626, -22.93310480302672], [-43.00874915003699, -22.945230080120538], [-43.014078469166954, -22.946185629514122], [-43.0190477273669, -22.942985174290765], [-43.02043078607904, -22.937882938395706], [-43.02575037255208, -22.93918170097749], [-43.0219147139275, -22.944265062811684], [-43.020324281141086, -22.95438413160478], [-43.02858043753947, -22.958593260984227], [-43.027835768519175, -22.96633908430015], [-43.03002062157332, -22.969389217840288], [-43.038820234112166, -22.966769554515377], [-43.03534138865741, -22.958890141470498], [-43.036811906588, -22.951645383893382], [-43.04154092147444, -22.948285331019218], [-43.0489936564854, -22.95475345503197], [-43.051844478327986, -22.96339568840007], [-43.086301714897864, -22.954111793126994], [-43.098267332928, -22.954433225629604], [-43.09952092340695, -22.951560570831983]]], [[[-43.42346141885057, -23.003399589848854], [-43.419831451716234, -22.993652400118485], [-43.388005260155055, -22.993957545260617], [-43.387124684947906, -22.983540777481963], [-43.383893161005695, -22.978641612835162], [-43.3746752237976, -22.983385846422472], [-43.36956976328596, -22.979564537420526], [-43.38175275425111, -22.974127355056808], [-43.38402891397133, -22.97841135839512], [-43.39195245378208, -22.976690364481765], [-43.402695583340375, -22.978560814430157], [-43.411421918776036, -22.987042813048255], [-43.415246671228054, -22.987216783929583], [-43.420527313043785, -22.978647158645526], [-43.41790836628232, -22.974705850780943], [-43.41974572387743, -22.96718834100969], [-43.41018302962346, -22.95977875912906], [-43.40951061116656, -22.955024558894124], [-43.39893129466602, -22.954742229956153], [-43.39679804343854, -22.952713821684576], [-43.397392662604126, -22.94111901728204], [-43.40261703508774, -22.93558046596582], [-43.409879116573926, -22.934476142146504], [-43.407414637629955, -22.92507653983887], [-43.41427723714671, -22.92035428396515], [-43.41344529977991, -22.914791446779034], [-43.4028189889012, -22.90804165113311], [-43.39747546383432, -22.910203147947627], [-43.39420217759423, -22.90793598666442], [-43.38676695408671, -22.9081521219386], [-43.380681649790205, -22.903072306679572], [-43.372849235316956, -22.905429527729105], [-43.369718450189026, -22.9030610222869], [-43.36998448389203, -22.89421815028464], [-43.375474674495614, -22.890380770646832], [-43.38320121855669, -22.89277320339836], [-43.38996282194094, -22.888705501426546], [-43.39662557646761, -22.898445324559194], [-43.39981115639964, -22.898302360636773], [-43.40339352755983, -22.89142875448149], [-43.408248940479474, -22.88975557253993], [-43.415959106170476, -22.896968222682144], [-43.418916656177615, -22.895665561245018], [-43.41447530877318, -22.88210104264389], [-43.41913652194199, -22.876686599059113], [-43.417070540712686, -22.870281166518403], [-43.40767231376987, -22.869436231575452], [-43.40269616246174, -22.878769995540836], [-43.39645782445954, -22.87960495654419], [-43.38802212469068, -22.88701389416097], [-43.380505087504254, -22.884205364400533], [-43.37543921839267, -22.875348010564625], [-43.37653552118201, -22.870413812729865], [-43.373222426293516, -22.864494130309136], [-43.37755114993018, -22.860007875703484], [-43.39973959590291, -22.856720635950957], [-43.39798451106065, -22.845767905236013], [-43.39179065751285, -22.84998481992792], [-43.38751544276989, -22.849957508944655], [-43.38302596251309, -22.843458665788834], [-43.383778131106695, -22.83997410114451], [-43.41142087334255, -22.84235215239298], [-43.41961836420933, -22.833267771398685], [-43.417714959552775, -22.827367497371313], [-43.41979136851977, -22.82110019454015], [-43.41767456738414, -22.818088787158068], [-43.408894210338424, -22.815817000375823], [-43.4031088670898, -22.80982230253958], [-43.38769718428085, -22.809771181469593], [-43.37385991688176, -22.80503433908832], [-43.37293049327316, -22.79903873224247], [-43.381978662404435, -22.80017221985814], [-43.384259135989815, -22.794568299329804], [-43.368825567345674, -22.777282036196798], [-43.376379463973436, -22.771099948281282], [-43.385439913737386, -22.771439940607532], [-43.387314968699954, -22.774716704768366], [-43.382056135189764, -22.778444291205588], [-43.3820574423939, -22.782545542286783], [-43.38635063534688, -22.784424964203833], [-43.392051950286564, -22.77948979054442], [-43.397893132422894, -22.781881484593868], [-43.40397486240438, -22.790439950609134], [-43.398801181458964, -22.801567262500523], [-43.404373968372994, -22.8061133968811], [-43.41131734329988, -22.80413147152812], [-43.41120891629365, -22.79765585469118], [-43.415026229496384, -22.79113462103186], [-43.41061648637354, -22.778867170391567], [-43.41658533293563, -22.77667410829279], [-43.41857690522602, -22.77322270539758], [-43.41867655431169, -22.761478163599023], [-43.410849424458085, -22.75573798362166], [-43.410113042119534, -22.751716673854617], [-43.4061764506709, -22.750652873567276], [-43.39292274729706, -22.761397883863797], [-43.38630581884718, -22.75845812065664], [-43.384378610996606, -22.75373304491164], [-43.37906977921922, -22.753432989624937], [-43.37788076789762, -22.74616287569355], [-43.380497248198836, -22.74085246673132], [-43.38564791670136, -22.738230317605424], [-43.3877871130132, -22.732047247758697], [-43.395143053090976, -22.736517632891783], [-43.399191604930714, -22.745028788631874], [-43.410365882498986, -22.738679506419487], [-43.41703203812042, -22.737924809330757], [-43.41823195909973, -22.729117018440846], [-43.41194093382652, -22.724922280193045], [-43.414115330985666, -22.716421904612023], [-43.407485593611696, -22.712955426184582], [-43.405140730949675, -22.70876206292635], [-43.397232523572285, -22.710603836318302], [-43.38450065754134, -22.708518109173603], [-43.38108716372654, -22.71365451753625], [-43.36688609197975, -22.71713482977253], [-43.3598763713339, -22.72355867872764], [-43.3549196990369, -22.71543039273611], [-43.343843506427014, -22.71789441802988], [-43.33842743934519, -22.713588853823723], [-43.33103887188617, -22.717908803746067], [-43.32204669866742, -22.714999536665253], [-43.31704633362155, -22.719669565156956], [-43.30982250932516, -22.7188813045382], [-43.307519521507814, -22.725198254796727], [-43.31103506293896, -22.73198503335879], [-43.325254098296, -22.735354218700934], [-43.324947105057845, -22.741039503236138], [-43.318115404374375, -22.748368732820268], [-43.30223778608563, -22.74484321939613], [-43.2850372503457, -22.74660988994797], [-43.25533791971167, -22.74354032216891], [-43.251858545594914, -22.749339756639998], [-43.2549085007424, -22.752989008689546], [-43.26790392803199, -22.75428675775612], [-43.27059114948166, -22.76160483018195], [-43.277759666864036, -22.766681611234823], [-43.282999808343305, -22.764840084380456], [-43.28434778647045, -22.75756309226027], [-43.29360845591691, -22.75975291524402], [-43.29715710111169, -22.7538122016771], [-43.30402423792423, -22.753419608680417], [-43.33014744638286, -22.761260361536472], [-43.332161514240624, -22.764728931053487], [-43.33055616030786, -22.76994732196856], [-43.32536950252364, -22.772236343986677], [-43.31995289191133, -22.767186119870093], [-43.31304898540215, -22.77054128984394], [-43.29992840951121, -22.766992870322703], [-43.29671737748499, -22.772304116768314], [-43.29683400468373, -22.77982156520192], [-43.293100299361235, -22.78165301659333], [-43.28785292235849, -22.772544710335474], [-43.282392222139, -22.772595255739514], [-43.28271587977894, -22.789156432581418], [-43.27518801974008, -22.79558064395386], [-43.2741282185896, -22.80379087282918], [-43.28335287137962, -22.809600161466673], [-43.28331757277196, -22.81428575484641], [-43.27991887810145, -22.8173038343433], [-43.26884944517959, -22.81650365237555], [-43.26890098120956, -22.824001356268948], [-43.27188609193221, -22.82672257811971], [-43.277898720990315, -22.826376615021875], [-43.278600693969686, -22.83111387600613], [-43.27151095031752, -22.83326378428093], [-43.26981369300386, -22.838484598666852], [-43.26398976547579, -22.842711542618943], [-43.25511614420202, -22.83608462134226], [-43.24492190882292, -22.839351579296753], [-43.240045632148494, -22.862779108087977], [-43.23700950196399, -22.866751590708734], [-43.23033879199625, -22.866698415166667], [-43.22303777825422, -22.87219139900463], [-43.21576809517743, -22.87107336250188], [-43.211205395401265, -22.866439551511604], [-43.20443151622296, -22.868951340494686], [-43.20417709212779, -22.876994470643155], [-43.213844177366916, -22.886257541892526], [-43.2100478572741, -22.895229442290038], [-43.19722955634669, -22.890797135166302], [-43.18859268301482, -22.890680928408965], [-43.179271305685226, -22.89561022396663], [-43.17776477062271, -22.902953759908808], [-43.17237351734458, -22.904963449315584], [-43.167750004655375, -22.912642848007607], [-43.171561410567165, -22.917256969884352], [-43.16848500356767, -22.922005527322217], [-43.16998881653052, -22.93806992984127], [-43.17622203282084, -22.947242085650917], [-43.16483894163324, -22.953172915537657], [-43.165827190990605, -22.95823587940956], [-43.16201017219081, -22.963431156456004], [-43.17682119611015, -22.968306317430557], [-43.18481001870077, -22.97388401169617], [-43.18862820485971, -22.981774182842507], [-43.183866180834116, -22.987334400947354], [-43.19036237250683, -22.99109725869129], [-43.199501445360596, -22.988085005478894], [-43.225380179243245, -22.988646255938157], [-43.23980492285454, -22.998771817741464], [-43.24651501363354, -22.997956574417593], [-43.24961079863254, -22.992935141076984], [-43.255944572549325, -22.999715172928678], [-43.275356532512724, -23.002300278882586], [-43.275860337229766, -22.99890374134304], [-43.27136134343413, -22.992174423737723], [-43.26343840551753, -22.994077763441524], [-43.25183978706025, -22.982470265599847], [-43.23898511877948, -22.976950743083346], [-43.23560306124379, -22.97133841943975], [-43.24194595438978, -22.9692810207988], [-43.240962904589324, -22.964951775365908], [-43.230131514214776, -22.96372415344893], [-43.22366258972408, -22.958314666086768], [-43.214689942277005, -22.95966038206703], [-43.202047036206636, -22.9534504986322], [-43.20047402851916, -22.94730456113851], [-43.20877916512386, -22.944549719288208], [-43.210032428719266, -22.94168997719532], [-43.2061594367704, -22.938344738440524], [-43.206023825278585, -22.934133933485523], [-43.21190621657647, -22.929833801711602], [-43.217081157543944, -22.932909956057777], [-43.22266938236855, -22.92920949546702], [-43.239960057017065, -22.937706901122887], [-43.24121191650628, -22.944161533428503], [-43.248284034433816, -22.941581619033318], [-43.25314435962968, -22.94587503058667], [-43.25837716426123, -22.946428307233155], [-43.259659844349855, -22.950496584025604], [-43.263112515067874, -22.95157941948349], [-43.26629698506943, -22.945022846047358], [-43.262335767216896, -22.941160936803982], [-43.25810108639211, -22.942069303805248], [-43.2570970250818, -22.938948666637934], [-43.263792241795294, -22.937760117444252], [-43.26320928110002, -22.932760349968945], [-43.269071873085174, -22.928257874085013], [-43.266720021087544, -22.923173269234535], [-43.27107725422883, -22.916654171999006], [-43.28452607191073, -22.920209042004736], [-43.29194818316178, -22.915926706444758], [-43.301095562626635, -22.91877537443171], [-43.305278657537485, -22.909499342830724], [-43.317845504565454, -22.90920933456979], [-43.320800001235554, -22.89892145278883], [-43.327710016483984, -22.90009620016267], [-43.331572890819125, -22.896343784192066], [-43.33727818354886, -22.895908379756662], [-43.3448056650714, -22.909667108953528], [-43.33931231918824, -22.916690167990147], [-43.339970742474634, -22.931238848393132], [-43.337405498224975, -22.932778817506993], [-43.32793561188403, -22.930966517475202], [-43.32168750121723, -22.933329310826295], [-43.3185200225143, -22.93961797387028], [-43.325146247231125, -22.94638847608601], [-43.323534143148606, -22.951704270276355], [-43.33073407884603, -22.965492383375192], [-43.3249789582731, -22.971415733805614], [-43.332475407671446, -22.98242656164429], [-43.325607896220724, -22.98619970229663], [-43.31973423234422, -22.984650866767517], [-43.315252228586935, -22.986467493438713], [-43.30960051689494, -22.98486701550676], [-43.30841803966569, -22.980867191070413], [-43.305972348345705, -22.98055676628681], [-43.300655476707036, -22.985039370601378], [-43.29263387053291, -22.9861245313965], [-43.29248208385688, -22.988813568956374], [-43.29859411778873, -22.992988816701917], [-43.304231927171834, -22.990883723540044], [-43.307063203543244, -22.994392183500146], [-43.30264202700595, -23.004599475667394], [-43.28632346338628, -23.0074608501607], [-43.28703830906395, -23.014061482874897], [-43.31252915862147, -23.01620128793909], [-43.345222501486724, -23.010980418863358], [-43.355669215367406, -23.006178910295127], [-43.36177871853017, -23.00761107068158], [-43.36428790073964, -23.011943381026093], [-43.37153035105838, -23.012074244668423], [-43.374175556809234, -23.007465108048333], [-43.39233526463833, -23.00512471108227], [-43.39986884531549, -23.006815853455198], [-43.40655520105392, -23.002571128498456], [-43.41804025510333, -23.011665781623382], [-43.422795223867276, -23.01180248333711], [-43.42346141885057, -23.003399589848854]], [[-43.233850191847175, -22.97362561106241], [-43.20738144342349, -22.979026547843826], [-43.20192569318902, -22.977241195930034], [-43.19420435099688, -22.968552676865837], [-43.198174235837335, -22.965563957449444], [-43.203980641212254, -22.967527922419595], [-43.206101862165205, -22.964074163713725], [-43.21048779525422, -22.963696826876202], [-43.21635513690297, -22.969268065141762], [-43.22695332348215, -22.96688184497398], [-43.23410537871796, -22.97024920243585], [-43.233850191847175, -22.97362561106241]], [[-43.23578195204598, -22.98734046941863], [-43.23956492116635, -22.987037949631787], [-43.24020757654939, -22.991275003356296], [-43.23583239890911, -22.991106340414333], [-43.23578195204598, -22.98734046941863]], [[-43.299902377753995, -22.857893281201758], [-43.298178797656526, -22.860225131794547], [-43.291324858240685, -22.860473840286566], [-43.28905176080171, -22.854160855926594], [-43.29272244370225, -22.85252480117294], [-43.299902377753995, -22.857893281201758]], [[-43.3064465831527, -22.88922692677956], [-43.303478195163805, -22.896350947909607], [-43.29212804185474, -22.897964000941023], [-43.292218393389106, -22.895106551823986], [-43.30132676500977, -22.88606089955656], [-43.30567292480139, -22.886027823512986], [-43.3064465831527, -22.88922692677956]], [[-43.29697436112839, -22.80010736520679], [-43.29882488787656, -22.803003116646334], [-43.295723509298334, -22.804812597177477], [-43.293843635386985, -22.80179757329093], [-43.29697436112839, -22.80010736520679]], [[-43.319059794139186, -22.832320333024928], [-43.31586852913239, -22.84278405348818], [-43.31127031987223, -22.843465532670976], [-43.307168503401314, -22.834481066589305], [-43.31489870974496, -22.83033204760457], [-43.319059794139186, -22.832320333024928]], [[-43.316170938656846, -22.78364338196317], [-43.312129553211165, -22.78062034579199], [-43.312576691580276, -22.7748154437031], [-43.324003455647, -22.775284696923126], [-43.326056708304634, -22.787750354695746], [-43.31926469794331, -22.79015351913805], [-43.316170938656846, -22.78364338196317]], [[-43.320157341526546, -22.99569398473502], [-43.32206737263325, -22.998119957056], [-43.31997605712587, -23.000424727629056], [-43.3140836800988, -23.000620374175604], [-43.31170933755181, -22.99690672239116], [-43.31576342594444, -22.990633813247342], [-43.320157341526546, -22.99569398473502]], [[-43.3695467172735, -22.742467301551514], [-43.36593881770447, -22.758486143689552], [-43.344507392178905, -22.75547174216398], [-43.34122287900726, -22.753014092890552], [-43.342015905706845, -22.74633625672493], [-43.33469201273648, -22.742990215202564], [-43.33452581054805, -22.735248246384373], [-43.32630319467891, -22.733596693414626], [-43.32546843612333, -22.729286179752847], [-43.33220073402705, -22.72572214076852], [-43.34027322558505, -22.732486444738715], [-43.34753617906311, -22.73423937687519], [-43.3575776598546, -22.73018776378999], [-43.36045905868149, -22.738884105426887], [-43.3695467172735, -22.742467301551514]], [[-43.36432653399667, -22.98167069667768], [-43.36319520470746, -22.998369791545436], [-43.34730188349576, -22.99995495759561], [-43.34448918511268, -22.99441969203671], [-43.33501155675712, -22.996674884091046], [-43.32315419415158, -22.995085174806373], [-43.32611286981867, -22.990746739912133], [-43.332174458138226, -22.989293745794814], [-43.333689769327556, -22.984686534576262], [-43.342598398696474, -22.983747786024892], [-43.343634850616716, -22.977556135470525], [-43.33935925979173, -22.972339970076927], [-43.341096931449506, -22.96844870712251], [-43.346955945668284, -22.968529650256183], [-43.352313279688474, -22.974711929474136], [-43.35397155429217, -22.968823026878642], [-43.357888151144806, -22.968663472792255], [-43.36432653399667, -22.98167069667768]], [[-43.35307293518163, -22.85632058010998], [-43.35023956584781, -22.86263846461963], [-43.34597583706553, -22.862880101117412], [-43.34670608754071, -22.854771088440703], [-43.35136523575032, -22.85228467015761], [-43.35307293518163, -22.85632058010998]], [[-43.34837501400193, -22.912256940776953], [-43.34506799647931, -22.910132054866747], [-43.34771253654027, -22.907328493386654], [-43.35080411603281, -22.909537954552928], [-43.34837501400193, -22.912256940776953]], [[-43.357072995665995, -22.80766201556341], [-43.35572712804697, -22.811664398309496], [-43.35215330508232, -22.811135149215293], [-43.35270342066543, -22.805697120278356], [-43.357072995665995, -22.80766201556341]], [[-43.37991550755102, -22.967317690300238], [-43.37665340323819, -22.97169099257769], [-43.36544492596415, -22.972268402655178], [-43.36008291961087, -22.96692882230273], [-43.360745153392756, -22.958722776876634], [-43.36740090890533, -22.957730017641246], [-43.379479546497606, -22.96393173937281], [-43.37991550755102, -22.967317690300238]], [[-43.3750763101224, -22.99462545371595], [-43.37257123512131, -22.99655858017234], [-43.369999043491426, -22.994633205135187], [-43.37389554435224, -22.987333885812802], [-43.37679873630888, -22.989251828102464], [-43.3750763101224, -22.99462545371595]]], [[[-43.239910105603634, -22.811413491216825], [-43.24165042465915, -22.808161961472997], [-43.23937457460871, -22.805878350290932], [-43.21628265354529, -22.804747886365075], [-43.21405146142444, -22.791387717814967], [-43.204868515001706, -22.79349656845967], [-43.19182317909906, -22.792256197473563], [-43.190209937813215, -22.782393803589375], [-43.166066808101824, -22.786597439772127], [-43.166964398005994, -22.79122833986762], [-43.176978388705656, -22.80321036733809], [-43.174896835861816, -22.81488525790697], [-43.17071869725367, -22.819940183731777], [-43.17292545133848, -22.826408966415496], [-43.180140683909336, -22.828091994797802], [-43.18470282786001, -22.822678471865498], [-43.18996210930578, -22.82329527352399], [-43.19372662568885, -22.81892851423559], [-43.19321066437965, -22.811018240343362], [-43.19658100169474, -22.80900929618166], [-43.220485823809746, -22.810293988320936], [-43.22873142163716, -22.823121980248448], [-43.238793770433396, -22.81661590947958], [-43.239910105603634, -22.811413491216825]]], [[[-43.304090531172164, -22.691178576698544], [-43.29929053714449, -22.68870818761607], [-43.295792081072676, -22.682471509424666], [-43.29222580668325, -22.682387434505063], [-43.28925867781902, -22.68798487421468], [-43.29719394562042, -22.692482320379096], [-43.2964226341551, -22.698192301798134], [-43.277593686572025, -22.69958980331821], [-43.27661883927894, -22.707581765863456], [-43.27356818464281, -22.70931615380923], [-43.26952667179806, -22.706481986372452], [-43.2658487150426, -22.69643724778103], [-43.251282869643326, -22.68665073367344], [-43.24730930094938, -22.68652936300443], [-43.242334161592396, -22.691764000905565], [-43.243050281632065, -22.700853668633957], [-43.24606731766882, -22.70462445003335], [-43.25918412779088, -22.70661486926341], [-43.259631927991954, -22.71666145847697], [-43.28641783893837, -22.71175909725881], [-43.28972914428115, -22.728867940687678], [-43.29432363289247, -22.700349980499638], [-43.30420537794823, -22.6963810785667], [-43.304090531172164, -22.691178576698544]]]]}}]}