{"type": "FeatureCollection", "features": [{"type": "Feature", "properties": {"threshold": 70}, "geometry": {"type": "MultiPolygon", "coordinates": [[[[77.02085200306057, 43.29826428326782], [77.03378231150516, 43.3040698211759], [77.04301577236848, 43.31234338821939], [77.05033347484665, 43.31287721592933], [77.0567482477007, 43.324563137015666], [77.0738500646636, 43.317065473306464], [77.07257179338268, 43.31213394725555], [77.06446490903043, 43.31062180141644], [77.07042968460613, 43.299903698911585], [77.06227237090471, 43.29628662536869], [77.05652789127534, 43.29625292544533], [77.05274475126912, 43.29165255911438], [77.0411802608281, 43.294218784235284], [77.02937144533266, 43.29270880152153], [77.02063884759673, 43.2957525399288], [77.02085200306057, 43.29826428326782]]], [[[77.02370156372216, 43.476925697243715], [77.02887308902496, 43.49523610324498], [77.03481427958685, 43.49822566254035], [77.03706655120281, 43.51109891621954], [77.04087349129365, 43.512778443244855], [77.04878616386682, 43.511171917761914], [77.0460138453309, 43.49669556438349], [77.04920168713457, 43.49215590692013], [77.05589133014291, 43.49232304946793], [77.05888799493191, 43.487793302472404], [77.05520022130939, 43.479149704610926], [77.05643506815007, 43.47350119556071], [77.04626756528522, 43.47395037601524], [77.04164444729277, 43.47069255370172], [77.03074131394875, 43.4701471111121], [77.02370156372216, 43.476925697243715]]], [[[76.71191772991149, 43.17277561391555], [76.7406843767046, 43.18206669021095], [76.75100212684971, 43.18024942554697], [76.75384479134411, 43.18157730090238], [76.74232248612039, 43.19424217033652], [76.73960232719706, 43.20081358975654], [76.74261226662007, 43.211968832420936], [76.73999145906738, 43.21645716138039], [76.73459872602041, 43.21841315697542], [76.7299721211775, 43.22722070976522], [76.73923767521414, 43.23386426617472], [76.74541581687866, 43.23199749557107], [76.75354262612265, 43.23474440306665], [76.75231801063123, 43.239309193214226], [76.74085174038719, 43.23903740619121], [76.74098158357144, 43.248530314146876], [76.74738294892659, 43.254459307168425], [76.76158888843072, 43.25388318860206], [76.76029125340271, 43.26336196958594], [76.76424093148206, 43.265643517191606], [76.76549677084219, 43.27464677379879], [76.76879056130502, 43.2754361393403], [76.77850861343418, 43.26603390816726], [76.78840173134307, 43.2706309623369], [76.79344338706807, 43.28134282236402], [76.80437413865496, 43.2796266134854], [76.81362964166995, 43.283855016882654], [76.8206335488861, 43.281033929216235], [76.82489237132769, 43.28220803639804], [76.82269762512405, 43.294976446565606], [76.834006515638, 43.30175130989928], [76.83684646063317, 43.311790148312404], [76.83484456640949, 43.322341913141194], [76.84152076828977, 43.32486285347792], [76.83966546556981, 43.3342757425324], [76.83168574400676, 43.33845109625521], [76.82895650302441, 43.34723206722438], [76.83506593251946, 43.356427171854904], [76.84429218624092, 43.36314061047076], [76.84923288440041, 43.38658636184958], [76.85935026761702, 43.38923899261171], [76.86595136632664, 43.382679057461274], [76.86201626929436, 43.37641893584726], [76.86514314651842, 43.37298473200692], [76.87094001506084, 43.3742168715035], [76.87482883730905, 43.38148475223912], [76.88025606938828, 43.38154850585779], [76.87823160591856, 43.372941039478036], [76.88884443066175, 43.37235090565533], [76.8970955195016, 43.3659836996546], [76.90451014440579, 43.36561110784098], [76.90790477037982, 43.36826020454462], [76.90976445974964, 43.37537155036315], [76.90468874603326, 43.37831994111786], [76.90701537600653, 43.39097953418727], [76.91431744221917, 43.392040715132865], [76.92038114563809, 43.39790998786224], [76.91450480549733, 43.40023797685563], [76.90566325824402, 43.39855784512363], [76.90256853133599, 43.40834310878336], [76.89257030465181, 43.40350586668869], [76.886752765184, 43.40380122883938], [76.88416811568946, 43.41885083576195], [76.88853036672887, 43.42026313713775], [76.891211329335, 43.42531918139221], [76.89885095678325, 43.42541448934018], [76.90563918417445, 43.420625429597784], [76.91869001993855, 43.41812543930737], [76.92182316262311, 43.41283137153754], [76.92079663260742, 43.39857116813166], [76.92411725070419, 43.395527317329226], [76.92393257889003, 43.388980849693155], [76.9145270016071, 43.387421462518006], [76.91204868391755, 43.38250992417096], [76.91832475176781, 43.364263164970716], [76.92516615095192, 43.363008420038135], [76.93015229162368, 43.36738725835385], [76.93017393212982, 43.374706602997314], [76.93732527892905, 43.38478650930014], [76.93675257806314, 43.402910763381165], [76.94519668056176, 43.40394888039025], [76.94677899916444, 43.38009374298312], [76.95754744057287, 43.37856744613434], [76.95575069754598, 43.37204161388871], [76.96026712146116, 43.36545917763861], [76.97424355082967, 43.36257626284348], [76.98917036532357, 43.371372457168754], [76.99303151939274, 43.380771063181335], [77.00224316527331, 43.38411764112535], [77.00036938254668, 43.39185498992137], [76.99334852548608, 43.39683639656975], [76.993706297342, 43.39945603141304], [77.0016628034347, 43.40237539574086], [77.00367384785329, 43.41016263905269], [77.00284820523679, 43.41681393149433], [76.997973787127, 43.42119442206369], [77.00708346924976, 43.43168087424818], [77.01658483920399, 43.435728177960634], [77.01881695347802, 43.44049757000258], [77.02406569585051, 43.44078674829732], [77.02790358439218, 43.443985640215914], [77.02760290517938, 43.45727517640682], [77.03003914124476, 43.45971087772684], [77.0339231083125, 43.4595668891858], [77.03609680908708, 43.45768249843053], [77.03569673661211, 43.446755071337996], [77.04124209339717, 43.444726050352955], [77.04113884720039, 43.43823887351495], [77.03953622403071, 43.43619966029714], [77.0325683671377, 43.4357680821723], [77.03154356218397, 43.43284278201821], [77.03362960182707, 43.429672161667966], [77.04058613020374, 43.42827522511682], [77.04249906898315, 43.422330477546744], [77.03263660900544, 43.42053698301369], [77.03099589194896, 43.41787413537199], [77.03975499311271, 43.398356832847924], [77.04034063994087, 43.387587625909156], [77.03268189950602, 43.386548389269116], [77.02664499435991, 43.38884008062633], [77.02417514301443, 43.39929205184069], [77.01583329990483, 43.40042931892288], [77.00983758333756, 43.39721386193726], [77.00916762374644, 43.39083863946199], [77.00413510669378, 43.38686932798441], [77.01164430825446, 43.382462676242426], [77.01349808572996, 43.376590236277465], [77.0141480328233, 43.368714770807564], [77.00688656910229, 43.36738340575264], [77.00754447477084, 43.361730961583824], [77.01184476939034, 43.35919780643463], [77.01759266664558, 43.36262247730289], [77.02145493359578, 43.36069786025516], [77.02122566899091, 43.35735737773871], [77.01233496613922, 43.35210071838398], [77.0145882886927, 43.34384917456191], [77.01980113912853, 43.34151430272528], [77.01985535638165, 43.33546236804842], [77.02603085712492, 43.331102645832914], [77.02606255001987, 43.32782303918664], [77.02228468085404, 43.325261672993534], [77.01655886805597, 43.32887515455144], [77.0078522090358, 43.3283106690134], [77.0009963615809, 43.33386163884214], [76.986108469656, 43.32037081807601], [76.98678061445696, 43.31447733843337], [76.99556456775942, 43.31466543473864], [76.99713755310626, 43.312845146134556], [76.99271562041315, 43.30701376216714], [76.99595021651056, 43.30451477238755], [76.99894597431467, 43.29263307625637], [77.01691115945485, 43.29208804941869], [77.02181827801252, 43.286103950797965], [77.0206712182837, 43.28214694650774], [77.01227232163598, 43.279172111663364], [76.99054659968802, 43.283118049959846], [76.98611203320343, 43.28036919917104], [76.98043424358892, 43.28057149743353], [76.97843311632089, 43.28999544305726], [76.96823789850421, 43.29285497769151], [76.96743708428576, 43.298037165571294], [76.97145148983334, 43.30145281143202], [76.96856254631275, 43.30403175566471], [76.96878954505141, 43.318274956486455], [76.95706595840404, 43.31826781341542], [76.95345731539275, 43.3280335293342], [76.94552120108938, 43.326677451170426], [76.93891360734979, 43.317743476779526], [76.93523370882599, 43.317994146487436], [76.93277627198702, 43.324524076062545], [76.92903330294013, 43.32521365156112], [76.92167796547758, 43.31641361482528], [76.93235282424207, 43.3046735930984], [76.935819788968, 43.305188642499736], [76.93713664737635, 43.3087248314166], [76.94392131538841, 43.307665611281955], [76.94132438812174, 43.30047465104432], [76.94375962287374, 43.29345538482382], [76.95385544760099, 43.29155389415069], [76.9547175744408, 43.285622285307966], [76.95184885597106, 43.281688382653336], [76.95780841089785, 43.27316662273969], [76.96416212193596, 43.269051025430684], [76.97529492365503, 43.27011010042098], [76.97918797932442, 43.266191993015404], [76.99450712760611, 43.26253616624699], [76.99422258021615, 43.25165750102804], [76.98766548419873, 43.24921469971317], [76.97571705130424, 43.25164655223579], [76.9749054428369, 43.26002822587384], [76.97038417152783, 43.26069324848105], [76.96604240934926, 43.25495756318605], [76.96514437375278, 43.243280760763646], [76.967347475387, 43.241155790166765], [76.97360459598815, 43.241771700322566], [76.97672483714507, 43.23867276962726], [76.97529376102113, 43.21830547003853], [76.98724568825934, 43.215066718901916], [76.98734903958953, 43.2089558975702], [76.99261585121538, 43.2059949845657], [76.9926545508747, 43.20220967139534], [76.98773964445361, 43.201007339877776], [76.98650904162145, 43.197383000304775], [76.9976411993959, 43.19435631363467], [76.99868848920802, 43.19125737752324], [76.98962507400846, 43.18774025809757], [76.98085365913236, 43.187413592285075], [76.97720433257325, 43.1803813697045], [76.97349497748446, 43.180509028698275], [76.9702668528998, 43.18414754660406], [76.96575388831891, 43.17917471960469], [76.95288253468625, 43.180108619417524], [76.95170393712101, 43.185981302714325], [76.95729760030405, 43.18667820040472], [76.96645141914958, 43.196278145856596], [76.9728384272848, 43.19670316778964], [76.97339407815838, 43.20036939841007], [76.95926837590926, 43.20000523048121], [76.94773640877337, 43.203781982006696], [76.93943047032255, 43.21154720995981], [76.93223075999393, 43.21099405846307], [76.93281470348943, 43.20548790447868], [76.94047196691216, 43.202852082706656], [76.94246269581812, 43.19867874157056], [76.93722589482425, 43.197298878230924], [76.9322680825509, 43.1867381294212], [76.92610591885905, 43.19042493653216], [76.9165369295752, 43.18696814462885], [76.91440017582532, 43.178998684626066], [76.90896250766059, 43.17603944630204], [76.90834726177272, 43.16762825142581], [76.91555467315018, 43.16537239586656], [76.91590459027987, 43.16334562313489], [76.91157469929432, 43.15876947895372], [76.90063118349279, 43.15608269927095], [76.90157955162685, 43.15304425823348], [76.90984223685336, 43.15045964869051], [76.90665758967914, 43.14120357821043], [76.90297664661743, 43.13877144372468], [76.893810576181, 43.143315738455065], [76.89060523957534, 43.150846940903726], [76.8848383397892, 43.151616089944554], [76.8781332425325, 43.156750772587706], [76.87902017993996, 43.16449199848187], [76.86817329912164, 43.16436136328708], [76.86464410204884, 43.172113385486234], [76.85251725096502, 43.17970181694525], [76.84378757739375, 43.17841128129673], [76.84021094644167, 43.18010426246945], [76.84246118943017, 43.187769935670104], [76.83576796988368, 43.192719423632695], [76.83349063943889, 43.20003803222029], [76.82625358000689, 43.203748949709535], [76.82308617353326, 43.20277895709534], [76.8222764370425, 43.19894341878445], [76.81164516736298, 43.194973408877615], [76.81171635782336, 43.188354068377905], [76.81724728996109, 43.18622909273483], [76.81927034757304, 43.182122862991356], [76.81678853108818, 43.17823644503785], [76.80624425539335, 43.17688693450296], [76.79996393280226, 43.16459703211535], [76.80200706609514, 43.15979394287579], [76.7933244356184, 43.16162307594023], [76.79557407392433, 43.168574991224446], [76.79312812712998, 43.17157710877343], [76.77753195469984, 43.167734887154516], [76.76687559427819, 43.16787032840253], [76.76227098447286, 43.165198532478634], [76.75427592575004, 43.16537050221004], [76.75018169904203, 43.169478354289055], [76.74045760715313, 43.169626733666064], [76.72908114519763, 43.16500861194604], [76.71458262516013, 43.1660012670962], [76.71191772991149, 43.17277561391555]], [[76.98671914093707, 43.34279331849047], [76.98916901324944, 43.33860886178411], [76.99720039909062, 43.34181082922736], [76.99315393102921, 43.348136604812595], [76.98671914093707, 43.34279331849047]], [[76.98235747616992, 43.336408381186786], [76.97927207348293, 43.33326630913165], [76.98400677237599, 43.328606512948504], [76.98770100069878, 43.32818466954846], [76.98921969518115, 43.33066737788947], [76.98625240370899, 43.335552340096676], [76.98235747616992, 43.336408381186786]], [[76.97612883571887, 43.19556928818035], [76.97273398306477, 43.1943160812216], [76.97231059571722, 43.18908077584936], [76.97744971055526, 43.18715697014481], [76.98057996106884, 43.19372775666647], [76.97612883571887, 43.19556928818035]], [[76.96982076075534, 43.20368818545738], [76.97345145499169, 43.20157740277822], [76.97741244721563, 43.20478111618678], [76.97330545516635, 43.209733937338854], [76.96950185740668, 43.20848984754048], [76.96982076075534, 43.20368818545738]], [[76.93224803898383, 43.35903064719424], [76.93529758620814, 43.34613275346886], [76.9458755408261, 43.34507582427937], [76.94724067518632, 43.33748250713993], [76.95445733428153, 43.33139753035418], [76.9578369326319, 43.33133970868752], [76.96337041411203, 43.34356954582821], [76.96019616350203, 43.353047197037974], [76.94581135631508, 43.35303652218753], [76.94417538518884, 43.36443210458139], [76.93300340855113, 43.36582240908016], [76.93224803898383, 43.35903064719424]], [[76.89597140176227, 43.28494012468069], [76.8968231064266, 43.28174656481501], [76.9045696871195, 43.27781650042134], [76.90720638375211, 43.27959447811826], [76.90738481127897, 43.28718731255187], [76.93658361309477, 43.29019012422398], [76.93712623753386, 43.28599883859458], [76.93996651861927, 43.28489643710152], [76.94480878969236, 43.28608887567457], [76.94535719673645, 43.29008977753037], [76.94281094513362, 43.29178713387885], [76.93707285182215, 43.290766273725275], [76.93619111169014, 43.29712247865606], [76.93908375131844, 43.30095825960193], [76.93595137525072, 43.3039263461676], [76.93232865026464, 43.3035411932498], [76.92873502460137, 43.29787748511174], [76.91788831190489, 43.29810900065908], [76.91330462031378, 43.30319627007591], [76.90609164923261, 43.29914767028069], [76.90525161827513, 43.28864983045858], [76.89749368002421, 43.28853794306371], [76.89597140176227, 43.28494012468069]], [[76.92056955419636, 43.25293080100006], [76.921940940781, 43.25056460665666], [76.93399505252852, 43.2473405586338], [76.93585513832943, 43.25186129649206], [76.94133159441506, 43.25516229590547], [76.941279497502, 43.26022856231597], [76.93763208159841, 43.26117526347955], [76.93059211417346, 43.255795524870955], [76.92201871049177, 43.25562884012051], [76.92056955419636, 43.25293080100006]], [[76.93456919816768, 43.328603901411505], [76.94082254413698, 43.33518397463163], [76.93736704506824, 43.338410496263656], [76.92632137349136, 43.33291145049368], [76.92992158170166, 43.32578810503006], [76.93325209365314, 43.32590911571811], [76.93456919816768, 43.328603901411505]], [[76.90786876362935, 43.33441623274248], [76.913102453556, 43.330330420791505], [76.91690450900929, 43.33451521718093], [76.92241142791096, 43.335632107048916], [76.91772029011655, 43.34543023858281], [76.90894664219711, 43.34585407324074], [76.90786876362935, 43.33441623274248]], [[76.91075981953988, 43.21759970564626], [76.91198068270252, 43.21439425978865], [76.91683688054427, 43.21584568297174], [76.91482596378428, 43.21881059504168], [76.91075981953988, 43.21759970564626]], [[76.90539510944373, 43.251112742571024], [76.90749634096406, 43.24854441918491], [76.9111184045554, 43.250036376370616], [76.90902473653239, 43.253249224467986], [76.90539510944373, 43.251112742571024]], [[76.85546761608386, 43.320850692195954], [76.85622062132745, 43.318084355064485], [76.86495583671663, 43.31539443703448], [76.87221659585543, 43.32493651377775], [76.88904942097379, 43.3249248991579], [76.89596619289672, 43.33274711391422], [76.901915150355, 43.33383014452202], [76.90212463832839, 43.339497005529125], [76.89627271668533, 43.340807723304714], [76.88911010119607, 43.33721421882182], [76.88470665305654, 43.34110045584861], [76.88806379294513, 43.35412584607073], [76.87992325743637, 43.3539494052663], [76.87569753694929, 43.345109872419606], [76.86717863087345, 43.34556902532657], [76.86388090559443, 43.341777050936116], [76.86539309105535, 43.335892174154125], [76.85468779635708, 43.32811054350719], [76.85546761608386, 43.320850692195954]], [[76.89178368871498, 43.244845783044006], [76.89395625629729, 43.24137903104627], [76.89910564832674, 43.24169391912021], [76.89818357256767, 43.248412687672655], [76.89315536700632, 43.24827038727167], [76.89178368871498, 43.244845783044006]], [[76.8834594075408, 43.16593619765218], [76.88829349597528, 43.166131800673966], [76.89089080330291, 43.16872832399311], [76.88804680009802, 43.17578201998413], [76.87892044494407, 43.17247801732935], [76.8795433119522, 43.16683043402835], [76.8834594075408, 43.16593619765218]], [[76.86029646766943, 43.262069300355435], [76.86134340950485, 43.25916568410372], [76.86894631434616, 43.258807812591314], [76.88279288964819, 43.26231143041212], [76.88355273497504, 43.29030604450016], [76.87010649764174, 43.28651105217215], [76.86738950599666, 43.27907683065223], [76.86910969943966, 43.26965554682245], [76.86207851445513, 43.26717748805745], [76.86029646766943, 43.262069300355435]], [[76.84786572294743, 43.28849016665162], [76.85204565207421, 43.279258228687546], [76.8579401431981, 43.2783943833758], [76.86233699341196, 43.28298618268425], [76.86026165072137, 43.28800692028798], [76.86344010055707, 43.293904812819804], [76.86214929168143, 43.309918826462265], [76.8535263573887, 43.30711734311947], [76.84786572294743, 43.28849016665162]], [[76.84670651807006, 43.191043266041774], [76.84590887353728, 43.18757192388219], [76.85048408560577, 43.18488137328487], [76.85862675955758, 43.190467843333494], [76.85001982542431, 43.19651550845292], [76.84670651807006, 43.191043266041774]], [[76.84343886952756, 43.20059871690884], [76.84576838776552, 43.19887620750486], [76.84876441017398, 43.19991423239235], [76.84683995993028, 43.2050362515249], [76.84199929681559, 43.20427996600885], [76.84343886952756, 43.20059871690884]], [[76.84973054569826, 43.25246311972857], [76.84658385725749, 43.25456760190399], [76.84371743112355, 43.25199403336724], [76.84723499002314, 43.25020381680523], [76.84973054569826, 43.25246311972857]], [[76.82811863531971, 43.25852571426564], [76.83209289727142, 43.25507863598456], [76.8328080580065, 43.24917739123884], [76.8406287718673, 43.251126510610405], [76.83218271872033, 43.263145084513454], [76.82827405444804, 43.26249568188024], [76.82811863531971, 43.25852571426564]], [[76.80414188148498, 43.22166271606221], [76.80722200340935, 43.21391602921417], [76.81921522931805, 43.2186079888612], [76.82305373217837, 43.21410071399871], [76.82258735732823, 43.20517933210815], [76.82626586924694, 43.206017660962615], [76.82572128940954, 43.20953375478252], [76.83264539323744, 43.21231046210063], [76.82486605098666, 43.22682955326717], [76.8173776868682, 43.22795337495258], [76.81450756300964, 43.23124230321275], [76.80896991962976, 43.230268453599855], [76.80414188148498, 43.22166271606221]], [[76.78828551695102, 43.26302377785668], [76.78727422721533, 43.259489670135935], [76.7937196180842, 43.25782214066016], [76.80055335814906, 43.25214338890902], [76.80487707067975, 43.25760636100763], [76.81261988865901, 43.2590980718246], [76.8185088426403, 43.27069707961839], [76.81093090278694, 43.27365240994836], [76.80378598373208, 43.27213885824096], [76.78828551695102, 43.26302377785668]], [[76.78425518606011, 43.24297583820424], [76.79031876518643, 43.23392348109557], [76.80422782167156, 43.23927018900304], [76.79921743540386, 43.24838285903767], [76.79492854245109, 43.246196516378625], [76.78544742083072, 43.246148809665044], [76.78425518606011, 43.24297583820424]], [[76.7886334601253, 43.20596287223484], [76.79021369372128, 43.20160766554229], [76.79557855405952, 43.20281262298281], [76.79173989456058, 43.21230018861437], [76.78628057205832, 43.211004323785545], [76.7886334601253, 43.20596287223484]], [[76.75892327936049, 43.19104567438703], [76.75895580974851, 43.18653217708963], [76.77146268197355, 43.18248339429075], [76.77254130926303, 43.19166091242565], [76.777002153148, 43.194646882177985], [76.7873891295315, 43.19346691362852], [76.78940088754418, 43.20009669655361], [76.77873182778639, 43.20461332935927], [76.7700211523706, 43.20169302083755], [76.76266405511711, 43.20302834140383], [76.75663266096251, 43.200215997255825], [76.76209157887511, 43.1957181913095], [76.75892327936049, 43.19104567438703]], [[76.7587554896334, 43.22046120650304], [76.76044302448724, 43.223271916996666], [76.75611535949109, 43.225185333582345], [76.7545812573986, 43.221356301397485], [76.7587554896334, 43.22046120650304]], [[76.74826566193072, 43.20804051361004], [76.74967533427525, 43.20501381674887], [76.7537362633384, 43.20584121931094], [76.75248564506929, 43.210007148368234], [76.74826566193072, 43.20804051361004]]], [[[76.59900867563324, 43.20342411945552], [76.60226584514136, 43.21149343165817], [76.61525224201617, 43.21316867031832], [76.62471399741243, 43.22518887917406], [76.6452865017096, 43.222793976599924], [76.64936076653186, 43.21522195206437], [76.65400166594553, 43.215625239789595], [76.6564072272513, 43.21967999175157], [76.65155932458413, 43.22246293129317], [76.65188985079241, 43.22607706910614], [76.6584650270718, 43.227489771014696], [76.6644551784358, 43.223372331254524], [76.65670199734951, 43.21988257390609], [76.6635016196704, 43.21515140439994], [76.66133411874048, 43.20935759388921], [76.66597621726991, 43.20199311453006], [76.66459648284241, 43.191136928717796], [76.66119951662279, 43.19113207366315], [76.65834719856534, 43.19640283530771], [76.64888756541274, 43.19577483581852], [76.63778474331916, 43.1837772192351], [76.62171699846323, 43.18044568886787], [76.61836640932088, 43.17220873916121], [76.61076310530282, 43.18097629430949], [76.61090994839184, 43.187762787924186], [76.60640246525875, 43.1931257953209], [76.60078430387121, 43.19486832645719], [76.59900867563324, 43.20342411945552]]], [[[76.51491975832724, 43.18993788835162], [76.52788714171936, 43.200206361014935], [76.52700473025072, 43.20788764583471], [76.54376567663019, 43.20418053497313], [76.54762655580971, 43.19869689792267], [76.56845551957821, 43.203769686527956], [76.56838417104005, 43.1958956700912], [76.56106194578713, 43.19366979731091], [76.55197045388822, 43.19646147907172], [76.55331345332446, 43.18949713218819], [76.54948788330174, 43.18667143020579], [76.553845874539, 43.17890766755127], [76.56708534202797, 43.17802686162059], [76.56732721431489, 43.17373264689847], [76.57168959638443, 43.16941892590425], [76.57020625236004, 43.15650353123557], [76.56050207843664, 43.157882014989184], [76.54044873674339, 43.172362280418334], [76.52724837029554, 43.172731799508], [76.51841754847658, 43.17575495585984], [76.5144477651967, 43.18103984889867], [76.51491975832724, 43.18993788835162]]]]}}, {"type": "Feature", "properties": {"threshold": 80}, "geometry": {"type": "MultiPolygon", "coordinates": [[[[76.71191772991149, 43.17277561391555], [76.7406843767046, 43.18206669021095], [76.75373313360818, 43.18139116003407], [76.75270016121576, 43.18438800879876], [76.74688736271614, 43.1857658158793], [76.7387247397301, 43.20051272874929], [76.74261946093073, 43.20774644135645], [76.74166794266112, 43.2140116475003], [76.73453334349925, 43.21778142865164], [76.73010474083347, 43.231429356485094], [76.75354262612265, 43.23474440306665], [76.75206341088087, 43.239390904583], [76.7371282320159, 43.239039783486554], [76.7372236549371, 43.249278100582835], [76.74751004286993, 43.25586139327192], [76.7528651819136, 43.255756686467265], [76.7556705913868, 43.25304334618919], [76.76158888843072, 43.25388318860206], [76.75932676159881, 43.262686174099464], [76.76432728045056, 43.26583675758939], [76.76473193845631, 43.27683476595192], [76.7688776997561, 43.27608007685601], [76.7764905450309, 43.26702311253139], [76.78840173134307, 43.2706309623369], [76.79262622714678, 43.28548153376088], [76.79118531007177, 43.30438234744833], [76.7988601713552, 43.30401393023838], [76.79962774940594, 43.299516075007446], [76.80376066491549, 43.2981028469953], [76.80738198022662, 43.29013450013431], [76.80065104950303, 43.285615227928915], [76.8033693908913, 43.28070329243324], [76.81372132812322, 43.28386347144266], [76.8206335488861, 43.281033929216235], [76.82476794407161, 43.28202621673119], [76.82269762512405, 43.294976446565606], [76.82581378547081, 43.30195768511412], [76.833658067715, 43.30502780406183], [76.83681351191588, 43.31158786287399], [76.83446002465378, 43.32955720597766], [76.82668148771134, 43.33882424418507], [76.81934217801124, 43.33628368552945], [76.80910771361332, 43.33658905281166], [76.8090510076845, 43.344918543585145], [76.82194146608336, 43.347589053793754], [76.82859262960295, 43.35529926039661], [76.83827608092868, 43.35763663453063], [76.84279423761863, 43.36428095762573], [76.84950726380939, 43.389494037259205], [76.85919156059578, 43.390758429368276], [76.86812856536467, 43.38017434323416], [76.87784833242695, 43.38483619806687], [76.8816206949997, 43.395607624767266], [76.88643391840337, 43.39944999686406], [76.88416811568946, 43.41885083576195], [76.8898379904094, 43.4219372297201], [76.88940312929815, 43.42811154892428], [76.90085313757007, 43.42604908159204], [76.90685095065527, 43.42196230397233], [76.9192369481378, 43.42191642564374], [76.91926330401178, 43.41592610570459], [76.92368316940274, 43.41059593108493], [76.92249935773941, 43.400888473926386], [76.92697117301954, 43.394538016066605], [76.9265883366191, 43.38932445166006], [76.91519858600847, 43.38471021077398], [76.9201510186044, 43.3659933724712], [76.92996092144074, 43.367184360677356], [76.93017393212982, 43.374706602997314], [76.93688636288091, 43.3831697904818], [76.935883083151, 43.40437030904054], [76.94634957230646, 43.40530468132978], [76.94706139369106, 43.38284497802915], [76.96036138535582, 43.38138598549129], [76.9573102117771, 43.37366488968006], [76.96151702497974, 43.3671468473303], [76.9742159454214, 43.362569703499446], [76.98917036532357, 43.371372457168754], [76.99303151939274, 43.380771063181335], [77.00279413024359, 43.385115673733004], [77.00036938254668, 43.39185498992137], [76.99334852548608, 43.39683639656975], [76.9936424987183, 43.399407108361515], [77.00091404680171, 43.402908532498664], [77.00284456048311, 43.41113915960029], [77.00284820523679, 43.41681393149433], [76.99798192412942, 43.41928892394131], [76.99624933655177, 43.42543181943863], [77.00152400435773, 43.431173315515935], [77.01363783200127, 43.4343053624726], [77.02629791837403, 43.44534803053237], [77.0257873929609, 43.45875216814818], [77.03107910566584, 43.462454843090825], [77.03591079149304, 43.46229394265009], [77.03708063318265, 43.44938222419609], [77.04489756270333, 43.44763070270176], [77.04700065322126, 43.443675531583786], [77.04277729957542, 43.44027882983398], [77.04278645197174, 43.43570444805192], [77.03738024177636, 43.43505018713885], [77.03574801952867, 43.43223285880178], [77.04341082035134, 43.42609868586369], [77.04430709106009, 43.421983966099525], [77.0325123932902, 43.41773792770018], [77.0339025539476, 43.40864942917941], [77.03977528485949, 43.39829096581778], [77.04034063994087, 43.387587625909156], [77.03268189950602, 43.386548389269116], [77.02657200550546, 43.38888160144558], [77.02452586163794, 43.39859999373791], [77.02176909203693, 43.400105943374854], [77.01066911452932, 43.39801402269751], [77.00916762374644, 43.39083863946199], [77.00413510669378, 43.38686932798441], [77.01164430825446, 43.382462676242426], [77.01349808572996, 43.376590236277465], [77.0141480328233, 43.368714770807564], [77.00688656910229, 43.36738340575264], [77.00754447477084, 43.361730961583824], [77.01184476939034, 43.35919780643463], [77.01759266664558, 43.36262247730289], [77.02145493359578, 43.36069786025516], [77.02122566899091, 43.35735737773871], [77.01233496613922, 43.35210071838398], [77.0145882886927, 43.34384917456191], [77.01980113912853, 43.34151430272528], [77.01985535638165, 43.33546236804842], [77.02603085712492, 43.331102645832914], [77.02606255001987, 43.32782303918664], [77.02228468085404, 43.325261672993534], [77.01655886805597, 43.32887515455144], [77.0078522090358, 43.3283106690134], [77.00046828661334, 43.33373404926431], [76.9906939911646, 43.32261703104492], [76.98647516704928, 43.321341124138506], [76.98616392520536, 43.31516835995895], [76.99610108330262, 43.314417707411565], [76.99713091876356, 43.31169154717191], [76.99272226110095, 43.30721697125413], [76.99595021651056, 43.30451477238755], [76.99559097216029, 43.29996378304359], [77.00190280630532, 43.294786806825634], [77.0095607740291, 43.2935300594056], [77.01556989875415, 43.29552940241654], [77.02657210587444, 43.305644194557615], [77.04111909673365, 43.31440891283239], [77.0485167179376, 43.31431100539842], [77.05649177608164, 43.32842900023119], [77.05931798067634, 43.32873856060779], [77.06234137114892, 43.32415027866841], [77.07486103299377, 43.32199366016822], [77.07409545214676, 43.317534730725434], [77.07762150482156, 43.31555470707598], [77.07631177528243, 43.311516184759526], [77.07848556850577, 43.30979215230558], [77.08727175823833, 43.312378917882306], [77.08409342545418, 43.32199606806575], [77.09050829896577, 43.32262119820297], [77.09495177404328, 43.319526156774764], [77.10225081235636, 43.32240588299615], [77.10871650757122, 43.32220047063995], [77.11352855486115, 43.312628807332025], [77.11026225959172, 43.30331919942377], [77.08770572672023, 43.301985808409405], [77.08345168381624, 43.30383691169989], [77.07372578924347, 43.30206527594778], [77.0670438856243, 43.2975817154737], [77.05676324086146, 43.29636270903444], [77.05266025991928, 43.29162520328708], [77.03945187120385, 43.29304407463626], [77.03483886332006, 43.28947816934915], [77.03391729826423, 43.283926055019386], [77.02761535237622, 43.28030864136141], [77.01114308163035, 43.27919197913576], [76.9902681628542, 43.28312282431176], [76.98611203320343, 43.28036919917104], [76.98093419435624, 43.28040995200856], [76.97843311632089, 43.28999544305726], [76.96823789850421, 43.29285497769151], [76.96743708428576, 43.298037165571294], [76.97145148983334, 43.30145281143202], [76.96856254631275, 43.30403175566471], [76.96878954505141, 43.318274956486455], [76.95706595840404, 43.31826781341542], [76.95413501756072, 43.32770456326688], [76.94552120108938, 43.326677451170426], [76.93891360734979, 43.317743476779526], [76.93523370882599, 43.317994146487436], [76.93277627198702, 43.324524076062545], [76.92928791243732, 43.32530370409951], [76.92167796547758, 43.31641361482528], [76.93235282424207, 43.3046735930984], [76.935819788968, 43.305188642499736], [76.93713664737635, 43.3087248314166], [76.94392131538841, 43.307665611281955], [76.94132438812174, 43.30047465104432], [76.94375962287374, 43.29345538482382], [76.95385544760099, 43.29155389415069], [76.9547175744408, 43.285622285307966], [76.95184885597106, 43.281688382653336], [76.95780841089785, 43.27316662273969], [76.96416212193596, 43.269051025430684], [76.97529492365503, 43.27011010042098], [76.97918797932442, 43.266191993015404], [76.99450712760611, 43.26253616624699], [76.99422258021615, 43.25165750102804], [76.98766548419873, 43.24921469971317], [76.97571705130424, 43.25164655223579], [76.9749054428369, 43.26002822587384], [76.97038417152783, 43.26069324848105], [76.96604240934926, 43.25495756318605], [76.96516511702754, 43.24307805619965], [76.96761882223565, 43.24111145441213], [76.97360459598815, 43.241771700322566], [76.97679137877235, 43.23854698951605], [76.97553537568058, 43.217927437342475], [76.98706522985486, 43.21521948377833], [76.98769333753326, 43.210435959523885], [76.99458604662088, 43.205841668796836], [76.99342213383488, 43.20176312180296], [76.98773964445361, 43.201007339877776], [76.98661749297476, 43.197190612858144], [77.00144249246257, 43.192868344849174], [77.00324722244154, 43.186343137939886], [76.98208149142567, 43.18665538077702], [76.97720433257325, 43.1803813697045], [76.97349497748446, 43.180509028698275], [76.96998378722968, 43.1841352491341], [76.96584145265524, 43.179195964993774], [76.9518953221386, 43.17874418809457], [76.95170393712101, 43.185981302714325], [76.95729760030405, 43.18667820040472], [76.96645141914958, 43.196278145856596], [76.9728384272848, 43.19670316778964], [76.97339407815838, 43.20036939841007], [76.95926837590926, 43.20000523048121], [76.94773640877337, 43.203781982006696], [76.93967246117981, 43.21144725755432], [76.93246026920535, 43.21111602973615], [76.93281470348943, 43.20548790447868], [76.94047196691216, 43.202852082706656], [76.94246269581812, 43.19867874157056], [76.93708106764852, 43.197117517698615], [76.93326938149501, 43.1840442197854], [76.9250034432553, 43.190252865603476], [76.91634570771457, 43.186820691856724], [76.91444151546841, 43.17905903998506], [76.90896250766059, 43.17603944630204], [76.90834726177272, 43.16762825142581], [76.91555467315018, 43.16537239586656], [76.91590459027987, 43.16334562313489], [76.91157469929432, 43.15876947895372], [76.90063118349279, 43.15608269927095], [76.90157955162685, 43.15304425823348], [76.90984223685336, 43.15045964869051], [76.90665758967914, 43.14120357821043], [76.90297664661743, 43.13877144372468], [76.893810576181, 43.143315738455065], [76.89060523957534, 43.150846940903726], [76.88085604985518, 43.15325279776776], [76.8779890747271, 43.15706800390051], [76.87902017993996, 43.16449199848187], [76.86817329912164, 43.16436136328708], [76.86464410204884, 43.172113385486234], [76.85251725096502, 43.17970181694525], [76.84378757739375, 43.17841128129673], [76.84021094644167, 43.18010426246945], [76.84246118943017, 43.187769935670104], [76.83576796988368, 43.192719423632695], [76.83349063943889, 43.20003803222029], [76.82625358000689, 43.203748949709535], [76.82308617353326, 43.20277895709534], [76.8222764370425, 43.19894341878445], [76.81164516736298, 43.194973408877615], [76.81171635782336, 43.188354068377905], [76.81724728996109, 43.18622909273483], [76.81927034757304, 43.182122862991356], [76.81678853108818, 43.17823644503785], [76.80624425539335, 43.17688693450296], [76.79996393280226, 43.16459703211535], [76.80200706609514, 43.15979394287579], [76.7933244356184, 43.16162307594023], [76.79557407392433, 43.168574991224446], [76.79312812712998, 43.17157710877343], [76.78838870743554, 43.17144916029544], [76.78645713735962, 43.16842946259036], [76.78034126501632, 43.16700054628323], [76.76803613572827, 43.16777712579179], [76.76137971547723, 43.16384087285867], [76.7418196911573, 43.16749262203594], [76.73696910884337, 43.164921229751606], [76.73155473795354, 43.16564490645049], [76.72902271894289, 43.16293754711132], [76.72384758413529, 43.164848822725446], [76.71720290604931, 43.1639649578204], [76.71191772991149, 43.17277561391555]], [[76.98671914093707, 43.34279331849047], [76.98916901324944, 43.33860886178411], [76.99720039909062, 43.34181082922736], [76.99315393102921, 43.348136604812595], [76.98671914093707, 43.34279331849047]], [[76.98235747616992, 43.336408381186786], [76.97927207348293, 43.33326630913165], [76.98400677237599, 43.328606512948504], [76.98770100069878, 43.32818466954846], [76.98921969518115, 43.33066737788947], [76.98625240370899, 43.335552340096676], [76.98235747616992, 43.336408381186786]], [[76.97612883571887, 43.19556928818035], [76.97273398306477, 43.1943160812216], [76.97231059571722, 43.18908077584936], [76.97744971055526, 43.18715697014481], [76.98057996106884, 43.19372775666647], [76.97612883571887, 43.19556928818035]], [[76.96982076075534, 43.20368818545738], [76.97345145499169, 43.20157740277822], [76.97741244721563, 43.20478111618678], [76.97330545516635, 43.209733937338854], [76.96950185740668, 43.20848984754048], [76.96982076075534, 43.20368818545738]], [[76.93224803898383, 43.35903064719424], [76.93529758620814, 43.34613275346886], [76.9458755408261, 43.34507582427937], [76.94724067518632, 43.33748250713993], [76.95445733428153, 43.33139753035418], [76.9578369326319, 43.33133970868752], [76.96337041411203, 43.34356954582821], [76.96019616350203, 43.353047197037974], [76.94581135631508, 43.35303652218753], [76.94417538518884, 43.36443210458139], [76.93300340855113, 43.36582240908016], [76.93224803898383, 43.35903064719424]], [[76.89597140176227, 43.28494012468069], [76.8968231064266, 43.28174656481501], [76.9045696871195, 43.27781650042134], [76.90720638375211, 43.27959447811826], [76.90738481127897, 43.28718731255187], [76.93658361309477, 43.29019012422398], [76.93712623753386, 43.28599883859458], [76.93996651861927, 43.28489643710152], [76.94480878969236, 43.28608887567457], [76.94535719673645, 43.29008977753037], [76.94281094513362, 43.29178713387885], [76.93707285182215, 43.290766273725275], [76.93619111169014, 43.29712247865606], [76.93908375131844, 43.30095825960193], [76.93595137525072, 43.3039263461676], [76.93232865026464, 43.3035411932498], [76.92873502460137, 43.29787748511174], [76.91788831190489, 43.29810900065908], [76.91330462031378, 43.30319627007591], [76.90609164923261, 43.29914767028069], [76.90525161827513, 43.28864983045858], [76.89749368002421, 43.28853794306371], [76.89597140176227, 43.28494012468069]], [[76.92056955419636, 43.25293080100006], [76.921940940781, 43.25056460665666], [76.93399505252852, 43.2473405586338], [76.93585513832943, 43.25186129649206], [76.94133159441506, 43.25516229590547], [76.941279497502, 43.26022856231597], [76.93763208159841, 43.26117526347955], [76.93059211417346, 43.255795524870955], [76.92201871049177, 43.25562884012051], [76.92056955419636, 43.25293080100006]], [[76.93456919816768, 43.328603901411505], [76.94082254413698, 43.33518397463163], [76.93736704506824, 43.338410496263656], [76.92632137349136, 43.33291145049368], [76.92992158170166, 43.32578810503006], [76.93325209365314, 43.32590911571811], [76.93456919816768, 43.328603901411505]], [[76.90786876362935, 43.33441623274248], [76.913102453556, 43.330330420791505], [76.91690450900929, 43.33451521718093], [76.92241142791096, 43.335632107048916], [76.91772029011655, 43.34543023858281], [76.90894664219711, 43.34585407324074], [76.90786876362935, 43.33441623274248]], [[76.91075981953988, 43.21759970564626], [76.91198068270252, 43.21439425978865], [76.91683688054427, 43.21584568297174], [76.91482596378428, 43.21881059504168], [76.91075981953988, 43.21759970564626]], [[76.88968602895083, 43.383389492249265], [76.88101013685001, 43.37490133965344], [76.88903864380114, 43.37365399798029], [76.8963022773977, 43.36617310506867], [76.90525369913045, 43.36588533486803], [76.90738033605268, 43.36866232094141], [76.90674777734382, 43.374845110612156], [76.90281771199396, 43.379041719386926], [76.90417292696573, 43.391652028634894], [76.91446627717093, 43.39279655821911], [76.91629749497255, 43.39892214485158], [76.90486802240048, 43.39849615445907], [76.9024108340389, 43.40530047303012], [76.89507683747955, 43.40366156843078], [76.88981590870809, 43.3990820120691], [76.89652774513931, 43.3908199991239], [76.88968602895083, 43.383389492249265]], [[76.90539510944373, 43.251112742571024], [76.90749634096406, 43.24854441918491], [76.9111184045554, 43.250036376370616], [76.90902473653239, 43.253249224467986], [76.90539510944373, 43.251112742571024]], [[76.85546761608386, 43.320850692195954], [76.85622062132745, 43.318084355064485], [76.86495583671663, 43.31539443703448], [76.87221659585543, 43.32493651377775], [76.88904942097379, 43.3249248991579], [76.89596619289672, 43.33274711391422], [76.901915150355, 43.33383014452202], [76.90212463832839, 43.339497005529125], [76.89627271668533, 43.340807723304714], [76.88911010119607, 43.33721421882182], [76.88470665305654, 43.34110045584861], [76.88806379294513, 43.35412584607073], [76.87992325743637, 43.3539494052663], [76.87569753694929, 43.345109872419606], [76.86717863087345, 43.34556902532657], [76.86531582668694, 43.34229861517102], [76.86842272748027, 43.33981997556526], [76.86735894493258, 43.33598471304306], [76.85655200538802, 43.32861113003874], [76.85546761608386, 43.320850692195954]], [[76.89178368871498, 43.244845783044006], [76.89395625629729, 43.24137903104627], [76.89910564832674, 43.24169391912021], [76.89818357256767, 43.248412687672655], [76.89315536700632, 43.24827038727167], [76.89178368871498, 43.244845783044006]], [[76.8834594075408, 43.16593619765218], [76.88829349597528, 43.166131800673966], [76.89089080330291, 43.16872832399311], [76.88804680009802, 43.17578201998413], [76.87892044494407, 43.17247801732935], [76.8795433119522, 43.16683043402835], [76.8834594075408, 43.16593619765218]], [[76.86029646766943, 43.262069300355435], [76.86134340950485, 43.25916568410372], [76.86894631434616, 43.258807812591314], [76.88279288964819, 43.26231143041212], [76.88355273497504, 43.29030604450016], [76.87010649764174, 43.28651105217215], [76.86738950599666, 43.27907683065223], [76.86910969943966, 43.26965554682245], [76.86207851445513, 43.26717748805745], [76.86029646766943, 43.262069300355435]], [[76.84786572294743, 43.28849016665162], [76.85204565207421, 43.279258228687546], [76.8579401431981, 43.2783943833758], [76.86233699341196, 43.28298618268425], [76.86026165072137, 43.28800692028798], [76.86344010055707, 43.293904812819804], [76.86214929168143, 43.309918826462265], [76.8535263573887, 43.30711734311947], [76.84786572294743, 43.28849016665162]], [[76.84670651807006, 43.191043266041774], [76.84590887353728, 43.18757192388219], [76.85048408560577, 43.18488137328487], [76.85862675955758, 43.190467843333494], [76.85001982542431, 43.19651550845292], [76.84670651807006, 43.191043266041774]], [[76.84343886952756, 43.20059871690884], [76.84576838776552, 43.19887620750486], [76.84876441017398, 43.19991423239235], [76.84683995993028, 43.2050362515249], [76.84199929681559, 43.20427996600885], [76.84343886952756, 43.20059871690884]], [[76.84973054569826, 43.25246311972857], [76.84658385725749, 43.25456760190399], [76.84371743112355, 43.25199403336724], [76.84723499002314, 43.25020381680523], [76.84973054569826, 43.25246311972857]], [[76.82811863531971, 43.25852571426564], [76.83209289727142, 43.25507863598456], [76.8328080580065, 43.24917739123884], [76.8406287718673, 43.251126510610405], [76.83218271872033, 43.263145084513454], [76.82827405444804, 43.26249568188024], [76.82811863531971, 43.25852571426564]], [[76.80414188148498, 43.22166271606221], [76.80722200340935, 43.21391602921417], [76.81921522931805, 43.2186079888612], [76.82305373217837, 43.21410071399871], [76.82258735732823, 43.20517933210815], [76.82626586924694, 43.206017660962615], [76.82572128940954, 43.20953375478252], [76.83264539323744, 43.21231046210063], [76.82486605098666, 43.22682955326717], [76.8173776868682, 43.22795337495258], [76.81450756300964, 43.23124230321275], [76.80896991962976, 43.230268453599855], [76.80414188148498, 43.22166271606221]], [[76.79211404917635, 43.26095453225278], [76.79734425640564, 43.25291043145408], [76.80055335814906, 43.25214338890902], [76.80729566482447, 43.25912713939467], [76.80680077676998, 43.26502335925602], [76.81324591231028, 43.26441091855179], [76.81594431471346, 43.26755932533276], [76.8126689697718, 43.27128628531531], [76.80378598373208, 43.27213885824096], [76.79481305090785, 43.266731237807285], [76.79211404917635, 43.26095453225278]], [[76.78425518606011, 43.24297583820424], [76.79031876518643, 43.23392348109557], [76.80422782167156, 43.23927018900304], [76.79921743540386, 43.24838285903767], [76.79492854245109, 43.246196516378625], [76.78544742083072, 43.246148809665044], [76.78425518606011, 43.24297583820424]], [[76.75892327936049, 43.19104567438703], [76.7591698152804, 43.18639217394671], [76.76970826103431, 43.184542105530724], [76.77358132198205, 43.193080321868116], [76.7805948685381, 43.197285551381675], [76.78541445658044, 43.197388805466176], [76.78636151930824, 43.199924074296845], [76.77956768549363, 43.20394990014804], [76.77508128833212, 43.203442998400575], [76.75892327936049, 43.19104567438703]], [[76.75437413021025, 43.222549356693584], [76.75696831083782, 43.22013608669222], [76.76068337799451, 43.222283640537206], [76.75756211425724, 43.22535323075371], [76.75437413021025, 43.222549356693584]]], [[[77.0225294941755, 43.473398324185695], [77.02161479147387, 43.47671830979184], [77.02702852908062, 43.483715371320926], [77.02695386102401, 43.49457954882531], [77.03467405436747, 43.49856893199775], [77.0351235302132, 43.50975232137861], [77.03872211175461, 43.5128011190289], [77.04973446690569, 43.51115491466887], [77.04673939914476, 43.500301135837624], [77.04991003348651, 43.495510094005795], [77.05706077507918, 43.494969048484236], [77.05890829203108, 43.48772743282927], [77.05520022130939, 43.479149704610926], [77.05643506815007, 43.47350119556071], [77.04697081349296, 43.47384733109539], [77.04116498850642, 43.4692650213463], [77.03053753160233, 43.46948643871963], [77.02876714732052, 43.47293706175733], [77.0225294941755, 43.473398324185695]]], [[[76.59900867563324, 43.20342411945552], [76.6023987067335, 43.21158695928892], [76.61573894678696, 43.21355746787285], [76.61275450253598, 43.22278469528169], [76.61913700628196, 43.225290718169354], [76.64523664346373, 43.222867997771324], [76.6476646747546, 43.22190606061523], [76.64732406300544, 43.21589701438628], [76.65421126398027, 43.215758756686014], [76.65484776516456, 43.22023512320999], [76.6495217092743, 43.222387105951015], [76.65036509181147, 43.22495519358934], [76.64688864867539, 43.22782343334685], [76.65123159644924, 43.23099602885531], [76.65939043152228, 43.2319371069869], [76.65949931059413, 43.24007272638147], [76.66321763803668, 43.24539387756524], [76.66982298148497, 43.24431437441175], [76.67160197164053, 43.23676232126042], [76.67808592530507, 43.239635137452815], [76.68468526706012, 43.23936619384996], [76.68940357712081, 43.22405831005521], [76.69628264563995, 43.22273964140457], [76.69983361756218, 43.21957616671218], [76.70834725850796, 43.221230404215575], [76.71081210105899, 43.21859736603772], [76.70759551200943, 43.21185883368417], [76.70038096586562, 43.20965601797508], [76.68104868740762, 43.209958206336424], [76.67964470134486, 43.21348371871628], [76.67292160036067, 43.21559509321221], [76.66284313173246, 43.21329625444227], [76.66156312009073, 43.20961740174142], [76.6651245579104, 43.20621490205934], [76.66680005574092, 43.197079782301294], [76.66544603453922, 43.18968902345824], [76.66122265957, 43.1897004037778], [76.65935176293448, 43.19449055484746], [76.64855594714868, 43.195255111589724], [76.63778474331916, 43.1837772192351], [76.62171699846323, 43.18044568886787], [76.61818906463161, 43.172172088300194], [76.60981969672865, 43.18098957601261], [76.61036155315104, 43.18818101029013], [76.60074644961777, 43.19492990434235], [76.59900867563324, 43.20342411945552]]], [[[76.61060079496528, 43.37453263575905], [76.61528766653105, 43.376888694729935], [76.61429033344132, 43.384562080874076], [76.62061013827851, 43.38756930284567], [76.63832015988753, 43.38867540896255], [76.63866033437789, 43.38088382054478], [76.64458247684806, 43.37948579214199], [76.65455270452861, 43.38841278473782], [76.65907773023014, 43.38908946121031], [76.66342373345604, 43.386495692359446], [76.66387722718436, 43.37278512559099], [76.648587624835, 43.3746784061617], [76.64424576468173, 43.36588664484522], [76.62914810435191, 43.36650255158655], [76.61238022158687, 43.36288729367532], [76.61060079496528, 43.37453263575905]]], [[[76.51404444822128, 43.19271208136431], [76.51991836301099, 43.198209116429894], [76.52584738890363, 43.199656652220725], [76.52709219399902, 43.2079092289947], [76.54380050434997, 43.20556136276227], [76.54762655580971, 43.19869689792267], [76.57036078849062, 43.204434192525234], [76.57117970603979, 43.19447600470429], [76.55499700510386, 43.19377850459837], [76.54948788330174, 43.18667143020579], [76.55472558587857, 43.17892728258409], [76.56708534202797, 43.17802686162059], [76.56732721431489, 43.17373264689847], [76.57168959638443, 43.16941892590425], [76.57020625236004, 43.15650353123557], [76.56050207843664, 43.157882014989184], [76.5408438876976, 43.17193001648683], [76.53102638262368, 43.16921812090768], [76.51838332888885, 43.174374104502874], [76.51782498066846, 43.17934344209683], [76.51350431249962, 43.1810523361173], [76.51404444822128, 43.19271208136431]]]]}}, {"type": "Feature", "properties": {"threshold": 90}, "geometry": {"type": "MultiPolygon", "coordinates": [[[[76.58954526341773, 43.23032590181645], [76.589591888039, 43.23642135950302], [76.59934641475294, 43.24214464430991], [76.60223030172418, 43.239554541646875], [76.61207984307582, 43.23817852702087], [76.60781119211316, 43.231236524360895], [76.60935776763263, 43.226441765021455], [76.62210147480788, 43.22529184110518], [76.62730928252489, 43.227937311724745], [76.62962348284529, 43.223950339314], [76.6393101550366, 43.22433902430591], [76.6476646747546, 43.22190606061523], [76.64684821288375, 43.216419785904726], [76.65247034557922, 43.215187043805926], [76.65503760342857, 43.219866993981775], [76.6495217092743, 43.222387105951015], [76.65036509181147, 43.22495519358934], [76.64688864867539, 43.22782343334685], [76.65521842307284, 43.23204765014233], [76.66312761764453, 43.24537877795648], [76.66976945600868, 43.24436939759931], [76.67164171504504, 43.237127134630114], [76.68468526706012, 43.23936619384996], [76.68871792357362, 43.22466011713887], [76.69630179149704, 43.223430001048825], [76.69983361756218, 43.21957616671218], [76.70391116696233, 43.223316887030364], [76.71285490924295, 43.22446489234573], [76.71443076411613, 43.22799417837779], [76.72184719836896, 43.228396550262545], [76.72501674450773, 43.232007724753664], [76.75260008412455, 43.23404669958809], [76.75231801063123, 43.239309193214226], [76.7352058808487, 43.23981384923039], [76.73429663718444, 43.246493166481336], [76.7374693542957, 43.25297562666758], [76.74592842854362, 43.25307133617335], [76.74702748823951, 43.26093512204564], [76.75072306279124, 43.26274495149494], [76.75403674470667, 43.2537885548613], [76.76141972924364, 43.25371477840209], [76.75932676159881, 43.262686174099464], [76.76432728045056, 43.26583675758939], [76.76495731079345, 43.27695158412048], [76.76893829125173, 43.2760291024882], [76.77675496525916, 43.266959981622136], [76.78765225539703, 43.27007595935483], [76.78933384145394, 43.27269989584624], [76.78875068400383, 43.30002399830095], [76.78422040370812, 43.304852648164015], [76.78236046164918, 43.316790023210665], [76.79053680826276, 43.315948899406386], [76.79552398887344, 43.312218334081514], [76.7948820645611, 43.305356519365226], [76.79906095718016, 43.30387515647405], [76.8074184321276, 43.29390129113094], [76.80317548142038, 43.2808425637043], [76.81372132812322, 43.28386347144266], [76.8242578277861, 43.28154598763211], [76.82570344743988, 43.28806244827763], [76.82256196778971, 43.290435301078695], [76.82269762512405, 43.294976446565606], [76.82680030604854, 43.30332319222526], [76.833658067715, 43.30502780406183], [76.83681351191588, 43.31158786287399], [76.83418642183987, 43.321522627959546], [76.80682732113125, 43.32350315426125], [76.79964909000022, 43.33514353955135], [76.79463668539006, 43.33639506859685], [76.79748015263588, 43.34307304706553], [76.79497781971226, 43.34686434705262], [76.78681325229849, 43.34778544625635], [76.78125659991073, 43.33993847089417], [76.77788105184702, 43.339024183767066], [76.76863463742227, 43.34132581054399], [76.76002353087127, 43.3500550519307], [76.7604581252348, 43.356002246612626], [76.7461298107279, 43.355619891535504], [76.74617269308354, 43.363161808185154], [76.7605272789535, 43.366879872877625], [76.76250965130576, 43.36217147008512], [76.77770446183875, 43.361339533779294], [76.78059610515216, 43.3690833224477], [76.79557295288643, 43.370931215061184], [76.7977460122362, 43.37761986127857], [76.80359714129798, 43.38278355266563], [76.80807585849273, 43.3780185032435], [76.80772996469727, 43.36951844522884], [76.82061760554596, 43.36509528982416], [76.8223249846821, 43.36104640346146], [76.83154692026959, 43.3615941710999], [76.83296496841292, 43.357253347523255], [76.83751895683719, 43.35708139095588], [76.83916059910197, 43.371307070824344], [76.85154615396225, 43.39116964992068], [76.85164567650507, 43.39977339230388], [76.8578988241356, 43.40262274770304], [76.86431481906247, 43.40099408409621], [76.86443735574872, 43.39737330018898], [76.85967438876408, 43.39647780064145], [76.85787045158034, 43.39287681120622], [76.86078520711837, 43.38711181302672], [76.86825039987083, 43.3810978835449], [76.87623106868801, 43.384520501500646], [76.88574962215456, 43.40526732088059], [76.88416811568946, 43.41885083576195], [76.8898379904094, 43.4219372297201], [76.8897360152983, 43.429657608563126], [76.90003208381512, 43.427415092294964], [76.90368105255422, 43.424022420126], [76.91888627912778, 43.42433769699318], [76.91949243564277, 43.416412539529894], [76.92655006877999, 43.41350600755322], [76.92735662980876, 43.40694607193695], [76.9236483165431, 43.39953268588413], [76.92679385216856, 43.389623281736455], [76.92004591096858, 43.38722787530496], [76.91843222264734, 43.384316463327984], [76.9234285802983, 43.37261611728279], [76.92115929510456, 43.36609077310739], [76.92996092144074, 43.367184360677356], [76.93017393212982, 43.374706602997314], [76.93697065315429, 43.38337870682238], [76.93498033750582, 43.405766828788465], [76.94217754458434, 43.410132022590034], [76.94825803847901, 43.41080292540701], [76.94787568047397, 43.386689255879325], [76.9643027511585, 43.38615267158137], [76.96627505417321, 43.38128872081685], [76.95755411317805, 43.3728765392582], [76.97200951093065, 43.36271684079673], [76.97824501975393, 43.36389215277077], [76.98933064634959, 43.371538724964644], [76.99303151939274, 43.380771063181335], [77.00288859606347, 43.38551724809822], [77.00036938254668, 43.39185498992137], [76.99334443687421, 43.396954776711866], [76.9936424987183, 43.399407108361515], [77.00107828869513, 43.403283249375676], [77.00298380793826, 43.416410185048115], [76.99802761956701, 43.41923020412444], [76.9961637632539, 43.42511912214629], [77.00235618425005, 43.43320693728648], [76.98935534429435, 43.43576635265201], [76.98634101369007, 43.44211557467547], [76.998992755762, 43.45136384865717], [77.00445586075524, 43.448014868772596], [77.00472049075464, 43.435916651593324], [77.01572470479363, 43.43597822283129], [77.02177573529191, 43.44179159112763], [77.02557070817784, 43.44726563561273], [77.0219695720896, 43.46000510595768], [77.02572839303855, 43.46265254868923], [77.02740881946681, 43.47095614406516], [77.02169821836776, 43.47400872778666], [77.02156234601277, 43.47646862928181], [77.02702852908062, 43.483715371320926], [77.02695386102401, 43.49457954882531], [77.0340258270393, 43.49904016145241], [77.03502373097193, 43.50956397019855], [77.03823196869679, 43.51262154130537], [77.050013689127, 43.51097958132529], [77.04666390080976, 43.50049755344795], [77.04901709423586, 43.497156539348055], [77.05711415569905, 43.494913848998884], [77.05885668341456, 43.485573159519404], [77.05520022130939, 43.479149704610926], [77.05632842354568, 43.47339095477241], [77.04672213258891, 43.47377003489451], [77.04470572337085, 43.46802456038115], [77.03640512409983, 43.46619664823576], [77.0371199943497, 43.45037025585063], [77.04494408558207, 43.44901109247395], [77.04700065322126, 43.443675531583786], [77.04277729957542, 43.44027882983398], [77.04011320310693, 43.43243777669416], [77.04538796197963, 43.42594435948359], [77.0452887938112, 43.42140487711941], [77.03707195444296, 43.41658946706067], [77.03453086523216, 43.4090042654374], [77.03977528485949, 43.39829096581778], [77.04036532143367, 43.38765269045555], [77.03268189950602, 43.386548389269116], [77.02672321208718, 43.38880397716186], [77.02383441299745, 43.39805925050742], [77.01400244596338, 43.398941472315315], [77.00983758333756, 43.39721386193726], [77.00916762374644, 43.39083863946199], [77.00413510669378, 43.38686932798441], [77.01164430825446, 43.382462676242426], [77.01349808572996, 43.376590236277465], [77.0141480328233, 43.368714770807564], [77.00688656910229, 43.36738340575264], [77.00754447477084, 43.361730961583824], [77.01184476939034, 43.35919780643463], [77.01759266664558, 43.36262247730289], [77.02145493359578, 43.36069786025516], [77.02122566899091, 43.35735737773871], [77.01233496613922, 43.35210071838398], [77.0145882886927, 43.34384917456191], [77.01980113912853, 43.34151430272528], [77.01985535638165, 43.33546236804842], [77.02607646203084, 43.33104391580322], [77.02871509232354, 43.32225100664089], [77.02254942666332, 43.322612959572986], [77.0207752690268, 43.327213199497294], [77.0168238406729, 43.328811542170094], [77.00581505370708, 43.32908867385031], [77.0009963615809, 43.33386163884214], [76.9906939911646, 43.32261703104492], [76.98647516704928, 43.321341124138506], [76.98600876240349, 43.31556705012489], [76.99619999020098, 43.3143038181905], [76.99713091876356, 43.31169154717191], [76.99271562041315, 43.30701376216714], [76.99666719344869, 43.29905372489216], [77.00081968770726, 43.2993409747108], [77.00248826291346, 43.30350426030683], [77.0169222524254, 43.29990553516395], [77.03058343698054, 43.310452758493874], [77.04592045168192, 43.31629764356024], [77.0539884413883, 43.33347056168815], [77.06617020530474, 43.33552115980345], [77.06971390540023, 43.33138658656118], [77.06754230963425, 43.324947607404454], [77.07491425116093, 43.32193845442222], [77.07409545214676, 43.317534730725434], [77.0794153137466, 43.311209215902544], [77.08418630605068, 43.31374142671007], [77.08078425515978, 43.32288157877613], [77.08415457952592, 43.326103975358386], [77.09788400129334, 43.32274217594617], [77.10980636418547, 43.32421200462656], [77.11551515737341, 43.31981315059541], [77.11826714371814, 43.31329853261541], [77.11502902091617, 43.30329216500849], [77.0728771134818, 43.30138428414828], [77.0670438856243, 43.2975817154737], [77.05652789127534, 43.29625292544533], [77.05274475126912, 43.29165255911438], [77.04000623668719, 43.290598973437945], [77.03736121114073, 43.281603001040025], [77.02093371230387, 43.27835504247473], [76.99468387342377, 43.28292762805783], [76.98093419435624, 43.28040995200856], [76.97843311632089, 43.28999544305726], [76.96823789850421, 43.29285497769151], [76.96743708428576, 43.298037165571294], [76.97145148983334, 43.30145281143202], [76.96856254631275, 43.30403175566471], [76.96878954505141, 43.318274956486455], [76.95706595840404, 43.31826781341542], [76.95413501756072, 43.32770456326688], [76.94552120108938, 43.326677451170426], [76.93891360734979, 43.317743476779526], [76.93523370882599, 43.317994146487436], [76.93277627198702, 43.324524076062545], [76.92928791243732, 43.32530370409951], [76.92167796547758, 43.31641361482528], [76.93235282424207, 43.3046735930984], [76.935819788968, 43.305188642499736], [76.93713664737635, 43.3087248314166], [76.94392131538841, 43.307665611281955], [76.94132438812174, 43.30047465104432], [76.94375962287374, 43.29345538482382], [76.95385544760099, 43.29155389415069], [76.9547175744408, 43.285622285307966], [76.95184885597106, 43.281688382653336], [76.95780841089785, 43.27316662273969], [76.96416212193596, 43.269051025430684], [76.97529492365503, 43.27011010042098], [76.97918797932442, 43.266191993015404], [76.99450712760611, 43.26253616624699], [76.99422258021615, 43.25165750102804], [76.98766548419873, 43.24921469971317], [76.97571705130424, 43.25164655223579], [76.9749054428369, 43.26002822587384], [76.97038417152783, 43.26069324848105], [76.96604240934926, 43.25495756318605], [76.96516511702754, 43.24307805619965], [76.96761882223565, 43.24111145441213], [76.97360459598815, 43.241771700322566], [76.97679137877235, 43.23854698951605], [76.9756939696394, 43.21775368206453], [76.98974561544269, 43.215247824246276], [76.99474355110604, 43.21067338640676], [76.99539994408552, 43.20184760028826], [76.98815761741128, 43.20125802425769], [76.98661749297476, 43.197190612858144], [77.00144249246257, 43.192868344849174], [77.00311382138058, 43.18625008639759], [76.98181759770662, 43.18660643049975], [76.97728863670477, 43.180408785504305], [76.97349497748446, 43.180509028698275], [76.96970382355383, 43.184102287906065], [76.96015610499728, 43.17586921067545], [76.95182933853567, 43.17667338751587], [76.95170393712101, 43.185981302714325], [76.95729760030405, 43.18667820040472], [76.96645141914958, 43.196278145856596], [76.9728384272848, 43.19670316778964], [76.97350186074509, 43.200187062016774], [76.95926837590926, 43.20000523048121], [76.94773640877337, 43.203781982006696], [76.93967246117981, 43.21144725755432], [76.93246026920535, 43.21111602973615], [76.93281470348943, 43.20548790447868], [76.94040504116744, 43.20289856946475], [76.94249727265021, 43.19976830822038], [76.9366584559432, 43.19582774696205], [76.94020376564646, 43.18697619141311], [76.93138324397036, 43.18390416576477], [76.92610591885905, 43.19042493653216], [76.91602692592795, 43.18648831599516], [76.91444151546841, 43.17905903998506], [76.90886880878458, 43.175854842524004], [76.90818452051855, 43.16844443686371], [76.9157547430402, 43.16523342765283], [76.9158242419813, 43.16120823410351], [76.90074323366504, 43.15626868993457], [76.90157955162685, 43.15304425823348], [76.90984648790932, 43.150341264353955], [76.90563074611691, 43.13977834778687], [76.90090730681679, 43.138805852990345], [76.89375734107436, 43.14337086166647], [76.89060523957534, 43.150846940903726], [76.88085604985518, 43.15325279776776], [76.8779890747271, 43.15706800390051], [76.87902017993996, 43.16449199848187], [76.86817329912164, 43.16436136328708], [76.86464410204884, 43.172113385486234], [76.85251725096502, 43.17970181694525], [76.84378757739375, 43.17841128129673], [76.84021094644167, 43.18010426246945], [76.84246118943017, 43.187769935670104], [76.83576796988368, 43.192719423632695], [76.83349063943889, 43.20003803222029], [76.8259758450717, 43.20379116766683], [76.8222764370425, 43.19894341878445], [76.81164516736298, 43.194973408877615], [76.81171635782336, 43.188354068377905], [76.81724728996109, 43.18622909273483], [76.81927034757304, 43.182122862991356], [76.81678853108818, 43.17823644503785], [76.80624425539335, 43.17688693450296], [76.79991087903267, 43.16438273147306], [76.80209126716416, 43.15982148974837], [76.79337014660543, 43.161564435121704], [76.79557407392433, 43.168574991224446], [76.79255920611777, 43.17162852732483], [76.78034126501632, 43.16700054628323], [76.76777272892119, 43.16771269699809], [76.76515199480436, 43.1637827203226], [76.73286068039369, 43.16589027950514], [76.72927593482616, 43.16294944057057], [76.72384758413529, 43.164848822725446], [76.71727584811352, 43.16392363400028], [76.71147257980317, 43.17122593995099], [76.71282386656749, 43.17342252957937], [76.7406843767046, 43.18206669021095], [76.75127984855801, 43.180245173576864], [76.75399087064501, 43.18196905970042], [76.75248915421646, 43.18452023366193], [76.74694076795838, 43.185710758265614], [76.74230284108896, 43.19355182372746], [76.73865867532469, 43.20082793873584], [76.74257683099381, 43.2075549108266], [76.74166794266112, 43.2140116475003], [76.7346325950807, 43.217667758181705], [76.73434181386708, 43.22200345729905], [76.73101268023484, 43.224116233922494], [76.70882552227583, 43.21555333653275], [76.70698759972734, 43.209557605788454], [76.68113775804123, 43.20994048833724], [76.67944255018621, 43.21362323541027], [76.67264558974249, 43.215619059944736], [76.66284313173246, 43.21329625444227], [76.66633319435977, 43.187604158261706], [76.66204936733979, 43.187666487086375], [76.65959481000776, 43.19439114362901], [76.64855594714868, 43.195255111589724], [76.63778474331916, 43.1837772192351], [76.62171699846323, 43.18044568886787], [76.61670380331374, 43.172232250374236], [76.60979029016823, 43.18105357393533], [76.61036155315104, 43.18818101029013], [76.60074644961777, 43.19492990434235], [76.59810108502019, 43.2049501791596], [76.6023291351199, 43.21154258264271], [76.61455074577358, 43.21283247971597], [76.61612862425127, 43.21648925532805], [76.60989425392418, 43.2182224758608], [76.60878214552605, 43.22587120052149], [76.59366607945452, 43.22640337276928], [76.58947716005397, 43.22806491517542], [76.58954526341773, 43.23032590181645]], [[76.98671914093707, 43.34279331849047], [76.98916901324944, 43.33860886178411], [76.99720039909062, 43.34181082922736], [76.99315393102921, 43.348136604812595], [76.98671914093707, 43.34279331849047]], [[76.98235747616992, 43.336408381186786], [76.97927207348293, 43.33326630913165], [76.98400677237599, 43.328606512948504], [76.98770100069878, 43.32818466954846], [76.98921969518115, 43.33066737788947], [76.98625240370899, 43.335552340096676], [76.98235747616992, 43.336408381186786]], [[76.97612883571887, 43.19556928818035], [76.97273398306477, 43.1943160812216], [76.97231059571722, 43.18908077584936], [76.97744971055526, 43.18715697014481], [76.98057996106884, 43.19372775666647], [76.97612883571887, 43.19556928818035]], [[76.96982076075534, 43.20368818545738], [76.97345145499169, 43.20157740277822], [76.97741244721563, 43.20478111618678], [76.97330545516635, 43.209733937338854], [76.96950185740668, 43.20848984754048], [76.96982076075534, 43.20368818545738]], [[76.93224803898383, 43.35903064719424], [76.93529758620814, 43.34613275346886], [76.9458755408261, 43.34507582427937], [76.94724067518632, 43.33748250713993], [76.95445733428153, 43.33139753035418], [76.9578369326319, 43.33133970868752], [76.96337041411203, 43.34356954582821], [76.96019616350203, 43.353047197037974], [76.94581135631508, 43.35303652218753], [76.94417538518884, 43.36443210458139], [76.93300340855113, 43.36582240908016], [76.93224803898383, 43.35903064719424]], [[76.89597140176227, 43.28494012468069], [76.8968231064266, 43.28174656481501], [76.9045696871195, 43.27781650042134], [76.90720638375211, 43.27959447811826], [76.90738481127897, 43.28718731255187], [76.93658361309477, 43.29019012422398], [76.93712623753386, 43.28599883859458], [76.93996651861927, 43.28489643710152], [76.94480878969236, 43.28608887567457], [76.94535719673645, 43.29008977753037], [76.94281094513362, 43.29178713387885], [76.93707285182215, 43.290766273725275], [76.93619111169014, 43.29712247865606], [76.93908375131844, 43.30095825960193], [76.93595137525072, 43.3039263461676], [76.93232865026464, 43.3035411932498], [76.92873502460137, 43.29787748511174], [76.91788831190489, 43.29810900065908], [76.91330462031378, 43.30319627007591], [76.90609164923261, 43.29914767028069], [76.90525161827513, 43.28864983045858], [76.89749368002421, 43.28853794306371], [76.89597140176227, 43.28494012468069]], [[76.92056955419636, 43.25293080100006], [76.921940940781, 43.25056460665666], [76.93399505252852, 43.2473405586338], [76.93585513832943, 43.25186129649206], [76.94133159441506, 43.25516229590547], [76.941279497502, 43.26022856231597], [76.93763208159841, 43.26117526347955], [76.93059211417346, 43.255795524870955], [76.92201871049177, 43.25562884012051], [76.92056955419636, 43.25293080100006]], [[76.93456919816768, 43.328603901411505], [76.94082254413698, 43.33518397463163], [76.93736704506824, 43.338410496263656], [76.92632137349136, 43.33291145049368], [76.92992158170166, 43.32578810503006], [76.93325209365314, 43.32590911571811], [76.93456919816768, 43.328603901411505]], [[76.90786812095403, 43.33441529682362], [76.913102453556, 43.330330420791505], [76.91690450900929, 43.33451521718093], [76.92241142791096, 43.335632107048916], [76.91772029011655, 43.34543023858281], [76.90894664219711, 43.34585407324074], [76.90786812095403, 43.33441529682362]], [[76.91075981953988, 43.21759970564626], [76.91198068270252, 43.21439425978865], [76.91683688054427, 43.21584568297174], [76.91482596378428, 43.21881059504168], [76.91075981953988, 43.21759970564626]], [[76.90539510944373, 43.251112742571024], [76.90749634096406, 43.24854441918491], [76.9111184045554, 43.250036376370616], [76.90902473653239, 43.253249224467986], [76.90539510944373, 43.251112742571024]], [[76.88758404167183, 43.376680421799605], [76.89395103002487, 43.373423099111974], [76.89583052660956, 43.36638992197397], [76.9056745100748, 43.36615107950685], [76.90620162508894, 43.3714453371532], [76.90081721068141, 43.375621887762144], [76.90394485085163, 43.38505676713261], [76.90188156554127, 43.391900203562855], [76.9040491674802, 43.39426660439613], [76.9134703903723, 43.3930593010565], [76.9146585719673, 43.39871585163831], [76.90512650406102, 43.3984238168246], [76.90160989418247, 43.401229123274696], [76.89323465315324, 43.399324929417354], [76.89696791272333, 43.391983512135795], [76.88605872478307, 43.38063299105828], [76.88758404167183, 43.376680421799605]], [[76.85546761608386, 43.320850692195954], [76.85622062132745, 43.318084355064485], [76.86495583671663, 43.31539443703448], [76.87221659585543, 43.32493651377775], [76.88904942097379, 43.3249248991579], [76.89596619289672, 43.33274711391422], [76.901915150355, 43.33383014452202], [76.90212463832839, 43.339497005529125], [76.89627271668533, 43.340807723304714], [76.88911010119607, 43.33721421882182], [76.88470665305654, 43.34110045584861], [76.88806379294513, 43.35412584607073], [76.87992325743637, 43.3539494052663], [76.87569753694929, 43.345109872419606], [76.86717863087345, 43.34556902532657], [76.86533692470078, 43.342095925377706], [76.86836813312398, 43.338040107725455], [76.85743083345746, 43.327581759196896], [76.85546761608386, 43.320850692195954]], [[76.89178368871498, 43.244845783044006], [76.89395625629729, 43.24137903104627], [76.89910564832674, 43.24169391912021], [76.89818357256767, 43.248412687672655], [76.89315536700632, 43.24827038727167], [76.89178368871498, 43.244845783044006]], [[76.8834594075408, 43.16593619765218], [76.88829349597528, 43.166131800673966], [76.89089080330291, 43.16872832399311], [76.88804680009802, 43.17578201998413], [76.87892044494407, 43.17247801732935], [76.8795433119522, 43.16683043402835], [76.8834594075408, 43.16593619765218]], [[76.86029646766943, 43.262069300355435], [76.86134340950485, 43.25916568410372], [76.86894631434616, 43.258807812591314], [76.88279288964819, 43.26231143041212], [76.88355273497504, 43.29030604450016], [76.87010649764174, 43.28651105217215], [76.86738950599666, 43.27907683065223], [76.86910969943966, 43.26965554682245], [76.86207851445513, 43.26717748805745], [76.86029646766943, 43.262069300355435]], [[76.84786572294743, 43.28849016665162], [76.85204565207421, 43.279258228687546], [76.8579401431981, 43.2783943833758], [76.86233699341196, 43.28298618268425], [76.86026165072137, 43.28800692028798], [76.86344010055707, 43.293904812819804], [76.86214929168143, 43.309918826462265], [76.8535263573887, 43.30711734311947], [76.84786572294743, 43.28849016665162]], [[76.84670651807006, 43.191043266041774], [76.84590887353728, 43.18757192388219], [76.85048408560577, 43.18488137328487], [76.85862675955758, 43.190467843333494], [76.85001982542431, 43.19651550845292], [76.84670651807006, 43.191043266041774]], [[76.84343886952756, 43.20059871690884], [76.84576838776552, 43.19887620750486], [76.84876441017398, 43.19991423239235], [76.84683995993028, 43.2050362515249], [76.84199929681559, 43.20427996600885], [76.84343886952756, 43.20059871690884]], [[76.84467279439897, 43.25381782321779], [76.8445801425657, 43.2507489487918], [76.8488985398489, 43.25079867499009], [76.84891271395618, 43.2539651817937], [76.84467279439897, 43.25381782321779]], [[76.82811863531971, 43.25852571426564], [76.83209289727142, 43.25507863598456], [76.8328080580065, 43.24917739123884], [76.8406287718673, 43.251126510610405], [76.83218271872033, 43.263145084513454], [76.82827405444804, 43.26249568188024], [76.82811863531971, 43.25852571426564]], [[76.80414188148498, 43.22166271606221], [76.80722200340935, 43.21391602921417], [76.81921522931805, 43.2186079888612], [76.82305373217837, 43.21410071399871], [76.82258735732823, 43.20517933210815], [76.82626586924694, 43.206017660962615], [76.82572128940954, 43.20953375478252], [76.83264539323744, 43.21231046210063], [76.82486605098666, 43.22682955326717], [76.8173776868682, 43.22795337495258], [76.81450756300964, 43.23124230321275], [76.80896991962976, 43.230268453599855], [76.80414188148498, 43.22166271606221]], [[76.79211404917635, 43.26095453225278], [76.7977084025964, 43.25260375837132], [76.80250219868078, 43.25311886418469], [76.80740786434929, 43.25951006994694], [76.80608245958938, 43.27045113922253], [76.80278502862042, 43.27098474484617], [76.79517449649828, 43.26702036431489], [76.79211404917635, 43.26095453225278]], [[76.78425518606011, 43.24297583820424], [76.79031876518643, 43.23392348109557], [76.80422782167156, 43.23927018900304], [76.79921743540386, 43.24838285903767], [76.79492854245109, 43.246196516378625], [76.78544742083072, 43.246148809665044], [76.78425518606011, 43.24297583820424]], [[76.75892327936049, 43.19104567438703], [76.7596502636271, 43.186163172100706], [76.7714987650519, 43.18659688623848], [76.77347568723333, 43.19296979432721], [76.77943518119265, 43.19541698523746], [76.78259345985127, 43.201563380876244], [76.77930312171256, 43.20401289124888], [76.77484605499399, 43.20334910888509], [76.75892327936049, 43.19104567438703]], [[76.75437413021025, 43.222549356693584], [76.75696831083782, 43.22013608669222], [76.76068337799451, 43.222283640537206], [76.75756211425724, 43.22535323075371], [76.75437413021025, 43.222549356693584]]], [[[76.60904886288826, 43.37394972462037], [76.61387559172023, 43.377131616419064], [76.61445951092699, 43.38472189126418], [76.63127883459806, 43.39020640840458], [76.6397018412432, 43.3890927848407], [76.64032495523008, 43.379816336358765], [76.6464241865973, 43.37986452172861], [76.65243392306067, 43.38832313170341], [76.6587351017243, 43.38912656166987], [76.66885640386057, 43.38601272502583], [76.6717854595467, 43.37933516449809], [76.66729803505683, 43.3718200941365], [76.64884714605378, 43.37475247306718], [76.64449821578896, 43.36596935441064], [76.62898229447026, 43.36542743688624], [76.62027860438467, 43.36136806518478], [76.61089453623495, 43.361803169944345], [76.60805579978125, 43.36768302207201], [76.60904886288826, 43.37394972462037]]], [[[76.51895988419984, 43.17343587765927], [76.51782498066846, 43.17934344209683], [76.51350431249962, 43.1810523361173], [76.51380290411322, 43.19368181485872], [76.51810604782132, 43.19827341321489], [76.52568622781676, 43.1994787157043], [76.52676542163701, 43.207787019769064], [76.53871360386665, 43.20526179789081], [76.54383533453374, 43.20694219016045], [76.54762655580971, 43.19869689792267], [76.56571932314861, 43.20462439465807], [76.5714147549849, 43.20363367926426], [76.57111645855461, 43.19442683562006], [76.5638803659814, 43.192255809876514], [76.55499700510386, 43.19377850459837], [76.54949418676706, 43.18692058299095], [76.55472558587857, 43.17892728258409], [76.56708534202797, 43.17802686162059], [76.56732721431489, 43.17373264689847], [76.57168959638443, 43.16941892590425], [76.5700735602762, 43.15640996236174], [76.56050207843664, 43.157882014989184], [76.5408438876976, 43.17193001648683], [76.53099188681941, 43.16783727601494], [76.528807427083, 43.17103529567944], [76.51895988419984, 43.17343587765927]]]]}}, {"type": "Feature", "properties": {"threshold": 95}, "geometry": {"type": "MultiPolygon", "coordinates": [[[[76.58954526341773, 43.23032590181645], [76.589591888039, 43.23642135950302], [76.59934641475294, 43.24214464430991], [76.60223030172418, 43.239554541646875], [76.61207984307582, 43.23817852702087], [76.60781119211316, 43.231236524360895], [76.60935776763263, 43.226441765021455], [76.62210147480788, 43.22529184110518], [76.62730928252489, 43.227937311724745], [76.62962348284529, 43.223950339314], [76.6393101550366, 43.22433902430591], [76.6476646747546, 43.22190606061523], [76.64684821288375, 43.216419785904726], [76.65247034557922, 43.215187043805926], [76.65503760342857, 43.219866993981775], [76.6495217092743, 43.222387105951015], [76.65036509181147, 43.22495519358934], [76.64688864867539, 43.22782343334685], [76.65521842307284, 43.23204765014233], [76.66312761764453, 43.24537877795648], [76.66976945600868, 43.24436939759931], [76.67164171504504, 43.237127134630114], [76.68468526706012, 43.23936619384996], [76.68871792357362, 43.22466011713887], [76.69630179149704, 43.223430001048825], [76.69983361756218, 43.21957616671218], [76.70391116696233, 43.223316887030364], [76.71285490924295, 43.22446489234573], [76.71443076411613, 43.22799417837779], [76.72184719836896, 43.228396550262545], [76.72501674450773, 43.232007724753664], [76.75303121285702, 43.234285432470436], [76.75206341088087, 43.239390904583], [76.73424203996885, 43.23913782804051], [76.73748898559737, 43.253665967713225], [76.74611946127757, 43.25321907589269], [76.74899584227138, 43.26277719300117], [76.7526173674259, 43.2622944494717], [76.75421915149147, 43.25363510068094], [76.76141972924364, 43.25371477840209], [76.75932676159881, 43.262686174099464], [76.76432728045056, 43.26583675758939], [76.76495731079345, 43.27695158412048], [76.76893829125173, 43.2760291024882], [76.77675496525916, 43.266959981622136], [76.78765225539703, 43.27007595935483], [76.78933384145394, 43.27269989584624], [76.78870056777379, 43.29987484507119], [76.78418001403841, 43.30347201308609], [76.78434456661192, 43.312348517732794], [76.78078868821783, 43.31445036420502], [76.7809739957212, 43.31728030270907], [76.78872701655531, 43.31873974920081], [76.79285564415363, 43.31390949819948], [76.80583588729257, 43.31353259340734], [76.80945274067052, 43.3068528960675], [76.81942128584895, 43.307244527945805], [76.82581113021341, 43.303810476687225], [76.83346666155653, 43.3048802186497], [76.83685203985235, 43.31199381884583], [76.83289603628495, 43.32221946532979], [76.82430586404259, 43.32169147774784], [76.81978587574399, 43.32372434435509], [76.81099442936537, 43.322359108801365], [76.80856406934888, 43.31784683689722], [76.79865550760498, 43.31795406354933], [76.79510568302922, 43.32125743533207], [76.79701776317869, 43.32739917419328], [76.79486268186949, 43.32970952729017], [76.78693375862022, 43.325070472775174], [76.78050640548614, 43.32663833909315], [76.77833215202565, 43.33143897793971], [76.78017843485212, 43.335733970910674], [76.76832001993043, 43.339448644312], [76.76002353087127, 43.3500550519307], [76.76084027964757, 43.355683803192676], [76.74357110900516, 43.35548860727182], [76.74246233473269, 43.36334304219387], [76.75155174481957, 43.369702291631874], [76.75966091279868, 43.36965571463421], [76.76203251687713, 43.362362031524086], [76.77745012503618, 43.361256555499054], [76.78072958511662, 43.36917662982847], [76.79597204746665, 43.37119877022461], [76.7977460122362, 43.37761986127857], [76.80359714129798, 43.38278355266563], [76.80807585849273, 43.3780185032435], [76.80772996469727, 43.36951844522884], [76.81960258998913, 43.367948892935885], [76.83193467380089, 43.361416041700814], [76.83317734584952, 43.35711323497533], [76.83751895683719, 43.35708139095588], [76.84015261612508, 43.36771110916237], [76.83731246406585, 43.37162461232973], [76.83086468754223, 43.372250680704795], [76.82635151308321, 43.38142919324492], [76.83092097078892, 43.38442110831442], [76.83599042112503, 43.38228520534762], [76.84641870059006, 43.3828632994786], [76.85156951312125, 43.4050127648706], [76.85525590153634, 43.40612867738467], [76.86557604412438, 43.400575830526385], [76.85793090918968, 43.39307524497155], [76.8609231263082, 43.38693517197487], [76.86798949916121, 43.38114854070156], [76.87575257368215, 43.38402280986914], [76.88574962215456, 43.40526732088059], [76.88416811568946, 43.41885083576195], [76.89025398371203, 43.422748758488225], [76.88929832636944, 43.429321308575545], [76.90275875603572, 43.42597352458197], [76.91034749419684, 43.42692619761167], [76.91250463047616, 43.43215923787746], [76.90943975887517, 43.439150007299936], [76.91387073990137, 43.443759013946696], [76.92372463838085, 43.443940690511916], [76.9235766905349, 43.4392728316145], [76.919352013071, 43.43799576990893], [76.91560537612715, 43.43135756173688], [76.91946109083668, 43.42730850809993], [76.91949243564277, 43.416412539529894], [76.92617784233816, 43.41523704980215], [76.92848290944835, 43.41258691599396], [76.92365434117784, 43.399736152669384], [76.92679385216856, 43.389623281736455], [76.91846591073356, 43.384518241138835], [76.92351587542385, 43.37537713601847], [76.92064330115947, 43.36656957981594], [76.93022821720069, 43.367551464738625], [76.93017393212982, 43.374706602997314], [76.93735903160271, 43.38498828107887], [76.9349471279567, 43.40570380962142], [76.93778151218956, 43.40745630240445], [76.93920143149502, 43.414846538797455], [76.94942631194108, 43.417689178260886], [76.95132496048066, 43.415635795854165], [76.9465385047302, 43.39857105687508], [76.94776751047402, 43.38687157032568], [76.9643027511585, 43.38615267158137], [76.96627505417321, 43.38128872081685], [76.95755411317805, 43.3728765392582], [76.97200951093065, 43.36271684079673], [76.97824501975393, 43.36389215277077], [76.98933064634959, 43.371538724964644], [76.99303151939274, 43.380771063181335], [77.00288859606347, 43.38551724809822], [77.00036938254668, 43.39185498992137], [76.99334443687421, 43.396954776711866], [76.9936424987183, 43.399407108361515], [77.00107828869513, 43.403283249375676], [77.00298380793826, 43.416410185048115], [76.99802761956701, 43.41923020412444], [76.9961637632539, 43.42511912214629], [77.00235618425005, 43.43320693728648], [76.98935534429435, 43.43576635265201], [76.98634101369007, 43.44211557467547], [76.998992755762, 43.45136384865717], [77.00445586075524, 43.448014868772596], [77.00472049075464, 43.435916651593324], [77.01572470479363, 43.43597822283129], [77.02177573529191, 43.44179159112763], [77.02557070817784, 43.44726563561273], [77.0219695720896, 43.46000510595768], [77.02572839303855, 43.46265254868923], [77.02740881946681, 43.47095614406516], [77.02169821836776, 43.47400872778666], [77.02156234601277, 43.47646862928181], [77.02702852908062, 43.483715371320926], [77.02695386102401, 43.49457954882531], [77.0340258270393, 43.49904016145241], [77.03502373097193, 43.50956397019855], [77.03823196869679, 43.51262154130537], [77.050013689127, 43.51097958132529], [77.04666390080976, 43.50049755344795], [77.04901709423586, 43.497156539348055], [77.05711415569905, 43.494913848998884], [77.05885668341456, 43.485573159519404], [77.05520022130939, 43.479149704610926], [77.05632842354568, 43.47339095477241], [77.04672213258891, 43.47377003489451], [77.04470572337085, 43.46802456038115], [77.03640512409983, 43.46619664823576], [77.0371199943497, 43.45037025585063], [77.04494408558207, 43.44901109247395], [77.04700065322126, 43.443675531583786], [77.04277729957542, 43.44027882983398], [77.04180271035173, 43.43406991083713], [77.0446762702473, 43.43135291116999], [77.0452887938112, 43.42140487711941], [77.03707195444296, 43.41658946706067], [77.03453086523216, 43.4090042654374], [77.03977528485949, 43.39829096581778], [77.04036532143367, 43.38765269045555], [77.03268189950602, 43.386548389269116], [77.02657200550546, 43.38888160144558], [77.02295844857314, 43.39852785711111], [77.01066911452932, 43.39801402269751], [77.00916762374644, 43.39083863946199], [77.0041490540217, 43.386463418093726], [77.01172750791643, 43.382342245287795], [77.01418846209936, 43.368846361898925], [77.00724920629477, 43.36770609518303], [77.006581210203, 43.363321008607485], [77.0112964379814, 43.359267050219806], [77.01759266664558, 43.36262247730289], [77.02142588263128, 43.36076195558102], [77.0211687715181, 43.357304143906745], [77.01250322808619, 43.35309975303659], [77.01363829583953, 43.34597488263384], [77.01980113912853, 43.34151430272528], [77.01995596045104, 43.33525735315633], [77.02603085712492, 43.331102645832914], [77.02851062100785, 43.32452762172747], [77.03622329008577, 43.323266785669176], [77.03639351046814, 43.314038012868416], [77.04545192839788, 43.316091341089695], [77.04481517606462, 43.32154206072857], [77.05195047160807, 43.33403558208215], [77.06052020540878, 43.33631375153778], [77.06876418271867, 43.33442319768418], [77.068364133415, 43.32442996546377], [77.07491425116093, 43.32193845442222], [77.07409545214676, 43.317534730725434], [77.07865623789577, 43.31149705588661], [77.0842474084967, 43.31393972999489], [77.08134195538456, 43.326845836451746], [77.08603322231413, 43.32751454851237], [77.09108106323811, 43.32377736647568], [77.10840882567474, 43.325771914358256], [77.11560858202512, 43.32113474556888], [77.12089313303865, 43.30683254130263], [77.11432852759945, 43.302893551620244], [77.0728771134818, 43.30138428414828], [77.0670438856243, 43.2975817154737], [77.05652789127534, 43.29625292544533], [77.05274475126912, 43.29165255911438], [77.04578714971677, 43.291392942729374], [77.03838148822186, 43.28162504454472], [77.02678123939874, 43.28011059701526], [77.02277735671001, 43.27694118291507], [77.01915001948804, 43.27709163502127], [77.01673141037296, 43.28008006703829], [77.01105203283213, 43.27920348928806], [76.9949810868955, 43.28291099134818], [76.98093419435624, 43.28040995200856], [76.97843311632089, 43.28999544305726], [76.96823789850421, 43.29285497769151], [76.96743708428576, 43.298037165571294], [76.97145148983334, 43.30145281143202], [76.96857395129234, 43.30396476045927], [76.96836172193694, 43.3188109962473], [76.95706595840404, 43.31826781341542], [76.9526795689666, 43.32820851282921], [76.94552120108938, 43.326677451170426], [76.93891360734979, 43.317743476779526], [76.93511987505539, 43.31810035004692], [76.93221528461318, 43.32498632144327], [76.92800895560151, 43.324516371045846], [76.92188307361589, 43.31496758892479], [76.93235282424207, 43.3046735930984], [76.935819788968, 43.305188642499736], [76.93713664737635, 43.3087248314166], [76.94392131538841, 43.307665611281955], [76.94132438812174, 43.30047465104432], [76.94375962287374, 43.29345538482382], [76.95385544760099, 43.29155389415069], [76.9547175744408, 43.285622285307966], [76.95184885597106, 43.281688382653336], [76.95762658906077, 43.273330649497], [76.96416212193596, 43.269051025430684], [76.97529492365503, 43.27011010042098], [76.97918797932442, 43.266191993015404], [76.99454461989914, 43.26247446565696], [76.99422258021615, 43.25165750102804], [76.98766548419873, 43.24921469971317], [76.97571705130424, 43.25164655223579], [76.9749054428369, 43.26002822587384], [76.97038417152783, 43.26069324848105], [76.96604240934926, 43.25495756318605], [76.96516511702754, 43.24307805619965], [76.96761882223565, 43.24111145441213], [76.97360459598815, 43.241771700322566], [76.97679137877235, 43.23854698951605], [76.9756939696394, 43.21775368206453], [76.98974561544269, 43.215247824246276], [76.99474355110604, 43.21067338640676], [76.99539994408552, 43.20184760028826], [76.98815761741128, 43.20125802425769], [76.98661749297476, 43.197190612858144], [77.00144249246257, 43.192868344849174], [77.00311382138058, 43.18625008639759], [76.98181759770662, 43.18660643049975], [76.9769352211064, 43.1803369537068], [76.96891031907286, 43.18388374482295], [76.9651973589507, 43.172673034415986], [76.95915390506808, 43.16964172656057], [76.95133260377492, 43.17705428417958], [76.951580192954, 43.18580086006017], [76.95729760030405, 43.18667820040472], [76.96645141914958, 43.196278145856596], [76.9728384272848, 43.19670316778964], [76.97339407815838, 43.20036939841007], [76.95926837590926, 43.20000523048121], [76.94773640877337, 43.203781982006696], [76.93967246117981, 43.21144725755432], [76.93246026920535, 43.21111602973615], [76.93281470348943, 43.20548790447868], [76.94040504116744, 43.20289856946475], [76.94249727265021, 43.19976830822038], [76.9366584559432, 43.19582774696205], [76.94020376564646, 43.18697619141311], [76.93138324397036, 43.18390416576477], [76.92610591885905, 43.19042493653216], [76.91602692592795, 43.18648831599516], [76.91444151546841, 43.17905903998506], [76.90886880878458, 43.175854842524004], [76.90818452051855, 43.16844443686371], [76.9157547430402, 43.16523342765283], [76.9158242419813, 43.16120823410351], [76.90074323366504, 43.15626868993457], [76.90157955162685, 43.15304425823348], [76.90984648790932, 43.150341264353955], [76.90563074611691, 43.13977834778687], [76.90090730681679, 43.138805852990345], [76.89375734107436, 43.14337086166647], [76.89060523957534, 43.150846940903726], [76.88085604985518, 43.15325279776776], [76.8779890747271, 43.15706800390051], [76.87902017993996, 43.16449199848187], [76.86817329912164, 43.16436136328708], [76.86464410204884, 43.172113385486234], [76.85251725096502, 43.17970181694525], [76.84378757739375, 43.17841128129673], [76.84021094644167, 43.18010426246945], [76.84246118943017, 43.187769935670104], [76.83576796988368, 43.192719423632695], [76.83349063943889, 43.20003803222029], [76.8259758450717, 43.20379116766683], [76.8222764370425, 43.19894341878445], [76.81164516736298, 43.194973408877615], [76.81171635782336, 43.188354068377905], [76.81724728996109, 43.18622909273483], [76.81927034757304, 43.182122862991356], [76.81678853108818, 43.17823644503785], [76.80624425539335, 43.17688693450296], [76.79991087903267, 43.16438273147306], [76.80209126716416, 43.15982148974837], [76.79337014660543, 43.161564435121704], [76.79557407392433, 43.168574991224446], [76.79255920611777, 43.17162852732483], [76.78034126501632, 43.16700054628323], [76.76777272892119, 43.16771269699809], [76.76515199480436, 43.1637827203226], [76.73286068039369, 43.16589027950514], [76.72927593482616, 43.16294944057057], [76.72384758413529, 43.164848822725446], [76.71727584811352, 43.16392363400028], [76.71147257980317, 43.17122593995099], [76.71282386656749, 43.17342252957937], [76.7406843767046, 43.18206669021095], [76.75127984855801, 43.180245173576864], [76.75399087064501, 43.18196905970042], [76.75248915421646, 43.18452023366193], [76.74694076795838, 43.185710758265614], [76.74230284108896, 43.19355182372746], [76.73865867532469, 43.20082793873584], [76.74257683099381, 43.2075549108266], [76.74166794266112, 43.2140116475003], [76.7346325950807, 43.217667758181705], [76.73434181386708, 43.22200345729905], [76.73101268023484, 43.224116233922494], [76.70882552227583, 43.21555333653275], [76.70698759972734, 43.209557605788454], [76.68113775804123, 43.20994048833724], [76.67944255018621, 43.21362323541027], [76.67264558974249, 43.215619059944736], [76.66284313173246, 43.21329625444227], [76.66633319435977, 43.187604158261706], [76.66204936733979, 43.187666487086375], [76.65959481000776, 43.19439114362901], [76.64855594714868, 43.195255111589724], [76.63778474331916, 43.1837772192351], [76.62171699846323, 43.18044568886787], [76.61670380331374, 43.172232250374236], [76.60979029016823, 43.18105357393533], [76.61036155315104, 43.18818101029013], [76.60074644961777, 43.19492990434235], [76.59810108502019, 43.2049501791596], [76.6023291351199, 43.21154258264271], [76.61455074577358, 43.21283247971597], [76.61612862425127, 43.21648925532805], [76.60989425392418, 43.2182224758608], [76.60878214552605, 43.22587120052149], [76.59366607945452, 43.22640337276928], [76.58947716005397, 43.22806491517542], [76.58954526341773, 43.23032590181645]], [[77.02263686707991, 43.30989983347633], [77.02635609471649, 43.307781550400975], [77.03005367884849, 43.31161204688231], [77.02583174731187, 43.31379148215914], [77.02263686707991, 43.30989983347633]], [[76.99292316419869, 43.32638665411237], [76.98635018031977, 43.32115949248239], [76.9859728971793, 43.31577288925416], [76.99710003435112, 43.312906847622415], [76.99272226110095, 43.30721697125413], [76.99595021651056, 43.30451477238755], [76.99603667267829, 43.29945045562962], [77.0006183850493, 43.29919256434863], [77.00221858922744, 43.30345991583085], [77.01863822245556, 43.305504182864766], [77.02013229712603, 43.30847115788581], [77.01354460266867, 43.31824634479649], [77.01361331575183, 43.32260135971896], [77.02038789366459, 43.3245029278405], [77.02058098396373, 43.32739253903914], [77.00776591360034, 43.328334934408325], [77.00154839061719, 43.333911571854216], [76.99292316419869, 43.32638665411237]], [[76.98671914093707, 43.34279331849047], [76.98916901324944, 43.33860886178411], [76.99720039909062, 43.34181082922736], [76.99315393102921, 43.348136604812595], [76.98671914093707, 43.34279331849047]], [[76.98156130405914, 43.33191670239205], [76.98486207761256, 43.32817004725192], [76.98889318461055, 43.3290144926336], [76.98506666641104, 43.33642670570551], [76.979383654334, 43.335306387300705], [76.98156130405914, 43.33191670239205]], [[76.97612883571887, 43.19556928818035], [76.97273398306477, 43.1943160812216], [76.97231059571722, 43.18908077584936], [76.97744971055526, 43.18715697014481], [76.98057996106884, 43.19372775666647], [76.97612883571887, 43.19556928818035]], [[76.96982076075534, 43.20368818545738], [76.97345145499169, 43.20157740277822], [76.97741244721563, 43.20478111618678], [76.97330545516635, 43.209733937338854], [76.96950185740668, 43.20848984754048], [76.96982076075534, 43.20368818545738]], [[76.93224803898383, 43.35903064719424], [76.93529758620814, 43.34613275346886], [76.9458755408261, 43.34507582427937], [76.94724067518632, 43.33748250713993], [76.95445733428153, 43.33139753035418], [76.9578369326319, 43.33133970868752], [76.96337041411203, 43.34356954582821], [76.96019616350203, 43.353047197037974], [76.94581135631508, 43.35303652218753], [76.94417538518884, 43.36443210458139], [76.93300340855113, 43.36582240908016], [76.93224803898383, 43.35903064719424]], [[76.89597140176227, 43.28494012468069], [76.8968231064266, 43.28174656481501], [76.9045696871195, 43.27781650042134], [76.90720638375211, 43.27959447811826], [76.90738481127897, 43.28718731255187], [76.93658361309477, 43.29019012422398], [76.93712623753386, 43.28599883859458], [76.93996651861927, 43.28489643710152], [76.94480878969236, 43.28608887567457], [76.94535719673645, 43.29008977753037], [76.94281094513362, 43.29178713387885], [76.93707285182215, 43.290766273725275], [76.93619111169014, 43.29712247865606], [76.93908375131844, 43.30095825960193], [76.93595137525072, 43.3039263461676], [76.93232865026464, 43.3035411932498], [76.92873502460137, 43.29787748511174], [76.91788831190489, 43.29810900065908], [76.91330462031378, 43.30319627007591], [76.90609164923261, 43.29914767028069], [76.90525161827513, 43.28864983045858], [76.89749368002421, 43.28853794306371], [76.89597140176227, 43.28494012468069]], [[76.92056955419636, 43.25293080100006], [76.921940940781, 43.25056460665666], [76.93399505252852, 43.2473405586338], [76.93585513832943, 43.25186129649206], [76.94133159441506, 43.25516229590547], [76.941279497502, 43.26022856231597], [76.93763208159841, 43.26117526347955], [76.93059211417346, 43.255795524870955], [76.92201871049177, 43.25562884012051], [76.92056955419636, 43.25293080100006]], [[76.93456919816768, 43.328603901411505], [76.94082254413698, 43.33518397463163], [76.93736704506824, 43.338410496263656], [76.92632137349136, 43.33291145049368], [76.92992158170166, 43.32578810503006], [76.93325209365314, 43.32590911571811], [76.93456919816768, 43.328603901411505]], [[76.90786812095403, 43.33441529682362], [76.913102453556, 43.330330420791505], [76.91690450900929, 43.33451521718093], [76.92241142791096, 43.335632107048916], [76.91772029011655, 43.34543023858281], [76.90894664219711, 43.34585407324074], [76.90786812095403, 43.33441529682362]], [[76.91075981953988, 43.21759970564626], [76.91198068270252, 43.21439425978865], [76.91683688054427, 43.21584568297174], [76.91482596378428, 43.21881059504168], [76.91075981953988, 43.21759970564626]], [[76.90539510944373, 43.251112742571024], [76.90749634096406, 43.24854441918491], [76.9111184045554, 43.250036376370616], [76.90902473653239, 43.253249224467986], [76.90539510944373, 43.251112742571024]], [[76.90511050678661, 43.39426464350912], [76.9132351348093, 43.39295027839064], [76.91517246940231, 43.398237245940415], [76.9008640768528, 43.39904679226694], [76.90007674909772, 43.395093860476365], [76.90511050678661, 43.39426464350912]], [[76.90021554573399, 43.36960446137512], [76.89948024595466, 43.36719568816011], [76.90286243427698, 43.36557951612947], [76.90728064637337, 43.36805774987701], [76.90444683258937, 43.37187744938067], [76.90021554573399, 43.36960446137512]], [[76.85546761608386, 43.320850692195954], [76.85622062132745, 43.318084355064485], [76.86495583671663, 43.31539443703448], [76.87221659585543, 43.32493651377775], [76.88904942097379, 43.3249248991579], [76.89596619289672, 43.33274711391422], [76.901915150355, 43.33383014452202], [76.90212463832839, 43.339497005529125], [76.89627271668533, 43.340807723304714], [76.88911010119607, 43.33721421882182], [76.88470665305654, 43.34110045584861], [76.88806379294513, 43.35412584607073], [76.87992325743637, 43.3539494052663], [76.87569753694929, 43.345109872419606], [76.86717863087345, 43.34556902532657], [76.86533692470078, 43.342095925377706], [76.86836813312398, 43.338040107725455], [76.85743083345746, 43.327581759196896], [76.85546761608386, 43.320850692195954]], [[76.89178368871498, 43.244845783044006], [76.89395625629729, 43.24137903104627], [76.89910564832674, 43.24169391912021], [76.89818357256767, 43.248412687672655], [76.89315536700632, 43.24827038727167], [76.89178368871498, 43.244845783044006]], [[76.88968602895083, 43.383389492249265], [76.88585937573727, 43.38025386506583], [76.88721847042385, 43.377490258261574], [76.90209601727703, 43.37845370571341], [76.90402278526649, 43.387943985526455], [76.90127400934733, 43.39245868251644], [76.89731158068372, 43.39231605214959], [76.88968602895083, 43.383389492249265]], [[76.8834594075408, 43.16593619765218], [76.88829349597528, 43.166131800673966], [76.89089080330291, 43.16872832399311], [76.88804680009802, 43.17578201998413], [76.87892044494407, 43.17247801732935], [76.8795433119522, 43.16683043402835], [76.8834594075408, 43.16593619765218]], [[76.86029646766943, 43.262069300355435], [76.86134340950485, 43.25916568410372], [76.86894631434616, 43.258807812591314], [76.88279288964819, 43.26231143041212], [76.88355273497504, 43.29030604450016], [76.87010649764174, 43.28651105217215], [76.86738950599666, 43.27907683065223], [76.86910969943966, 43.26965554682245], [76.86207851445513, 43.26717748805745], [76.86029646766943, 43.262069300355435]], [[76.84786572294743, 43.28849016665162], [76.85204565207421, 43.279258228687546], [76.8579401431981, 43.2783943833758], [76.86233699341196, 43.28298618268425], [76.86026165072137, 43.28800692028798], [76.86344010055707, 43.293904812819804], [76.86214929168143, 43.309918826462265], [76.8535263573887, 43.30711734311947], [76.84786572294743, 43.28849016665162]], [[76.84670651807006, 43.191043266041774], [76.84590887353728, 43.18757192388219], [76.85048408560577, 43.18488137328487], [76.85862675955758, 43.190467843333494], [76.85001982542431, 43.19651550845292], [76.84670651807006, 43.191043266041774]], [[76.84343886952756, 43.20059871690884], [76.84576838776552, 43.19887620750486], [76.84876441017398, 43.19991423239235], [76.84683995993028, 43.2050362515249], [76.84199929681559, 43.20427996600885], [76.84343886952756, 43.20059871690884]], [[76.84467279439897, 43.25381782321779], [76.8445801425657, 43.2507489487918], [76.8488985398489, 43.25079867499009], [76.84891271395618, 43.2539651817937], [76.84467279439897, 43.25381782321779]], [[76.82811863531971, 43.25852571426564], [76.83209289727142, 43.25507863598456], [76.8328080580065, 43.24917739123884], [76.8406287718673, 43.251126510610405], [76.83218271872033, 43.263145084513454], [76.82827405444804, 43.26249568188024], [76.82811863531971, 43.25852571426564]], [[76.80414188148498, 43.22166271606221], [76.80722200340935, 43.21391602921417], [76.81921522931805, 43.2186079888612], [76.82305373217837, 43.21410071399871], [76.82258735732823, 43.20517933210815], [76.82626586924694, 43.206017660962615], [76.82572128940954, 43.20953375478252], [76.83264539323744, 43.21231046210063], [76.82486605098666, 43.22682955326717], [76.8173776868682, 43.22795337495258], [76.81450756300964, 43.23124230321275], [76.80896991962976, 43.230268453599855], [76.80414188148498, 43.22166271606221]], [[76.80322375467067, 43.284973417648736], [76.8045585884989, 43.28024094251638], [76.81372132812322, 43.28386347144266], [76.8240476380314, 43.28141279464661], [76.82570344743988, 43.28806244827763], [76.82202275752832, 43.29541121276947], [76.80854927253907, 43.29453104069324], [76.80322375467067, 43.284973417648736]], [[76.79211404917635, 43.26095453225278], [76.7977084025964, 43.25260375837132], [76.80250219868078, 43.25311886418469], [76.80740786434929, 43.25951006994694], [76.80608245958938, 43.27045113922253], [76.80278502862042, 43.27098474484617], [76.79517449649828, 43.26702036431489], [76.79211404917635, 43.26095453225278]], [[76.78425518606011, 43.24297583820424], [76.79031876518643, 43.23392348109557], [76.80422782167156, 43.23927018900304], [76.79921743540386, 43.24838285903767], [76.79492854245109, 43.246196516378625], [76.78544742083072, 43.246148809665044], [76.78425518606011, 43.24297583820424]], [[76.78119302191816, 43.33987861430473], [76.78161411127007, 43.335829978273175], [76.79027442310687, 43.33557571126422], [76.79135632531863, 43.34178131709191], [76.78780773740714, 43.34583344307067], [76.78399741775543, 43.345325693409016], [76.78119302191816, 43.33987861430473]], [[76.75892327936049, 43.19104567438703], [76.7596502636271, 43.186163172100706], [76.7714987650519, 43.18659688623848], [76.77347568723333, 43.19296979432721], [76.77943518119265, 43.19541698523746], [76.78259345985127, 43.201563380876244], [76.77930312171256, 43.20401289124888], [76.77484605499399, 43.20334910888509], [76.75892327936049, 43.19104567438703]], [[76.75437413021025, 43.222549356693584], [76.75696831083782, 43.22013608669222], [76.76068337799451, 43.222283640537206], [76.75756211425724, 43.22535323075371], [76.75437413021025, 43.222549356693584]]], [[[76.70903857506856, 43.45758256725465], [76.70935888162936, 43.46862714074533], [76.71386575727672, 43.473895463343155], [76.7400002504645, 43.46811591239566], [76.75294464538071, 43.470858635425124], [76.75242923859295, 43.454394663942985], [76.74394379481072, 43.454277485016966], [76.74081088475886, 43.44760808193398], [76.72879388115977, 43.43994019761489], [76.71262856616518, 43.44314518905602], [76.70969589999329, 43.44694447267231], [76.71116162782457, 43.454064630414074], [76.70903857506856, 43.45758256725465]]], [[[76.6061399941833, 43.367005554924404], [76.60637145339354, 43.371551674836006], [76.61387559172023, 43.377131616419064], [76.61430865743326, 43.385252449590126], [76.6205223841345, 43.387547796647326], [76.63118700837968, 43.39019780987203], [76.63928537949981, 43.38935220049797], [76.63854990368921, 43.381075067926105], [76.64458247684806, 43.37948579214199], [76.65292196010239, 43.38850440296164], [76.66284527454576, 43.38834410295041], [76.67374947107618, 43.38433670270409], [76.66737835416448, 43.371853640153404], [76.66286352902131, 43.37112601438184], [76.64884714605378, 43.37475247306718], [76.64464340059376, 43.3660528438157], [76.63411453265499, 43.36450389870644], [76.63542766199664, 43.35153263664997], [76.61846225841786, 43.351837621408805], [76.6178210098821, 43.36082663339187], [76.61114962570154, 43.361609720828234], [76.6061399941833, 43.367005554924404]]], [[[76.51895988419984, 43.17343587765927], [76.51782498066846, 43.17934344209683], [76.51350431249962, 43.1810523361173], [76.51380290411322, 43.19368181485872], [76.51810604782132, 43.19827341321489], [76.52568622781676, 43.1994787157043], [76.52676542163701, 43.207787019769064], [76.53871360386665, 43.20526179789081], [76.54383533453374, 43.20694219016045], [76.54762655580971, 43.19869689792267], [76.56571932314861, 43.20462439465807], [76.5714147549849, 43.20363367926426], [76.57111645855461, 43.19442683562006], [76.5638803659814, 43.192255809876514], [76.55499700510386, 43.19377850459837], [76.54949418676706, 43.18692058299095], [76.55472558587857, 43.17892728258409], [76.56708534202797, 43.17802686162059], [76.56732721431489, 43.17373264689847], [76.57168959638443, 43.16941892590425], [76.5700735602762, 43.15640996236174], [76.56050207843664, 43.157882014989184], [76.5408438876976, 43.17193001648683], [76.53099188681941, 43.16783727601494], [76.528807427083, 43.17103529567944], [76.51895988419984, 43.17343587765927]]]]}}]}