{"type": "FeatureCollection", "features": [{"type": "Feature", "properties": {"threshold": 70}, "geometry": {"type": "Polygon", "coordinates": [[[120.83885414358672, 14.400707201625108], [120.84436172309, 14.405754328018016], [120.84361735582758, 14.411118384773319], [120.8489167457101, 14.422315173706684], [120.85597133348728, 14.42060702627424], [120.86421302500968, 14.428293937237154], [120.8716554781604, 14.427011700761595], [120.87577528112391, 14.43403859445113], [120.8831161192837, 14.435694525281068], [120.88529474254281, 14.44086255586737], [120.8909693710194, 14.436234428176395], [120.89476344177095, 14.436378867421736], [120.8967432762642, 14.444053794695218], [120.9137560827943, 14.450930632949081], [120.91690407831315, 14.454580778802613], [120.9167146737559, 14.461330245110705], [120.9204961424193, 14.463381834037246], [120.93465765118137, 14.461203335977228], [120.95382843112193, 14.463236208519426], [120.96076275748868, 14.472668575248134], [120.96562682196806, 14.47337580850261], [120.97720240097368, 14.483924864564871], [120.98070086968725, 14.492425599432082], [120.98618557596015, 14.496537177079208], [120.98305493795937, 14.500810029892985], [120.98341099974844, 14.505265629052646], [120.97615544445546, 14.511633313825811], [120.9797730486711, 14.512510301564392], [120.98560505395069, 14.509357176337218], [120.98881336434933, 14.513976069313202], [120.98582592756424, 14.526190181045672], [120.97802736027738, 14.525898337423333], [120.976946282429, 14.533566860799663], [120.99408618018634, 14.538620312345822], [120.98590031184897, 14.557732295561536], [120.98741623981455, 14.564913719909406], [120.97558111809373, 14.5789752680784], [120.98019190764529, 14.584334720341982], [120.97938221093348, 14.58736819688871], [120.96863291364852, 14.585747766893062], [120.9642303121548, 14.58828952217471], [120.9575674082611, 14.584839603868842], [120.95397319439265, 14.595077997541022], [120.9448832094032, 14.593774486737141], [120.94166701266305, 14.595822799917741], [120.94177465834879, 14.600084478670198], [120.94895880046126, 14.602586198984257], [120.94858156045036, 14.609304448161998], [120.95525928429417, 14.605980216544163], [120.95816765386898, 14.607445209412552], [120.95674236368238, 14.630466227807297], [120.9445894674371, 14.645255569815681], [120.94565513267341, 14.651046202051905], [120.94319588798987, 14.656225275318944], [120.92815201998131, 14.674236526242117], [120.93151789201458, 14.68626188052834], [120.93688944476857, 14.691587173247779], [120.94223479184319, 14.689719999672286], [120.94592958977826, 14.683314385510853], [120.94528676637732, 14.67949574637474], [120.94913096844068, 14.675694399176878], [120.95234471110675, 14.67833240012294], [120.94928844936697, 14.685596149992799], [120.9574983476824, 14.690350627860061], [120.95459148542714, 14.695925952194758], [120.95137560462067, 14.69198432635424], [120.94781259730988, 14.69192517058085], [120.94143818707481, 14.700704906094717], [120.94707588700606, 14.711351591056317], [120.94557774987796, 14.716781480918039], [120.94938278887349, 14.718557648315018], [120.95163867413729, 14.727104779275294], [120.94456577922706, 14.73825482256253], [120.95970071377839, 14.738899740370119], [120.96218685632519, 14.74158468133668], [120.96088593083685, 14.746738218341674], [120.95209512572251, 14.747429425985677], [120.94940450196546, 14.753476031595413], [120.95032190761485, 14.760607970979128], [120.95402761181414, 14.760867188300615], [120.95778442112513, 14.756071558923454], [120.96345197405101, 14.762700313866521], [120.97001111905071, 14.760730796786092], [120.97528298719443, 14.764451238791535], [120.98043546673047, 14.762900636922078], [120.98729634462646, 14.766241476896955], [120.99348607079162, 14.762709948457942], [120.99829678002058, 14.766337093368378], [121.00239780048881, 14.759723487766339], [121.00616791531347, 14.758888348988467], [121.02180075840609, 14.767324801739642], [121.03806085241499, 14.767501837966176], [121.05549717699236, 14.76178503329891], [121.0576182268784, 14.758658522322209], [121.06576770902132, 14.758698485974438], [121.0679080972449, 14.761281363627107], [121.06500306139276, 14.780898147535975], [121.07343559997204, 14.777314015775755], [121.07638355214549, 14.763590707631819], [121.07922037697077, 14.761597980701634], [121.08594717094665, 14.769450880768042], [121.09779321163067, 14.771977905990088], [121.09898733941193, 14.767697462631872], [121.0927126002092, 14.765586196987561], [121.09400167321243, 14.76032062167151], [121.08763809205658, 14.755232300962081], [121.08639706449564, 14.746864020288157], [121.08037549005053, 14.744115826318174], [121.07969999626303, 14.738573477654706], [121.07248530589695, 14.734066820345468], [121.07114667162102, 14.730088916005354], [121.06495742721651, 14.72826796831269], [121.06508680875874, 14.723670694814134], [121.07138289040152, 14.722122519399468], [121.0748738557724, 14.709741355085036], [121.08183341363898, 14.711871413266891], [121.08644155128326, 14.709999984198275], [121.08888955194827, 14.715082485541998], [121.09779680026418, 14.717123905020182], [121.10150892335561, 14.72342136939331], [121.10802224992494, 14.723804005557918], [121.10993422801734, 14.72760787454373], [121.12000341410268, 14.731059773291024], [121.12144094687275, 14.718545890453381], [121.11591486129532, 14.71705862202521], [121.1139289656759, 14.707741701286801], [121.1180535700709, 14.703418193049764], [121.12525700121245, 14.708230312674132], [121.12752114427097, 14.716749548111618], [121.13266340682057, 14.723199584953305], [121.13601482617784, 14.716870348223468], [121.14415828666218, 14.715370123298522], [121.14779293477656, 14.706483256731314], [121.1442373073523, 14.699446432914161], [121.13855378766944, 14.696978766102298], [121.13912504938648, 14.68859753496229], [121.11555565768025, 14.697311889283215], [121.11118257501097, 14.69713885414492], [121.1090560731492, 14.693967394035381], [121.11095325636428, 14.68861658530052], [121.12969654840792, 14.68584444815057], [121.13261338936617, 14.677796322591158], [121.1395600552084, 14.67716852310576], [121.14011720405809, 14.671311341830641], [121.12877072886796, 14.670149070772766], [121.13300918361514, 14.655385577437844], [121.12732886012915, 14.649030531518703], [121.12736226046465, 14.641968933789352], [121.13968031306445, 14.637981972209896], [121.14106050245343, 14.628912542942361], [121.14419313534482, 14.626792003183894], [121.15765250506, 14.626002301841202], [121.16073781887295, 14.630880874807449], [121.17171315361077, 14.631310341742882], [121.17724542242274, 14.636044896948489], [121.18050323432594, 14.633097130191802], [121.18283216564295, 14.624033963940207], [121.20238894001632, 14.623650620354159], [121.2025843153406, 14.617743712621794], [121.19646912057017, 14.613825477016594], [121.20025406579995, 14.604031607968395], [121.19538893050806, 14.59265099598942], [121.20229808710204, 14.591896380629706], [121.20738523266114, 14.598212764159777], [121.21077815217872, 14.598362603609036], [121.21392611428354, 14.585115016249732], [121.21084584282025, 14.580348449243525], [121.20831270341012, 14.580534045402274], [121.20817048167353, 14.584513002689821], [121.2054937929703, 14.585880044978847], [121.20245432612741, 14.581958287211167], [121.19564630019647, 14.582247532600231], [121.19460489621979, 14.578548490428453], [121.19723688299244, 14.574725320538578], [121.20363582139757, 14.574246544475226], [121.20612585967265, 14.568095817632752], [121.21583295941547, 14.559839501914263], [121.21436029170468, 14.554001600949892], [121.20118184095877, 14.558052949276615], [121.1962886691982, 14.554927949561907], [121.19236423155375, 14.547920904889347], [121.19141971924637, 14.537342407429222], [121.18906051059128, 14.546034745574067], [121.17649992455681, 14.548938811313782], [121.1685964230891, 14.565317706802029], [121.16004643516257, 14.566985969640607], [121.15800534172588, 14.56413091086264], [121.1608533021255, 14.558271528738711], [121.15677382854119, 14.554346992853304], [121.16350452735487, 14.5468407925879], [121.16085754920974, 14.539047603385383], [121.15000386822918, 14.529665783989302], [121.15434439537395, 14.524183575931477], [121.15321077482054, 14.521531263079218], [121.14389973752101, 14.520592802367785], [121.14014922259723, 14.523370568486888], [121.14115643543873, 14.528715399565803], [121.13682018278388, 14.533155728464667], [121.1261970958641, 14.5327434752214], [121.12047241939968, 14.537546034001506], [121.11624232288113, 14.537036476914057], [121.11371330629879, 14.530957938981897], [121.10576956514366, 14.530993730380985], [121.101444985535, 14.536701295449712], [121.08683224954598, 14.535734875120484], [121.0820095377621, 14.523215005533423], [121.08504887824208, 14.512152193838853], [121.07339587417111, 14.51319804883102], [121.06428538472646, 14.499696980326455], [121.0609482687853, 14.476761017892285], [121.05111511526853, 14.44712475462524], [121.05342706864381, 14.382349342883593], [121.06432575726254, 14.37200390627068], [121.06367646447735, 14.36282003509181], [121.06607254491323, 14.358306856085354], [121.0783963115838, 14.356842867000582], [121.0858482781135, 14.349890760829831], [121.09127538388438, 14.34945936777092], [121.09191204731167, 14.344077227988034], [121.09975761311833, 14.336282297233332], [121.1144307379466, 14.329717982236545], [121.12224293451058, 14.319690825690612], [121.12651042863334, 14.304954307741934], [121.11562480611921, 14.301213358160823], [121.09770103263703, 14.304396164084], [121.08984180282523, 14.308553764785302], [121.08629274753044, 14.311393345440825], [121.09179903990338, 14.323140414303158], [121.08640959477314, 14.330737955695444], [121.07174979506851, 14.320745658440966], [121.07493877807009, 14.31535638185606], [121.08603157540833, 14.311380978959866], [121.07955902943796, 14.300936614850912], [121.06641264187739, 14.30005324167716], [121.05836179828061, 14.310244953797671], [121.04930188732533, 14.302384036786766], [121.037758042657, 14.302261913704225], [121.03413612210971, 14.310096522267106], [121.02502663517107, 14.309568043674116], [121.01880285285355, 14.312137662655104], [121.0136453546038, 14.319167705269582], [121.00783337288725, 14.318585951944074], [121.00571682595951, 14.325095318352771], [121.00838256715609, 14.33132227937135], [121.01483801393735, 14.334142903606342], [121.02114034278907, 14.332372545529427], [121.02700915494034, 14.340808517225213], [121.02411734038752, 14.345675905689129], [121.02620654634723, 14.35398071370967], [121.02317157507072, 14.357197046157683], [121.02502897118714, 14.365320199578285], [121.02114210196076, 14.367020542569936], [121.01356033619139, 14.36205833075136], [121.01109907229484, 14.349130695651626], [121.0057320403591, 14.350786665057042], [121.01096752859145, 14.378680043574864], [120.99975956163468, 14.389796872113202], [120.99263363020954, 14.390241023362927], [120.99407669814414, 14.396124684509399], [120.98842012202671, 14.39757901052114], [120.98781873317574, 14.403436051294038], [120.98431341964238, 14.404722923500401], [120.97845469312372, 14.399923770020187], [120.98112552337567, 14.389754277348592], [120.98910550133651, 14.38671667314624], [120.98756820968156, 14.368346443025942], [120.98295485176428, 14.355025692179588], [120.98315924773708, 14.342616720189385], [120.98692902910587, 14.33999308269277], [120.99088620629365, 14.32588325759511], [120.99808301651493, 14.32354184145189], [120.9981796163727, 14.314909473048907], [120.99382881398499, 14.310376579029475], [120.99391466694088, 14.305519312302275], [120.985899035601, 14.30100475938532], [120.97712848681384, 14.300898922682176], [120.97367790179828, 14.303519679796283], [120.96674075611418, 14.302515783730094], [120.96304434958874, 14.30723758776602], [120.95557262330374, 14.307436674655285], [120.9500410896838, 14.317872476362265], [120.95343336609848, 14.322441034343527], [120.95311034233241, 14.331353332827554], [120.94430303582519, 14.3350659257812], [120.94192046246755, 14.332456628200404], [120.94478468920546, 14.316563489086771], [120.93393620067152, 14.31452642138283], [120.93132908653931, 14.318166161510627], [120.92778905993505, 14.318434096183756], [120.92643791875794, 14.313897619015055], [120.92887182616276, 14.307431860460394], [120.92382231949456, 14.306710565045453], [120.92187664392708, 14.30051536030827], [120.916162534706, 14.301227254218663], [120.9097554683116, 14.30561759342913], [120.90528391952097, 14.317642790901102], [120.9129782107133, 14.322514324188425], [120.91400891656579, 14.327379359565388], [120.92035564478194, 14.327090933239388], [120.92236898232211, 14.329232067966688], [120.91968967725403, 14.352525495990447], [120.91687012601261, 14.355404057972736], [120.91044011856573, 14.355586433525362], [120.90657656869804, 14.359569712889556], [120.89871407677283, 14.352977966607543], [120.89167246768986, 14.362711033099917], [120.88809845977737, 14.363890501126821], [120.8872899431858, 14.368071609827313], [120.88387852246532, 14.368633779586796], [120.88291648167545, 14.36200882802744], [120.8863445731264, 14.35533348735553], [120.88269486206377, 14.349163831754844], [120.88310514543916, 14.34182677673872], [120.88734547420798, 14.33790910258405], [120.88480448034622, 14.328522272285799], [120.88190880989384, 14.328201022683192], [120.87807795970791, 14.337002940402607], [120.88054266877283, 14.343584304477025], [120.87822068220554, 14.375802236499961], [120.86948818958399, 14.382987959626211], [120.856804432607, 14.382587602860113], [120.85756119011425, 14.361521310073554], [120.85458849046223, 14.359245794254113], [120.84989559966361, 14.369686058636232], [120.85233862565077, 14.373823523779851], [120.8522284839834, 14.384655981385436], [120.84931664342372, 14.386240501156891], [120.84149855041372, 14.383991079458548], [120.84052978640504, 14.387359714771964], [120.84575078872054, 14.391515576181373], [120.83879595975526, 14.39638229007877], [120.83885414358672, 14.400707201625108]], [[121.12628194997265, 14.627940384975506], [121.12986299192387, 14.625953756869444], [121.12745713136756, 14.618833423180352], [121.12943789238419, 14.611632966070617], [121.14102946001486, 14.607022169901876], [121.13261807290513, 14.604704570190899], [121.13081320823777, 14.59934275564689], [121.13889258096808, 14.598623906676282], [121.14537261063222, 14.593120593805315], [121.15478718212445, 14.600443913094415], [121.16362873886017, 14.598696083910566], [121.16489798867104, 14.59186032259368], [121.1691554543407, 14.589738076394534], [121.17105682648123, 14.59381312922289], [121.1763061501074, 14.59580012230353], [121.18012759654994, 14.607770665143358], [121.18428134240477, 14.609687509056279], [121.17784857151429, 14.616847854859515], [121.17276058681757, 14.60893946739831], [121.16229639366834, 14.621922908372795], [121.15590296331058, 14.62112506126892], [121.15618044831763, 14.611765066003839], [121.15328961809243, 14.611256713559818], [121.14696596771677, 14.618131704886432], [121.14656373586381, 14.623005378868335], [121.13680520275256, 14.624569895441232], [121.1349089228489, 14.637313826421284], [121.12864835507564, 14.636507157366887], [121.12564627905411, 14.632554401277906], [121.12628194997265, 14.627940384975506]], [[121.17005558241972, 14.576579817544113], [121.16691322407196, 14.578589271827491], [121.16476575135712, 14.575180879960183], [121.1683987591065, 14.573505148728616], [121.17005558241972, 14.576579817544113]], [[121.04560881632968, 14.59143557260286], [121.05304599816623, 14.585413237502763], [121.05758986343913, 14.587221314611474], [121.06058104595623, 14.59224879330109], [121.0680985518048, 14.590749897712687], [121.07257928467895, 14.594857003669434], [121.07809127204312, 14.591900132451025], [121.0795125090105, 14.599141093439762], [121.07481651176559, 14.60663491883192], [121.07051425581685, 14.601569259829903], [121.06770228371245, 14.601707693174255], [121.0675317884116, 14.612552035180885], [121.05897195391444, 14.611983303909117], [121.05449333170115, 14.604669780000098], [121.05807532143355, 14.600045432264535], [121.0472861326011, 14.597598598198106], [121.04425801989534, 14.594593356300308], [121.04560881632968, 14.59143557260286]], [[121.07116125021628, 14.34638015597708], [121.07394523346493, 14.342404524087797], [121.07641748641235, 14.34748450222124], [121.07348846167613, 14.349421652354396], [121.07116125021628, 14.34638015597708]], [[121.03257393379086, 14.331430298816988], [121.0360994747216, 14.326854548102144], [121.03202218592229, 14.322657539442181], [121.03331342432419, 14.31565473429256], [121.04293128679068, 14.314133530385988], [121.05045085884912, 14.320445374577268], [121.06022140885604, 14.312482115591726], [121.0655392730615, 14.315788758354437], [121.06710289693756, 14.323760435330032], [121.05860738200124, 14.323871710239711], [121.0431143386832, 14.332926942680439], [121.04331599025345, 14.337563615676025], [121.0376782746824, 14.345241870842797], [121.03384942968798, 14.34236313929211], [121.03600651332195, 14.336716103388948], [121.03257393379086, 14.331430298816988]], [[121.01360939683295, 14.554540272126374], [121.01982072863369, 14.544122014220365], [121.01343090220617, 14.539203746048615], [121.01401399572343, 14.534856409599104], [121.01879613423387, 14.533482299713246], [121.03855148837636, 14.53856891848372], [121.04179131871607, 14.532732220991036], [121.05233765527241, 14.540229996001377], [121.05693214190379, 14.554078456104124], [121.05478552711156, 14.557914329831313], [121.03823351879365, 14.555873537003805], [121.02777314340001, 14.559845633618881], [121.02208906766334, 14.555749425773087], [121.01538400995982, 14.560614070323147], [121.01303166156767, 14.558830637026487], [121.01360939683295, 14.554540272126374]], [[121.04601938776176, 14.532884390471601], [121.04368462036682, 14.528885713291592], [121.04916055348474, 14.523518172837028], [121.05281658876282, 14.524271845786402], [121.05075763302516, 14.532289365908419], [121.04601938776176, 14.532884390471601]], [[121.02206011347279, 14.73215090598352], [121.02061138091553, 14.72686118791672], [121.02265717915974, 14.724599771451555], [121.03626877678573, 14.726409446662302], [121.03873860732364, 14.729231292959708], [121.02780894919809, 14.736387525407354], [121.02206011347279, 14.73215090598352]], [[121.03016597616255, 14.532743925942928], [121.02812349717593, 14.529890867543832], [121.03136858302666, 14.524867663760407], [121.03947521452929, 14.527377464524632], [121.03818052978103, 14.533692349080178], [121.03016597616255, 14.532743925942928]], [[121.03056534733028, 14.356785281732307], [121.03274287500884, 14.35270081340936], [121.0364828859214, 14.354434899652647], [121.03535784214823, 14.358938733300064], [121.03056534733028, 14.356785281732307]], [[121.02945500759199, 14.372320966399737], [121.03057807910507, 14.368103312507937], [121.03604496888698, 14.370873028573087], [121.03380239679575, 14.374926348450355], [121.02945500759199, 14.372320966399737]], [[121.00250232336458, 14.400037534056509], [121.00565034732459, 14.39349486340119], [121.01956947945818, 14.393381422078132], [121.02051180981648, 14.399010403490662], [121.02670775191552, 14.400611447636804], [121.02720508443326, 14.406477884011748], [121.03359473075304, 14.407704330806121], [121.03040421549953, 14.425753446465011], [121.0234865407418, 14.425893270430457], [121.01741245387413, 14.412706621002489], [121.0079109139477, 14.407482589217938], [120.9994936516035, 14.409838321525223], [120.99919011419365, 14.404966676753585], [121.00250232336458, 14.400037534056509]], [[121.00241647572362, 14.505222569134737], [121.00482901086912, 14.502776686982635], [121.01619895968602, 14.503923072991348], [121.02856396153831, 14.50936911748747], [121.02926170893733, 14.514033458396673], [121.02484890349952, 14.518388423326476], [121.01714319230324, 14.515437780103452], [121.00792234468646, 14.525916574444567], [121.00402403611707, 14.526649029435916], [121.00255923463978, 14.520671032106984], [121.00712121709394, 14.51830361900381], [121.01165479810389, 14.51109359776177], [121.00241647572362, 14.505222569134737]], [[121.01933183639566, 14.753147810539568], [121.02487268788539, 14.753731919840344], [121.02468938045787, 14.758827310994382], [121.01697592473462, 14.757561252971731], [121.01649855741034, 14.754695226472634], [121.01933183639566, 14.753147810539568]], [[120.96381260668052, 14.728685233394947], [120.96885400071548, 14.727134402111432], [120.97417365679392, 14.718382911506177], [120.98162304843666, 14.722184564640473], [120.98309413467688, 14.727441648848176], [120.98974267958077, 14.729275013252721], [120.99049752685569, 14.734788552374111], [120.99784692560303, 14.73561468196389], [120.9909833600689, 14.742233096449919], [120.99606796078614, 14.7470367012151], [120.99464222925056, 14.752471999598397], [120.99174036479623, 14.75330117425659], [120.98510616444935, 14.749338909215115], [120.98158426195995, 14.74336754538277], [120.98425506334806, 14.735686288113502], [120.98224081835532, 14.729325550277593], [120.9770695520034, 14.730061265950825], [120.97048842563325, 14.736840866146947], [120.96367101693126, 14.732254398197304], [120.96381260668052, 14.728685233394947]], [[120.98070170286562, 14.63549283720492], [120.98420738827645, 14.629828109478716], [120.98985804611242, 14.63412473288733], [120.98756354520302, 14.637146504822583], [120.98070170286562, 14.63549283720492]], [[120.98265651241019, 14.422893810956099], [120.98235390405333, 14.418120119214676], [120.98592231880706, 14.417322195181054], [120.98689567017976, 14.420862960729579], [120.98131223441513, 14.42795286360335], [120.97952746158477, 14.424768493904047], [120.98265651241019, 14.422893810956099]], [[120.94200517864303, 14.363900686643724], [120.9647971273932, 14.33176818730324], [120.97616135974395, 14.332992667479168], [120.98342720479766, 14.330706148552744], [120.98327736071015, 14.338800136855184], [120.97202945289955, 14.341442416281035], [120.96405501921308, 14.355872930210394], [120.96430006579664, 14.362354035844067], [120.97040083311761, 14.361964062894266], [120.97639542030613, 14.366241148337908], [120.97716542447387, 14.375488428692814], [120.97057572899269, 14.386981216308412], [120.96303151338309, 14.38394959664589], [120.95890190958517, 14.385856962040137], [120.95861638550768, 14.392809544850959], [120.95015898094248, 14.398208188216463], [120.95274936020702, 14.40267242822983], [120.9506043979166, 14.405566361983126], [120.9442364139276, 14.40320166311456], [120.94680292309522, 14.393603501207782], [120.94273958569119, 14.382933150123183], [120.94200517864303, 14.363900686643724]], [[120.96174654451937, 14.411532900681015], [120.9621989730779, 14.40850884585365], [120.96700662194063, 14.406206148351714], [120.97224668418151, 14.405840712969576], [120.975346032035, 14.40949396883294], [120.97107010787938, 14.41450980545991], [120.96174654451937, 14.411532900681015]], [[120.9661998629732, 14.431731365309023], [120.97042654576752, 14.430913197504099], [120.97148448053693, 14.434588384016935], [120.9640793700964, 14.436324506049553], [120.9631199921564, 14.433141043559676], [120.9661998629732, 14.431731365309023]], [[120.96810417637575, 14.74933142051842], [120.96461593466692, 14.750701667796596], [120.96290888084192, 14.746912859792241], [120.96711348019744, 14.74567820434398], [120.96810417637575, 14.74933142051842]], [[120.93435196881717, 14.352903269843145], [120.93921238067199, 14.353645078337095], [120.93913055961173, 14.3614648429761], [120.9322035662985, 14.358062008171345], [120.93435196881717, 14.352903269843145]], [[120.93783812068128, 14.380984254127709], [120.93694433473205, 14.384377378569447], [120.9325143321465, 14.383997205409836], [120.93389179374643, 14.378237340102775], [120.93783812068128, 14.380984254127709]], [[120.93102228622021, 14.322728754161153], [120.93352711735716, 14.325369693602475], [120.93059110783419, 14.328204526570977], [120.92769153734358, 14.3250334365071], [120.93102228622021, 14.322728754161153]], [[120.9257721065575, 14.426532415319649], [120.92486512454715, 14.422812364588172], [120.92824149044398, 14.421774772342209], [120.929414299204, 14.425524122267737], [120.9257721065575, 14.426532415319649]], [[120.91638038003163, 14.362754906560987], [120.9228597602792, 14.358963639797597], [120.92591674090494, 14.360786513088195], [120.92318269464418, 14.368335058480607], [120.91370577206906, 14.36792341271254], [120.91342997477743, 14.364321296809264], [120.91638038003163, 14.362754906560987]], [[120.88828688806053, 14.41796832180533], [120.89351132271743, 14.411260054204167], [120.89755833989379, 14.411927479601275], [120.89913234670136, 14.415479219132738], [120.90665995316039, 14.41449811189561], [120.90867497009293, 14.405620929671468], [120.90610930838533, 14.401172280520182], [120.91126606750494, 14.396081069074018], [120.91169474487053, 14.383580834668226], [120.91851062817524, 14.380022526792814], [120.9242624866827, 14.383123743910065], [120.925047613561, 14.388707930617421], [120.91807330000414, 14.39582254606759], [120.92321442166114, 14.398318662353258], [120.92392553788305, 14.401947119126902], [120.9188163655075, 14.4081012212932], [120.91873698195369, 14.41665516497033], [120.92189526618762, 14.418899451306174], [120.92201534021876, 14.42417719181112], [120.91700017577541, 14.42687064267048], [120.91689237443452, 14.437450458475874], [120.91239756496134, 14.437624353705251], [120.91050575457054, 14.433814605482839], [120.90310539166643, 14.433527062702856], [120.89680239916365, 14.428671002811333], [120.8921809140454, 14.43146590685803], [120.8875664269866, 14.430596353022736], [120.88656723706437, 14.42686715661362], [120.88991893964943, 14.424412943223432], [120.88828688806053, 14.41796832180533]], [[120.89358158859848, 14.372924652214616], [120.8935067760986, 14.369353619986445], [120.90041288193032, 14.364058514040167], [120.9118661462799, 14.366969929976817], [120.91010571069583, 14.372092487464322], [120.90258457613263, 14.37588613643025], [120.89358158859848, 14.372924652214616]], [[120.85887632271273, 14.401234848018918], [120.86117414481147, 14.39167958171724], [120.86465834942354, 14.38892830755104], [120.87771920775063, 14.388185433245207], [120.88483542984713, 14.3929482935494], [120.8833160187628, 14.381886306217416], [120.885677801716, 14.378441181020486], [120.894348236839, 14.378177373578016], [120.90533091384846, 14.383735700865458], [120.90500354778194, 14.399637755256315], [120.89635749273943, 14.401663967721918], [120.87986005199062, 14.421039923869097], [120.87321572299774, 14.419086602137236], [120.87027656814479, 14.413781713620232], [120.86379517550395, 14.411205899127635], [120.85887632271273, 14.401234848018918]]]}}, {"type": "Feature", "properties": {"threshold": 80}, "geometry": {"type": "Polygon", "coordinates": [[[120.81383960803234, 14.362320640319073], [120.81643269142496, 14.367624140522965], [120.82313264940511, 14.369705500073168], [120.81776300980883, 14.376644921297908], [120.81875399948885, 14.383236187011194], [120.82849960027711, 14.3893260877626], [120.83708960006841, 14.384490262116326], [120.84313101190075, 14.39003897543561], [120.83863265197635, 14.400290321838009], [120.84436172309, 14.405754328018016], [120.84361735582758, 14.411118384773319], [120.84885085768292, 14.42226661087876], [120.85643755666943, 14.420774403439415], [120.8641386771429, 14.428258839540096], [120.88292431773779, 14.43552980634334], [120.88429797314218, 14.440792059227457], [120.89246350160221, 14.439411784535714], [120.90197891504847, 14.447537669514523], [120.90924914269183, 14.448082490783095], [120.91648932170509, 14.453705771964806], [120.91668002643893, 14.461257151616529], [120.9204961424193, 14.463381834037246], [120.93465765118137, 14.461203335977228], [120.95382843112193, 14.463236208519426], [120.96076275748868, 14.472668575248134], [120.96562682196806, 14.47337580850261], [120.97720240097368, 14.483924864564871], [120.98070086968725, 14.492425599432082], [120.98618557596015, 14.496537177079208], [120.98305954208857, 14.504815120988868], [120.97615544445546, 14.511633313825811], [120.97946432515039, 14.514549291026118], [120.97796747411174, 14.519641343167095], [120.98643545131453, 14.523601588286121], [120.98409983559314, 14.52736380883882], [120.97791706793534, 14.525187649438989], [120.97693878910196, 14.534390265991984], [120.98839134795325, 14.535308616059131], [120.99408618018634, 14.538620312345822], [120.98590031184897, 14.557732295561536], [120.98741623981455, 14.564913719909406], [120.97560966123164, 14.578899702907021], [120.9758674544804, 14.582663859990731], [120.97968386394598, 14.584175712402397], [120.97881495749363, 14.587140693739004], [120.96863291364852, 14.585747766893062], [120.96494247747961, 14.587774293157533], [120.9575674082611, 14.584839603868842], [120.95397319439265, 14.595077997541022], [120.9448832094032, 14.593774486737141], [120.94166701266305, 14.595822799917741], [120.94177465834879, 14.600084478670198], [120.94895880046126, 14.602586198984257], [120.94858156045036, 14.609304448161998], [120.95525928429417, 14.605980216544163], [120.95816765386898, 14.607445209412552], [120.95674236368238, 14.630466227807297], [120.9445894674371, 14.645255569815681], [120.94565513267341, 14.651046202051905], [120.94319588798987, 14.656225275318944], [120.92815201998131, 14.674236526242117], [120.93166340443307, 14.686456568567726], [120.93696389001659, 14.691622260491112], [120.94528056362859, 14.692851021543698], [120.94142491960199, 14.703415604205333], [120.94691254638327, 14.710894181320072], [120.94555059222347, 14.716705429719395], [120.9501534894479, 14.721333253146451], [120.9516364094389, 14.727347186967304], [120.94456577922706, 14.73825482256253], [120.9476013440585, 14.740472270532766], [120.95970071377839, 14.738899740370119], [120.9620276037932, 14.741127838932414], [120.9608210905539, 14.745247660934226], [120.95641470011392, 14.74768164405615], [120.94774230789015, 14.742357841772662], [120.94450349629838, 14.744891726166358], [120.94935380298344, 14.75181348842234], [120.95037058743016, 14.76067307434707], [120.96375867175277, 14.762741326444907], [120.9695861506176, 14.76093078921736], [120.98572861269717, 14.76622780742104], [120.99297822414766, 14.762721710357242], [120.99914297061285, 14.766344426809832], [121.01107666249762, 14.762189314042411], [121.02188084400271, 14.76734505250026], [121.03806085241499, 14.767501837966176], [121.05839238181308, 14.758754428918417], [121.06601162900328, 14.75874782605933], [121.06775842236908, 14.76419134166296], [121.06421342299117, 14.785999484059875], [121.07212102285958, 14.78748719392115], [121.07655555152992, 14.766449796283272], [121.08414363099388, 14.767174692179355], [121.08869658273173, 14.77202528854074], [121.09901539152915, 14.77138615483979], [121.09558304013075, 14.760939496430948], [121.08763809205658, 14.755232300962081], [121.08639706449564, 14.746864020288157], [121.08037549005053, 14.744115826318174], [121.07969999626303, 14.738573477654706], [121.07248530589695, 14.734066820345468], [121.0691360493817, 14.727895113799375], [121.07423962124649, 14.711686505118664], [121.07786072792763, 14.710191485996196], [121.09730464046339, 14.717231756044828], [121.09982390445658, 14.722584035926326], [121.1082465319493, 14.723909497894226], [121.10986819079721, 14.72755936748965], [121.11681982505088, 14.731033890708888], [121.12373986789699, 14.731190958636999], [121.12634334125056, 14.742124564376025], [121.12224765781879, 14.744687401244382], [121.12122353088198, 14.749332971047005], [121.12741370037458, 14.761514315135132], [121.14147550388273, 14.765056316569643], [121.1479052867618, 14.760275450050507], [121.15469546906863, 14.764307408096354], [121.16140026288163, 14.764209954191626], [121.1609029733167, 14.751728204257867], [121.15314231948418, 14.743248974902576], [121.15677059140846, 14.739970312110403], [121.1584257790216, 14.729266509863406], [121.13383731814649, 14.729578959146222], [121.1316283211807, 14.727687314709167], [121.1366016974041, 14.716624031025118], [121.14712950531036, 14.714923841843012], [121.15785976398527, 14.716766078507051], [121.15415870352261, 14.711776595960973], [121.14899078558851, 14.710567263630848], [121.1442373073523, 14.699446432914161], [121.13867796438592, 14.697194732950821], [121.13935568935344, 14.688825773830404], [121.11555565768025, 14.697311889283215], [121.11056677049059, 14.696731043573907], [121.10903298388985, 14.691686175267257], [121.1116098761904, 14.688332953253493], [121.13061756241608, 14.68581743965719], [121.13949556840969, 14.677316618300136], [121.14012416088319, 14.670487866166638], [121.13458067970019, 14.672090070298042], [121.1296985721286, 14.670384821159884], [121.13301615910203, 14.654562104008527], [121.12742628050802, 14.649244218518001], [121.12717049167236, 14.643356679127892], [121.12881437324897, 14.640785410944721], [121.13968031306445, 14.637981972209896], [121.14198817085122, 14.627954141616987], [121.1576354442436, 14.626784767059185], [121.16073095825088, 14.631704362819534], [121.16547648187237, 14.63087878799463], [121.17261193062457, 14.635950062781944], [121.17724542242274, 14.636044896948489], [121.18535172797532, 14.626163573686172], [121.21115693202482, 14.626425184204743], [121.2135258376067, 14.624366423517555], [121.21296335311683, 14.622346908565804], [121.20399378562495, 14.621967463825738], [121.2024385794472, 14.617549169828271], [121.19690068382215, 14.614686040689634], [121.20024605690718, 14.605015968075987], [121.1978796263399, 14.600750215731738], [121.1987630508818, 14.594520395656334], [121.20540056846848, 14.594405805431244], [121.20738523266114, 14.598212764159777], [121.21070007834251, 14.598389134264341], [121.21475697202148, 14.589338637919436], [121.21107320005031, 14.579527750354075], [121.20103830766149, 14.581870046932705], [121.19879351800893, 14.577893750936916], [121.20711640967423, 14.570405189984825], [121.21176714032703, 14.577935382248196], [121.21982379754427, 14.577471265316117], [121.21986307636143, 14.572580070255633], [121.21578354148939, 14.57151499278731], [121.21447564523528, 14.567863163113078], [121.21596011502109, 14.556915917246599], [121.22350788250091, 14.5477021032315], [121.22354185809452, 14.535547308135916], [121.21783560634945, 14.534680399051744], [121.22012481144785, 14.545026174596208], [121.2152863711426, 14.54770435795312], [121.2124570956879, 14.553748359779279], [121.20118184095877, 14.558052949276615], [121.19570541874334, 14.554149150417004], [121.1931557624699, 14.537110671367353], [121.19111114875666, 14.53660940625022], [121.18826334024017, 14.545977081980165], [121.17649992455681, 14.548938811313782], [121.16876888013923, 14.564641974697997], [121.16182553601722, 14.565917988493565], [121.15943490642434, 14.553898124243172], [121.1642238368477, 14.54602413513378], [121.17077541689943, 14.544445876217091], [121.17116556831229, 14.542039108793775], [121.16486907184455, 14.537825454474813], [121.1643422621824, 14.532551221334503], [121.15821413701545, 14.526982120565025], [121.15957505958112, 14.519189344518685], [121.16591345227617, 14.518877770706597], [121.17211596111964, 14.511749064721357], [121.18755250787213, 14.513415421751452], [121.1919373742675, 14.510594616750911], [121.19743620356172, 14.51512688413114], [121.20484535162056, 14.513414039651853], [121.20512445220564, 14.501506922127025], [121.19177719146326, 14.500447759213198], [121.19034034461046, 14.49602713865988], [121.19618752538828, 14.491366199923197], [121.20748896327282, 14.491239285085046], [121.2108600287249, 14.48661536987618], [121.21758320989994, 14.488056221429574], [121.21808794837725, 14.485416563840715], [121.21366587939345, 14.475927569789496], [121.20349267371253, 14.474842723928644], [121.19735885340832, 14.467217080096844], [121.1973251793311, 14.463301824897178], [121.20308969557603, 14.460993583809925], [121.20317830519248, 14.449967666156537], [121.2011899594884, 14.449354452350256], [121.19497987593894, 14.451955530416406], [121.19420507181933, 14.45854909587819], [121.18542823730226, 14.465252561592559], [121.18410507723823, 14.48423030707482], [121.17586538490241, 14.497784114791573], [121.16743283904849, 14.500456874154846], [121.16616026819493, 14.508926809592513], [121.16111818323607, 14.515983247344012], [121.15293897165779, 14.521215060536043], [121.14389973752101, 14.520592802367785], [121.14014922259723, 14.523370568486888], [121.14115643543873, 14.528715399565803], [121.13682018278388, 14.533155728464667], [121.1261970958641, 14.5327434752214], [121.12047241939968, 14.537546034001506], [121.11615935482085, 14.53684223736724], [121.11385806241992, 14.53096603483105], [121.10576956514366, 14.530993730380985], [121.101444985535, 14.536701295449712], [121.08604645423797, 14.534053828430174], [121.08203185070069, 14.52345646879474], [121.08517506619333, 14.51351303638802], [121.08338670700115, 14.508844549687145], [121.0799232760729, 14.506839864283863], [121.0724769589099, 14.511986164520133], [121.06428538472646, 14.499696980326455], [121.0609482687853, 14.476761017892285], [121.05111511526853, 14.44712475462524], [121.0534572969556, 14.385576957078086], [121.05632914738717, 14.379051690884518], [121.06436169841344, 14.371931407535554], [121.06471446293868, 14.360445314733084], [121.06943212891309, 14.357008219495125], [121.0783963115838, 14.356842867000582], [121.0858482781135, 14.349890760829831], [121.09127538388438, 14.34945936777092], [121.09191204731167, 14.344077227988034], [121.09975761311833, 14.336282297233332], [121.11182034243474, 14.332227518139902], [121.12134876359063, 14.321403640370715], [121.12646177448964, 14.304889244504182], [121.11576953077513, 14.301207574253842], [121.09280710846946, 14.306818686623895], [121.08511361814634, 14.306359558920784], [121.07963896014176, 14.300956826277105], [121.06580820722458, 14.299989816852642], [121.0581143322557, 14.309422603351717], [121.04922437730947, 14.302356273213796], [121.03792008700586, 14.302231870414733], [121.02837561757092, 14.309211328190642], [121.01886959667955, 14.312090252092226], [121.01382288213499, 14.31896687316444], [121.00783337288725, 14.318585951944074], [121.0057171691741, 14.324252048198892], [121.00753802730723, 14.331315190195944], [121.02109564697386, 14.333980639802634], [121.02690218912308, 14.340605723174772], [121.02412455982586, 14.344852463336974], [121.02605242259844, 14.353586042345686], [121.02238899135877, 14.356956940042556], [121.02394750656691, 14.362901663486033], [121.02105082239957, 14.364958739706005], [121.01344325045528, 14.36118114482663], [121.01115978707654, 14.349185280053756], [121.00567605058612, 14.35084585644881], [121.01110698183255, 14.378230973779942], [121.00579760381602, 14.385082110873066], [120.99801825860925, 14.389137781608456], [120.99191072996285, 14.388714198255702], [120.98934972389577, 14.383956350290552], [120.98756124887169, 14.371274085515147], [120.98933111472725, 14.360126561780012], [120.98388403758838, 14.353740637996438], [120.98411746954076, 14.342163751790046], [120.9903513118102, 14.335081177016905], [120.99088620629365, 14.32588325759511], [120.99801857380174, 14.323689902812095], [120.9981910264151, 14.31498921883791], [120.99388335679909, 14.310157977554736], [120.99471049095123, 14.305461352292498], [120.98574488474296, 14.30014858546226], [120.97367790179828, 14.303519679796283], [120.96597432964693, 14.302482101290089], [120.96182422827155, 14.306013384359787], [120.95918100282074, 14.29928089170191], [120.95166417816536, 14.297418400187459], [120.94269712579886, 14.314288157243336], [120.93377414322758, 14.314556390719456], [120.9290238848321, 14.31870026788653], [120.92640269155444, 14.31620936617518], [120.92876833252399, 14.307306625500594], [120.92382231949456, 14.306710565045453], [120.92172483566945, 14.30045248178811], [120.91339765861004, 14.302129406030277], [120.90528391952097, 14.317642790901102], [120.91394303659355, 14.327330816292767], [120.92066197652188, 14.329168374217783], [120.92189789265957, 14.341235927238097], [120.91982327521602, 14.351272899832566], [120.91152955234658, 14.354187114942949], [120.90260963746458, 14.349671999561005], [120.89451435552263, 14.350470358521433], [120.89195594700321, 14.362334573134591], [120.88650175044543, 14.363301823353375], [120.88635832852566, 14.351819145120068], [120.8831690804975, 14.349489213422846], [120.8830974126692, 14.342650146399672], [120.88718726013009, 14.340090818136101], [120.88820173775078, 14.335366758307282], [120.88465920288884, 14.328327586704964], [120.88106434862456, 14.328193485103752], [120.87807795970791, 14.337002940402607], [120.87953102744774, 14.34804141733702], [120.87108019056707, 14.36178427967123], [120.8737492078161, 14.368032135642668], [120.8774229099211, 14.369601010008774], [120.87850292530287, 14.375092853932477], [120.87171273999596, 14.380864652240836], [120.86325624281602, 14.376481807792173], [120.8628170751773, 14.382362019843532], [120.85714737232006, 14.382155999590605], [120.85575469895606, 14.37573047635893], [120.85837089938937, 14.36391926751469], [120.85649463400021, 14.359365084125642], [120.8528236572168, 14.358916478235843], [120.84819852640993, 14.370494058222064], [120.85067356688563, 14.382357614390006], [120.84779547951136, 14.383886517626538], [120.84210928306709, 14.381615800742576], [120.84034483170602, 14.375746384509098], [120.83594565262574, 14.373490366566434], [120.83356680888143, 14.362046100470426], [120.83643674548689, 14.356155229416313], [120.8304115130341, 14.352727359857914], [120.82923116836595, 14.347384051467333], [120.82489018453526, 14.349320376925741], [120.82174727467367, 14.358036986822926], [120.81478208288996, 14.357337128934864], [120.81383960803234, 14.362320640319073]], [[121.19583078472131, 14.485668494391435], [121.19592718550646, 14.481951329374462], [121.1998248343972, 14.482174965775686], [121.19991903233685, 14.486396167566532], [121.19583078472131, 14.485668494391435]], [[121.17484033160707, 14.608967790235782], [121.17822805067146, 14.605943967452687], [121.18271686452293, 14.611125252788275], [121.17671436187906, 14.615682097350083], [121.17484033160707, 14.608967790235782]], [[121.1664577331032, 14.60065150714319], [121.17009721911826, 14.59887614989553], [121.17242025431544, 14.603304877479395], [121.16740091460261, 14.604479963580305], [121.1664577331032, 14.60065150714319]], [[121.13314956092934, 14.603779749494983], [121.13211441357794, 14.598748031575424], [121.13889258096808, 14.598623906676282], [121.1468442115727, 14.593061900238627], [121.15345512591347, 14.600386680262424], [121.16325013654726, 14.599557666516173], [121.16564561707824, 14.603551919362285], [121.16307517989068, 14.609077522884318], [121.16864496352922, 14.609223690446166], [121.1696727354767, 14.613815350214695], [121.16728556720415, 14.617475273513769], [121.15837901175668, 14.62131832506797], [121.15461447891288, 14.616882863701887], [121.15646894991107, 14.611220314649408], [121.15060073901535, 14.612971848382859], [121.14746900986378, 14.617628571986334], [121.14366928689059, 14.615216879915748], [121.13742589030582, 14.615770585946256], [121.13601555416592, 14.611597686330164], [121.14100683536316, 14.605879830258027], [121.13314956092934, 14.603779749494983]], [[121.1139539519473, 14.70729080477591], [121.11879838092308, 14.703424237791754], [121.12551402086149, 14.708627272514837], [121.12854806664588, 14.718962841392734], [121.12510774231636, 14.728545702880632], [121.12077672650427, 14.727705348664879], [121.12144094687275, 14.718545890453381], [121.11577849261764, 14.716855153542802], [121.1139539519473, 14.70729080477591]], [[121.07513878853995, 14.316526230315807], [121.08116264418689, 14.313296648111589], [121.08729840013584, 14.315312557019201], [121.0902955293393, 14.325281018486306], [121.08479688066262, 14.326856056484479], [121.07593603278578, 14.323613444526751], [121.07215223673852, 14.32020109033309], [121.07513878853995, 14.316526230315807]], [[121.06052795861795, 14.603518757926492], [121.06698139347422, 14.603718689312394], [121.0665462139231, 14.610788067031585], [121.05913290580175, 14.609432847929963], [121.06052795861795, 14.603518757926492]], [[121.01378017286721, 14.535599698372394], [121.01791990092981, 14.533461234067055], [121.02690911990301, 14.535306080230615], [121.04417135002542, 14.544368593248867], [121.05135957466848, 14.541916782841662], [121.05446356880438, 14.544387710195448], [121.05671494391547, 14.555785982867562], [121.02827916877091, 14.557145209761465], [121.02452100950052, 14.550999514472087], [121.01831037435427, 14.549633981829235], [121.01979032348143, 14.543120734022072], [121.0136442174746, 14.53906832636198], [121.01378017286721, 14.535599698372394]], [[121.04616753623563, 14.596520817665942], [121.04732837153209, 14.589062453821162], [121.0501740344997, 14.587361136331015], [121.05475067368937, 14.588948905832586], [121.05512612996998, 14.593581340617295], [121.04937071185789, 14.597715024756784], [121.04616753623563, 14.596520817665942]], [[121.04694624213137, 14.528422732212112], [121.04905202151535, 14.525367326861206], [121.05241405113387, 14.527583923626874], [121.0499002717147, 14.530706034538701], [121.04694624213137, 14.528422732212112]], [[121.03588907358822, 14.327467225937744], [121.03592374606967, 14.324746186307062], [121.03196382350534, 14.32242187596562], [121.03377388214433, 14.315473209517261], [121.04601284528928, 14.31728639201843], [121.05069289031114, 14.322948687834252], [121.0497923262455, 14.325757954055485], [121.04473578886193, 14.327289462402879], [121.04175895475404, 14.333947390984415], [121.03615113181799, 14.330410587968965], [121.03588907358822, 14.327467225937744]], [[121.02069902402832, 14.727633832129841], [121.0226401047116, 14.725132803392853], [121.03083321126611, 14.725568284994573], [121.03670929624279, 14.72658246288433], [121.03874443584097, 14.729941827779731], [121.02707885424523, 14.736393159402411], [121.02116465496658, 14.73123127966529], [121.02069902402832, 14.727633832129841]], [[121.03427740043236, 14.34210133041048], [121.03709342482556, 14.339406261534004], [121.03972805618602, 14.341774380150493], [121.0369473102951, 14.345331398187724], [121.03427740043236, 14.34210133041048]], [[121.03031704723058, 14.37234357794748], [121.0313050431303, 14.368161581053918], [121.03604496888698, 14.370873028573087], [121.0339674496232, 14.374305142750083], [121.03031704723058, 14.37234357794748]], [[121.03056534733028, 14.356785281732307], [121.03145758695028, 14.353391580552307], [121.03551881306804, 14.354195721025569], [121.03470367001394, 14.358674344148715], [121.03056534733028, 14.356785281732307]], [[121.00664420702714, 14.397914639701135], [121.00733716588886, 14.39466610080616], [121.01322445076285, 14.39331097957806], [121.02560837224722, 14.401749360644773], [121.0318812575985, 14.414158822198825], [121.02847460305551, 14.423522714643404], [121.02423301575051, 14.423808489972943], [121.01993973666016, 14.413551327596046], [121.01069225867404, 14.408349027052623], [121.00664420702714, 14.397914639701135]], [[121.00492507226427, 14.51934882375653], [121.01154053289027, 14.513206811100401], [121.01328728197814, 14.504738960826364], [121.01897511728977, 14.504863489749761], [121.02898700129226, 14.511948623772865], [121.02493880843589, 14.517448013601436], [121.017071934236, 14.51547857381173], [121.00717176341315, 14.52585882934416], [121.00235569957725, 14.524164398189335], [121.00492507226427, 14.51934882375653]], [[121.0059427743628, 14.502893673750183], [121.00831059700242, 14.505679905902154], [121.00542311379893, 14.507816127916493], [121.00315203536965, 14.505210801528285], [121.0059427743628, 14.502893673750183]], [[121.00233558459924, 14.404028864340095], [121.004072584732, 14.408163391065838], [121.00057483712531, 14.410413413553224], [120.99919687518883, 14.405640518446077], [121.00233558459924, 14.404028864340095]], [[120.98227616565934, 14.740431140149742], [120.98423233802541, 14.738156472451688], [120.98266293689719, 14.72890078388601], [120.98575819973514, 14.72713164343758], [120.9900879342402, 14.72991737226625], [120.99011165919272, 14.745016048199037], [120.99486147386152, 14.748033808611895], [120.99456267346483, 14.751499700162254], [120.991335091168, 14.752160589325314], [120.98488337858095, 14.748204219915149], [120.98227616565934, 14.740431140149742]], [[120.98073889814185, 14.635523578713498], [120.98442536661724, 14.630315555696464], [120.98985804611242, 14.63412473288733], [120.98756354520302, 14.637146504822583], [120.98073889814185, 14.635523578713498]], [[120.97869588037085, 14.400881974580463], [120.98115524093096, 14.392043066832596], [120.98800647080344, 14.393919269015159], [120.98626158271269, 14.403733224995085], [120.97869588037085, 14.400881974580463]], [[120.98265651241019, 14.422893810956099], [120.98170623614212, 14.41943916867106], [120.98543888683433, 14.418202820633143], [120.98439806249324, 14.4264139532384], [120.98131223441513, 14.42795286360335], [120.97952746158477, 14.424768493904047], [120.98265651241019, 14.422893810956099]], [[120.97163167056776, 14.721934254611135], [120.97683335028292, 14.718908438133903], [120.98274550704568, 14.727114778428252], [120.97362612099462, 14.7292556502651], [120.97293342762418, 14.734840686185812], [120.96962854200376, 14.736559128791079], [120.96344998068106, 14.7304463073559], [120.97163167056776, 14.721934254611135]], [[120.94265194910213, 14.364531509845133], [120.94701721488266, 14.354926359045571], [120.95974971489571, 14.3481374258777], [120.96325292629433, 14.33355380085011], [120.96941177004966, 14.330738527898982], [120.97368361359665, 14.333541827119955], [120.97465259345041, 14.339605445693765], [120.9641245818535, 14.354816485132647], [120.96400144100267, 14.361797639979939], [120.97610300883112, 14.365849663072913], [120.97726349054312, 14.375246932393496], [120.97048500943207, 14.386339059407655], [120.96288686958496, 14.383941420579593], [120.95890190958517, 14.385856962040137], [120.95015898094248, 14.398208188216463], [120.9526408921009, 14.40268410983306], [120.95035943834476, 14.405611258865736], [120.9442364139276, 14.40320166311456], [120.94680874269866, 14.393744618266131], [120.94277473695054, 14.381309840144178], [120.94265194910213, 14.364531509845133]], [[120.94938211501731, 14.683066143144329], [120.94498182728024, 14.68148946102225], [120.94913096844068, 14.675694399176878], [120.95234471110675, 14.67833240012294], [120.94938211501731, 14.683066143144329]], [[120.94577946930347, 14.688026741992301], [120.94873454615744, 14.685612610512365], [120.95197076628723, 14.688889342950466], [120.94779707179985, 14.691762443945303], [120.94577946930347, 14.688026741992301]], [[120.94414243639437, 14.315334672241], [120.94608823396418, 14.312204593810893], [120.9515544832868, 14.313698482346817], [120.9485303465143, 14.318745469103568], [120.94414243639437, 14.315334672241]], [[120.90732940047403, 14.418159636385381], [120.90867497009293, 14.405620929671468], [120.9060795174505, 14.401419728213034], [120.91125074692545, 14.39772783079472], [120.91089768764151, 14.386137222111852], [120.91442558268542, 14.383923837545543], [120.9236682775203, 14.38492505378181], [120.92504530578125, 14.388712525943504], [120.91806488295457, 14.395963536142377], [120.9226377734272, 14.398625582334626], [120.92305086159308, 14.402276284355697], [120.91316609081835, 14.4186651600657], [120.90732940047403, 14.418159636385381]], [[120.88791229928582, 14.425907443218671], [120.89075532920575, 14.424561484669391], [120.8886013115176, 14.417191324213565], [120.89572964303312, 14.414618059267875], [120.89800168510418, 14.421152126187394], [120.91020361476234, 14.423187078473333], [120.91429378188178, 14.43209097909149], [120.90505182258153, 14.43361188215306], [120.89826582414922, 14.428665305158367], [120.8890226677479, 14.430998594549072], [120.88654715250627, 14.428766942326172], [120.88791229928582, 14.425907443218671]], [[120.89542439871256, 14.370649267916596], [120.90036011401547, 14.364576904610475], [120.91199446597696, 14.36744963321164], [120.90992828345792, 14.372262343524495], [120.90233150003148, 14.375948766090582], [120.89652477221884, 14.373843255268936], [120.89542439871256, 14.370649267916596]], [[120.88414337477133, 14.388485762587129], [120.88451075383281, 14.38035891426095], [120.89733298368627, 14.3800139507193], [120.90537990527869, 14.387186345353168], [120.90517106344265, 14.398395635887379], [120.90178043091254, 14.399656971009088], [120.8965842093018, 14.394207047686411], [120.88414337477133, 14.388485762587129]], [[120.85887632271273, 14.401234848018918], [120.86129340801554, 14.39146686368352], [120.86627199119104, 14.3887364255496], [120.88182140008007, 14.392607276271725], [120.88464868447322, 14.396156854597669], [120.88356658067833, 14.401880998305495], [120.88950349704518, 14.401016304455249], [120.89315759526254, 14.405730753227871], [120.89059464208188, 14.408331781216718], [120.88356253488757, 14.40819123661984], [120.88301970692702, 14.415836699546814], [120.87766081713322, 14.420612936845819], [120.86307728624983, 14.409190386801638], [120.85887632271273, 14.401234848018918]], [[120.83171586397944, 14.374541121988731], [120.83421986691232, 14.377183020143553], [120.83128201502295, 14.380016345630699], [120.82870557547227, 14.376862543834088], [120.83171586397944, 14.374541121988731]]]}}, {"type": "Feature", "properties": {"threshold": 90}, "geometry": {"type": "Polygon", "coordinates": [[[120.8046396343443, 14.357574981134178], [120.80635404033485, 14.361767160050968], [120.81226604122571, 14.362285128176557], [120.81399323053796, 14.365560631098802], [120.81272490853186, 14.368297085816033], [120.80776457237715, 14.368993295444886], [120.80875937031877, 14.374963854859299], [120.81659125668702, 14.377288574368276], [120.81791736134844, 14.382405063922274], [120.82826058911445, 14.389265391368449], [120.83631064954311, 14.384949742521718], [120.84299479015876, 14.389836168569152], [120.83863265197635, 14.400290321838009], [120.84436172309, 14.405754328018016], [120.84361735582758, 14.411118384773319], [120.84885085768292, 14.42226661087876], [120.85643755666943, 14.420774403439415], [120.8641386771429, 14.428258839540096], [120.88122884619216, 14.435539366746363], [120.88345308773734, 14.440784472200788], [120.89437005887139, 14.441099317567854], [120.9020532766488, 14.4475727569426], [120.90924914269183, 14.448082490783095], [120.91648932170509, 14.453705771964806], [120.91668002643893, 14.461257151616529], [120.9204961424193, 14.463381834037246], [120.93465765118137, 14.461203335977228], [120.95382843112193, 14.463236208519426], [120.96076275748868, 14.472668575248134], [120.96562682196806, 14.47337580850261], [120.97720240097368, 14.483924864564871], [120.98070086968725, 14.492425599432082], [120.98618557596015, 14.496537177079208], [120.97446503945262, 14.511618725540881], [120.97888164690175, 14.521236639682625], [120.97693878910196, 14.534390265991984], [120.99369175565211, 14.538386471318871], [120.98590031184897, 14.557732295561536], [120.98707129221432, 14.564694174577802], [120.98085156385498, 14.568921582544007], [120.97459639328983, 14.584559602258594], [120.96543889359452, 14.587802381682305], [120.95740894717841, 14.58488490779247], [120.95397319439265, 14.595077997541022], [120.9448832094032, 14.593774486737141], [120.94166701266305, 14.595822799917741], [120.94177465834879, 14.600084478670198], [120.94895880046126, 14.602586198984257], [120.94858156045036, 14.609304448161998], [120.95525928429417, 14.605980216544163], [120.95816765386898, 14.607445209412552], [120.95674236368238, 14.630466227807297], [120.9445894674371, 14.645255569815681], [120.94565513267341, 14.651046202051905], [120.94319588798987, 14.656225275318944], [120.92815201998131, 14.674236526242117], [120.93166340443307, 14.686456568567726], [120.93696389001659, 14.691622260491112], [120.94528056362859, 14.692851021543698], [120.94057725619864, 14.701540480571524], [120.94707588700606, 14.711351591056317], [120.94518434437893, 14.718099296453865], [120.94234948885246, 14.719284687497117], [120.93259444148222, 14.714743414055011], [120.92938629498859, 14.722026745585103], [120.93462855749576, 14.730948752443188], [120.94022068329522, 14.732888762553427], [120.94529926731262, 14.728380015984568], [120.94604728554191, 14.721272473347032], [120.95032979663897, 14.722008862387511], [120.95032321762478, 14.73157196399325], [120.94448240664832, 14.73696345567], [120.94776615715806, 14.741418613080647], [120.9444266585293, 14.746339417121437], [120.94938009723022, 14.753823150553579], [120.9461476079512, 14.75981212344045], [120.96122019874812, 14.76271893334574], [120.9695861506176, 14.76093078921736], [120.98558371819713, 14.766219613409119], [120.99253938182467, 14.76327796663891], [120.9993699470442, 14.766327648654407], [121.01163617827737, 14.762436698234477], [121.02188084400271, 14.76734505250026], [121.03806085241499, 14.767501837966176], [121.05839238181308, 14.758754428918417], [121.06601162900328, 14.75874782605933], [121.06777474527699, 14.763932093562392], [121.06416231173094, 14.791763500753708], [121.07121650540645, 14.794067592045286], [121.07634474837482, 14.766591237699346], [121.08402904265851, 14.767239352814467], [121.09207443082494, 14.772876735263715], [121.09901539152915, 14.77138615483979], [121.09558304013075, 14.760939496430948], [121.08763809205658, 14.755232300962081], [121.08639706449564, 14.746864020288157], [121.08055013542017, 14.744288709724383], [121.07965127832695, 14.73850839711272], [121.07196738819545, 14.733209311319694], [121.07340219721823, 14.715678566639864], [121.07532056161321, 14.712208845370679], [121.08012421616496, 14.71146639515032], [121.09487436507825, 14.717271549036044], [121.09995472606931, 14.724307957675887], [121.10778842393634, 14.723720416611643], [121.11589921755893, 14.730991969703162], [121.12318270029012, 14.731591421217962], [121.12531015437875, 14.742819477795415], [121.11732418248013, 14.746115985567512], [121.11528605723721, 14.750931673206441], [121.1199922432754, 14.75576523846199], [121.12561079638097, 14.755151021317092], [121.12741370037458, 14.761514315135132], [121.14147550388273, 14.765056316569643], [121.1479052867618, 14.760275450050507], [121.15469546906863, 14.764307408096354], [121.16140026288163, 14.764209954191626], [121.16095096580727, 14.749333800094485], [121.15481528179679, 14.743591747328907], [121.16359351828243, 14.733631795329332], [121.15810562138778, 14.728202887976913], [121.1505434585957, 14.726275418513938], [121.14703420258489, 14.728828467055676], [121.14463434382641, 14.725643136749506], [121.1490029416714, 14.723278318760414], [121.15032185305644, 14.717850255648374], [121.15784991821015, 14.715544186580766], [121.14930378663553, 14.710921290681815], [121.14429235661979, 14.699506538689965], [121.13867796438592, 14.697194732950821], [121.14029163900099, 14.69069801770122], [121.13474859670335, 14.682962987189093], [121.1395600552084, 14.67716852310576], [121.14038825517588, 14.667392112185993], [121.14335640787256, 14.665444911252141], [121.1570076221204, 14.666263591819195], [121.1592049111692, 14.657161858242318], [121.14682790919636, 14.65149718468886], [121.14170008047435, 14.651625923104595], [121.13571734686725, 14.641829249338873], [121.1447341516023, 14.64049291226157], [121.14405556481428, 14.6316631432177], [121.15010633179908, 14.627662576167255], [121.15652397581864, 14.627072894778127], [121.15995967647196, 14.631732699103594], [121.16547648187237, 14.63087878799463], [121.17261193062457, 14.635950062781944], [121.17758464537916, 14.63609122258776], [121.18241359026872, 14.627963109571057], [121.19591319946986, 14.628778298580931], [121.19926634790868, 14.625872748153197], [121.21115693202482, 14.626425184204743], [121.2135258376067, 14.624366423517555], [121.21296335311683, 14.622346908565804], [121.20399378562495, 14.621967463825738], [121.2024385794472, 14.617549169828271], [121.19721367213697, 14.615343895430254], [121.20025432175362, 14.604874949067202], [121.1978855310731, 14.600025213889285], [121.20077663078463, 14.593820888302192], [121.20453579284812, 14.594867111672277], [121.20590502315524, 14.598325189365505], [121.21105294537352, 14.598186830180738], [121.21556747684417, 14.588820122993317], [121.21541920152887, 14.582633116609777], [121.21984650301164, 14.579045779798737], [121.21986307636143, 14.572580070255633], [121.21578354148939, 14.57151499278731], [121.21447564524674, 14.567863162917313], [121.21748427356431, 14.564793506611668], [121.21596011502109, 14.556915917246599], [121.22350129550672, 14.54852562592604], [121.22345118493655, 14.535412866341764], [121.21779967923716, 14.534752923074105], [121.2191116260723, 14.546636904861066], [121.21449691018596, 14.547638670088592], [121.2100770368328, 14.555216888174074], [121.20185007220631, 14.557812934975784], [121.19561198465313, 14.553924425047079], [121.19816565489378, 14.548836912514727], [121.19415889666539, 14.544862508034385], [121.19393918540112, 14.53696809546615], [121.186552716038, 14.532363427366949], [121.18436536837358, 14.544348684166684], [121.17724118389283, 14.54741122173165], [121.16964247073523, 14.560703623276218], [121.16194067288022, 14.559777408884871], [121.15928380007689, 14.554608040669441], [121.16436379355814, 14.546000536740154], [121.17199010096401, 14.543109614706973], [121.16510476552946, 14.537415531264394], [121.167019987653, 14.532124087433838], [121.1638677422096, 14.526574885538668], [121.17020829265017, 14.524775343478117], [121.17418832016641, 14.529648547758734], [121.17799533126332, 14.530057647644327], [121.17788709575224, 14.524356702766818], [121.16977933562126, 14.519894362953266], [121.17283937476051, 14.51243831676359], [121.18755250787213, 14.513415421751452], [121.19214623667085, 14.511230287833104], [121.19669868973361, 14.515743788030711], [121.19016414669912, 14.517863311909792], [121.18927013933248, 14.523838918416233], [121.19336944948662, 14.525813726400473], [121.19649245142118, 14.521769667626398], [121.20222956784677, 14.523276802633319], [121.20520719786889, 14.514462081131155], [121.20524985354814, 14.50171443077235], [121.19177719146326, 14.500447759213198], [121.19044851928957, 14.495808789214779], [121.19618752538828, 14.491366199923197], [121.20733593890778, 14.491299677445067], [121.2108600287249, 14.48661536987618], [121.21742485089423, 14.488101716625751], [121.22348769054301, 14.482425175013665], [121.22868548526077, 14.483164272024027], [121.229165650993, 14.478245857776828], [121.2165893469132, 14.48062770262472], [121.21261630689554, 14.474972219483304], [121.2030815568675, 14.47457049626364], [121.19670635236986, 14.464814330018287], [121.20304053957287, 14.461147145645217], [121.2031588546105, 14.449889402055085], [121.19517950813835, 14.451813609601968], [121.1943449293964, 14.458348566679868], [121.1844986505961, 14.467864695690091], [121.18609652617029, 14.477707422462277], [121.18410507723823, 14.48423030707482], [121.17658111898008, 14.494999126622323], [121.16743283904849, 14.500456874154846], [121.1629079631637, 14.513010705237118], [121.14035977686399, 14.523124746223383], [121.14115643543873, 14.528715399565803], [121.13659860873669, 14.533290686591336], [121.1261970958641, 14.5327434752214], [121.12047241939968, 14.537546034001506], [121.11615935482085, 14.53684223736724], [121.11385806241992, 14.53096603483105], [121.10576956514366, 14.530993730380985], [121.101444985535, 14.536701295449712], [121.08534778168716, 14.53375086634821], [121.0820095377621, 14.523215005533423], [121.08517506619333, 14.51351303638802], [121.08338670700115, 14.508844549687145], [121.08023032662986, 14.506804064528684], [121.07249961169563, 14.510502483624466], [121.0694640847414, 14.509045816098137], [121.06421516739661, 14.49946439466595], [121.0609482687853, 14.476761017892285], [121.05111511526853, 14.44712475462524], [121.05149916151247, 14.401684623328965], [121.0542479260706, 14.382036684674247], [121.06432575726254, 14.37200390627068], [121.06367646447735, 14.36282003509181], [121.06607254491323, 14.358306856085354], [121.0783963115838, 14.356842867000582], [121.0858482781135, 14.349890760829831], [121.09127538388438, 14.34945936777092], [121.09191204731167, 14.344077227988034], [121.09975761311833, 14.336282297233332], [121.1144307379466, 14.329717982236545], [121.12224293451058, 14.319690825690612], [121.12646177448964, 14.304889244504182], [121.12270714063332, 14.301300762820793], [121.11576953077513, 14.301207574253842], [121.08521633221847, 14.30629539931874], [121.07963896014176, 14.300956826277105], [121.06580820722458, 14.299989816852642], [121.05650528691196, 14.307786438580289], [121.04922437730947, 14.302356273213796], [121.03792008700586, 14.302231870414733], [121.02822877866255, 14.30928468853428], [121.01886959667955, 14.312090252092226], [121.01387298066386, 14.317479848746864], [121.00625919696147, 14.313590367430406], [121.00322733413563, 14.31929015201414], [121.0058489485938, 14.331301002426805], [121.02109564697386, 14.333980639802634], [121.02667028151032, 14.340751192131762], [121.02412455982586, 14.344852463336974], [121.02560692809617, 14.35343095054059], [121.0223341625308, 14.356366555960253], [121.02389690495879, 14.363139026576144], [121.02080733963058, 14.364909406405593], [121.01845550306841, 14.361455434312449], [121.01377850426273, 14.360739096249205], [121.01135846198315, 14.356208214051696], [121.01301455860745, 14.35111402521576], [121.00788326419278, 14.347286218280725], [121.00461762237161, 14.353065110598871], [121.00745808355659, 14.361967120428607], [121.00263344409144, 14.364498783839025], [120.99495341890457, 14.358752753178566], [120.99519779690995, 14.365290518470786], [120.99172711919522, 14.368837788136648], [120.98930436256055, 14.36658530438437], [120.99099060292636, 14.360601980579725], [120.98403581264695, 14.353731352036034], [120.98431904461589, 14.341733179143617], [120.9920529982954, 14.3390591075009], [120.99062717433856, 14.326296459845], [120.99811659628593, 14.323384366773139], [120.99570717921988, 14.305752103880943], [120.99196274626787, 14.30418463208646], [120.99120245403054, 14.29950559423268], [120.9770467084136, 14.300910041677252], [120.9731816821575, 14.30353921267808], [120.9486083413709, 14.295706807229553], [120.9439485736785, 14.300059288338177], [120.93715839901986, 14.294657243686778], [120.93645763686116, 14.290850119453179], [120.93230368831054, 14.29066314226817], [120.92912953150369, 14.302439691212435], [120.93819459327705, 14.306025902223112], [120.9404141782007, 14.31137004922807], [120.9306967840275, 14.316676979931248], [120.92812412731017, 14.314201949788304], [120.92979268576242, 14.307581734590274], [120.92352372102044, 14.306337440413511], [120.92054893270604, 14.294183845881657], [120.91302305651783, 14.292933784599022], [120.90801451772654, 14.297663513010477], [120.91133009382128, 14.302564961243704], [120.90816678853247, 14.312957788770579], [120.90210524485433, 14.313206284683382], [120.89767943358694, 14.308444189370874], [120.89185377178451, 14.31443273066165], [120.88153919292061, 14.314163620584978], [120.87617343315857, 14.312050736613772], [120.8763629986216, 14.305966628164105], [120.86896025315691, 14.304458460396809], [120.87087890035701, 14.291569882707726], [120.86652625437388, 14.290062826282648], [120.86233525884597, 14.304908651276348], [120.8674448242196, 14.306274817517375], [120.86799111834213, 14.31076497606919], [120.85399825180335, 14.31329031898096], [120.85626902525611, 14.31903878387287], [120.85516109704831, 14.327941471639296], [120.84456849522489, 14.328026541560265], [120.84501145649764, 14.33832576030516], [120.84001819349383, 14.343990550506758], [120.84344627175584, 14.357053589586632], [120.85082233145572, 14.356649593610886], [120.85279683004202, 14.358675948299423], [120.8482637201366, 14.367043224130216], [120.84619856237669, 14.379652378361914], [120.84127270963076, 14.380146631582736], [120.83483197739699, 14.368272997491236], [120.83648315233478, 14.356309562023887], [120.83157716133006, 14.353566540851434], [120.83029089111012, 14.340867993654166], [120.82234118719273, 14.342851535607558], [120.82469829051827, 14.354188622573313], [120.82190879529014, 14.357837567136569], [120.81702229168366, 14.35546769376276], [120.80509681051888, 14.355376256629711], [120.8046396343443, 14.357574981134178]], [[121.20143978057304, 14.575293634284364], [121.2078612908942, 14.571669863912598], [121.21086981758577, 14.577631824347778], [121.20079234667371, 14.581832576155533], [121.19879351800893, 14.577893750936916], [121.20143978057304, 14.575293634284364]], [[121.19583078472131, 14.485668494391435], [121.19592718550646, 14.481951329374462], [121.1998248343972, 14.482174965775686], [121.19991903233685, 14.486396167566532], [121.19583078472131, 14.485668494391435]], [[121.13171379801459, 14.60158442604194], [121.13289082356563, 14.598842428125236], [121.13889258096808, 14.598623906676282], [121.14628873830404, 14.594074039980665], [121.1535327521112, 14.600414423071834], [121.16164723910053, 14.598991715725125], [121.16491353027854, 14.60218082716655], [121.16301703791862, 14.608843477890623], [121.1662569587923, 14.613213652945252], [121.16294321978874, 14.615276568671897], [121.1527593373946, 14.611159573489212], [121.14599979902192, 14.615702812802914], [121.13807981348626, 14.615222507677137], [121.13638411656588, 14.61206909988506], [121.14097961599958, 14.605803794897568], [121.13171379801459, 14.60158442604194]], [[121.1139539519473, 14.70729080477591], [121.11855071392384, 14.70339846385061], [121.12492750893372, 14.707887810440054], [121.12620396381645, 14.718305549628388], [121.11624570702777, 14.717421668428749], [121.1139539519473, 14.70729080477591]], [[121.0825442126164, 14.319559322155131], [121.0843339244456, 14.316298584074152], [121.08749629868339, 14.317687350051314], [121.08613907535698, 14.322176884446781], [121.0825442126164, 14.319559322155131]], [[121.05986037581509, 14.605553990540182], [121.06485121685044, 14.602538476226567], [121.06638264494484, 14.609402654324512], [121.06230647079221, 14.610093419099368], [121.05986037581509, 14.605553990540182]], [[121.0464446224393, 14.592884126089766], [121.05039122502968, 14.589005217930715], [121.05513401756173, 14.590764241619304], [121.0491318703195, 14.597783405606158], [121.046031012837, 14.596318091151275], [121.0464446224393, 14.592884126089766]], [[121.02452944399765, 14.541047003480362], [121.02384514277433, 14.538351451804292], [121.02657769087837, 14.536289506356367], [121.03584233822954, 14.53881941752146], [121.04416409974453, 14.54519203153389], [121.05178156208169, 14.542390347342657], [121.05446356880438, 14.544387710195448], [121.05473730342027, 14.551917765668305], [121.04917296538848, 14.556144702030867], [121.03066459468091, 14.555302927577342], [121.02990732465625, 14.54313026062185], [121.02452944399765, 14.541047003480362]], [[121.03192911249232, 14.320818923296587], [121.03404203546604, 14.31654404292833], [121.04038655727787, 14.315416949035468], [121.05016343477733, 14.324294750780057], [121.04530491477328, 14.32694791207318], [121.0334634648413, 14.324234791967706], [121.03192911249232, 14.320818923296587]], [[121.02383870057601, 14.729261289979148], [121.03033645984458, 14.725540296095025], [121.03470906798789, 14.72862636702813], [121.02749268976893, 14.735633977867856], [121.02383870057601, 14.729261289979148]], [[121.03031704723058, 14.37234357794748], [121.03106589841175, 14.368244635628576], [121.03549390086012, 14.37004139023901], [121.03429933136526, 14.373871288304088], [121.03031704723058, 14.37234357794748]], [[121.01164914077563, 14.512523772050454], [121.01283313226158, 14.505750572206448], [121.01733842386304, 14.5046081342684], [121.02800363708799, 14.513125611873864], [121.02620521534998, 14.51530352467688], [121.01831104153177, 14.514531226469538], [121.01363898528079, 14.516825034432436], [121.01164914077563, 14.512523772050454]], [[121.00541794540594, 14.519117356678246], [121.00945640862359, 14.518014910018795], [121.01096142559079, 14.521185996191548], [121.00603170721804, 14.523282697330059], [121.00541794540594, 14.519117356678246]], [[120.9984871013028, 14.37754886624585], [121.00022539180301, 14.37522488627715], [121.0033429787716, 14.37610002075772], [121.00462545109858, 14.382570530771549], [120.9992180905633, 14.382837038043771], [120.9984871013028, 14.37754886624585]], [[120.9834442052683, 14.73063843161133], [120.9867531946652, 14.727608308337027], [120.9902031449423, 14.731414439525246], [120.98600453522782, 14.7349681479862], [120.9834442052683, 14.73063843161133]], [[120.98536803738837, 14.73987393295095], [120.98896962025626, 14.742651006298582], [120.98642402182442, 14.746162354693773], [120.98220316091827, 14.742663768050479], [120.98536803738837, 14.73987393295095]], [[120.98073889814185, 14.635523578713498], [120.98370514441031, 14.631175119255351], [120.98985804611242, 14.63412473288733], [120.98756354520302, 14.637146504822583], [120.98073889814185, 14.635523578713498]], [[120.98265651241019, 14.422893810956099], [120.98170623614212, 14.41943916867106], [120.98543888683433, 14.418202820633143], [120.98439806249324, 14.4264139532384], [120.98131223441513, 14.42795286360335], [120.97952746158477, 14.424768493904047], [120.98265651241019, 14.422893810956099]], [[120.97501673791128, 14.724361062804304], [120.9796163751941, 14.722640527720712], [120.9808180191055, 14.726896938273748], [120.9759999789579, 14.728048648531102], [120.97501673791128, 14.724361062804304]], [[120.94265194910213, 14.364531509845133], [120.94736784892524, 14.355343022303206], [120.95997926264393, 14.352518780962686], [120.96387691532111, 14.35492993745573], [120.96512981044971, 14.364008116862907], [120.97325261264052, 14.364321466235344], [120.97672034446258, 14.367151496204487], [120.97726349054312, 14.375246932393496], [120.97179817498075, 14.384079123289485], [120.96695665738926, 14.384575521003244], [120.96365926568144, 14.380672923633506], [120.9564087873626, 14.3874227095854], [120.95015898094293, 14.398208188216227], [120.95236634834794, 14.402726520582997], [120.94994957421807, 14.40542637892453], [120.94461014020045, 14.403125381671293], [120.94687065747775, 14.386192901743435], [120.94282107648826, 14.381548017601355], [120.94265194910213, 14.364531509845133]], [[120.9670215013727, 14.73495619609687], [120.96742692244074, 14.730878914724434], [120.97162617343768, 14.730215149834878], [120.97236183701362, 14.735423071642076], [120.9670215013727, 14.73495619609687]], [[120.96141769785152, 14.339700494339091], [120.9612501956887, 14.336892333734808], [120.96716554813496, 14.331457881874716], [120.97061721531483, 14.33098305054341], [120.97419726072815, 14.334431387803118], [120.97465259345041, 14.339605445693765], [120.96860173829674, 14.347620972731946], [120.96185426350121, 14.34611967286714], [120.96141769785152, 14.339700494339091]], [[120.95068567092714, 14.676113035321222], [120.95197380747233, 14.679720356718953], [120.94619308657444, 14.683497849446907], [120.94540581167662, 14.67929544738153], [120.95068567092714, 14.676113035321222]], [[120.90689843960348, 14.414840327906433], [120.91120010853982, 14.40662756418507], [120.90617517031355, 14.402396687195747], [120.9112354244059, 14.399374592270416], [120.91115775728726, 14.38651388437798], [120.92140028581882, 14.387074083359803], [120.92267444851103, 14.390150702736461], [120.91635083695361, 14.400668425115388], [120.91922186967824, 14.405591850850614], [120.91687664453174, 14.412830622758625], [120.91189795261954, 14.41939040215843], [120.90689843960348, 14.414840327906433]], [[120.88369370747117, 14.346486425220638], [120.88352280511123, 14.341523642592575], [120.89071142616967, 14.335787318012894], [120.89003762503714, 14.327685614282133], [120.89430400214611, 14.325160980994356], [120.89889889198672, 14.327246085433831], [120.90334291106349, 14.318308711221102], [120.9093975390758, 14.319806265809499], [120.91400891656579, 14.327379359565388], [120.92056146530211, 14.32894035403158], [120.92020164077222, 14.336610322511888], [120.91739910607127, 14.338863300283998], [120.91089466293816, 14.338298004372396], [120.90954169214956, 14.33079386321166], [120.90342060040463, 14.336404839536351], [120.90541888930163, 14.342949253183328], [120.91073304599738, 14.342090808826159], [120.91879896854466, 14.345758414573446], [120.91829546601349, 14.352879438102741], [120.893685200909, 14.34881610456511], [120.89373647350399, 14.35882096260497], [120.88902744626934, 14.363481036737367], [120.88369370747117, 14.346486425220638]], [[120.89542439871256, 14.370649267916596], [120.90008945633329, 14.364955499155634], [120.91199446597696, 14.36744963321164], [120.90992828345792, 14.372262343524495], [120.90233150003148, 14.375948766090582], [120.89652477221884, 14.373843255268936], [120.89542439871256, 14.370649267916596]], [[120.90374440714622, 14.432925218075772], [120.90260098467549, 14.425324757875055], [120.90702932301461, 14.423387579509551], [120.91024524175107, 14.426783505195656], [120.91045106493925, 14.432029283112355], [120.90374440714622, 14.432925218075772]], [[120.8986713077308, 14.391710863844553], [120.90327663318189, 14.388652838324337], [120.90421331173975, 14.394894319902619], [120.90072892529565, 14.395712265520753], [120.8986713077308, 14.391710863844553]], [[120.88440470241298, 14.381983586873345], [120.88701481012815, 14.37928402995778], [120.89096026242916, 14.381399218870179], [120.89138106824423, 14.385715308236458], [120.88793946394829, 14.389125085603922], [120.88457631105656, 14.387918076989822], [120.88440470241298, 14.381983586873345]], [[120.86289871351181, 14.4017028049351], [120.86466978292341, 14.398562187070302], [120.86971448334656, 14.39848488018682], [120.8698667572737, 14.394149333507606], [120.8749126746901, 14.391262323533965], [120.88182140008007, 14.392607276271725], [120.88409322158519, 14.3962360911564], [120.88113198764118, 14.399831129622362], [120.87533699787572, 14.39813415896132], [120.87242904674378, 14.403872994751138], [120.8662032682699, 14.406516228885698], [120.86271385888597, 14.405221857904843], [120.86289871351181, 14.4017028049351]], [[120.85238139154077, 14.353025519123584], [120.85608469168477, 14.34724757393655], [120.86274970356462, 14.345418202078266], [120.86096810237345, 14.33656004008178], [120.86258764564205, 14.32568589899875], [120.86597689255169, 14.32539118273709], [120.8676848958436, 14.329513840403695], [120.87301083902894, 14.329627066870263], [120.8750817084736, 14.3250511887818], [120.88059902505991, 14.32502094767264], [120.87875034716093, 14.348607072291781], [120.87108863251285, 14.361643294731763], [120.87852512864981, 14.37250551409102], [120.87530185252403, 14.379201851848588], [120.87024270685365, 14.380921792869241], [120.86325624281602, 14.376481807792173], [120.86199732959854, 14.38146034629736], [120.85801227776537, 14.380986234719053], [120.85837089938937, 14.36391926751469], [120.85650247359301, 14.358541730028023], [120.85205229515317, 14.357167783219491], [120.85238139154077, 14.353025519123584]], [[120.86789384027855, 14.389691579112789], [120.87039622737872, 14.392584248872634], [120.86702231157092, 14.394598102678218], [120.86490085101015, 14.391836221827605], [120.86789384027855, 14.389691579112789]]]}}, {"type": "Feature", "properties": {"threshold": 95}, "geometry": {"type": "Polygon", "coordinates": [[[120.80459782337894, 14.357529139647982], [120.80719056388779, 14.36259830829911], [120.81204783776339, 14.362185643400995], [120.81399323053796, 14.365560631098802], [120.81272490853186, 14.368297085816033], [120.80776457237715, 14.368993295444886], [120.80875937031877, 14.374963854859299], [120.81659125668702, 14.377288574368276], [120.81791736134844, 14.382405063922274], [120.82826058911445, 14.389265391368449], [120.83549029813115, 14.386632711359443], [120.84299479015876, 14.389836168569152], [120.83862129955317, 14.400210575953214], [120.84436172309, 14.405754328018016], [120.84359803663044, 14.411040107724459], [120.84711639891495, 14.420549885929832], [120.84944525190139, 14.422461239936263], [120.85643755666943, 14.420774403439415], [120.86406821723725, 14.428216808690141], [120.88041931138932, 14.436233206143337], [120.87627096460773, 14.442228406762112], [120.87529273026362, 14.454145815209065], [120.88452280891514, 14.474287053733212], [120.88878667208985, 14.475394390872253], [120.89246131404491, 14.482253679207464], [120.89213662181623, 14.491002515853621], [120.90414744778441, 14.488687629445748], [120.90712952056663, 14.480540631798814], [120.89874509854914, 14.478752177512938], [120.89227636281379, 14.472746463165008], [120.88851139155467, 14.463465386743684], [120.88304913535319, 14.45947891158874], [120.8813225880111, 14.452778306816144], [120.88951463806194, 14.440950590354047], [120.89461356666997, 14.441191348457036], [120.90197891504847, 14.447537669514523], [120.91344207851651, 14.450685563048005], [120.91683402846716, 14.454348169963271], [120.9167146737559, 14.461330245110705], [120.92057368331311, 14.463409644535677], [120.93465765118137, 14.461203335977228], [120.95382843112193, 14.463236208519426], [120.96076275748868, 14.472668575248134], [120.96562682196806, 14.47337580850261], [120.97720240097368, 14.483924864564871], [120.98070086968725, 14.492425599432082], [120.98618557596015, 14.496537177079208], [120.97446503945262, 14.511618725540881], [120.97859339627556, 14.520952264369281], [120.97761294918601, 14.541589653500518], [120.9881514221084, 14.54648183165777], [120.98748030534031, 14.554028989912137], [120.98086986226606, 14.558358482343804], [120.98400942385202, 14.563891053215302], [120.9738499641992, 14.583925945027488], [120.96543889359452, 14.587802381682305], [120.95740894717841, 14.58488490779247], [120.95397319439265, 14.595077997541022], [120.9448832094032, 14.593774486737141], [120.94163098820736, 14.595895268807608], [120.94177465834879, 14.600084478670198], [120.94895880046126, 14.602586198984257], [120.94858156045036, 14.609304448161998], [120.95525928429417, 14.605980216544163], [120.95816765386898, 14.607445209412552], [120.95674236368238, 14.630466227807297], [120.9445894674371, 14.645255569815681], [120.94565513267341, 14.651046202051905], [120.94319588798987, 14.656225275318944], [120.92815201998131, 14.674236526242117], [120.93166340443307, 14.686456568567726], [120.93696389001659, 14.691622260491112], [120.94528056362859, 14.692851021543698], [120.94057725619864, 14.701540480571524], [120.94707588700606, 14.711351591056317], [120.94518434437893, 14.718099296453865], [120.94234948885246, 14.719284687497117], [120.93259444148222, 14.714743414055011], [120.92938629498859, 14.722026745585103], [120.93457356549095, 14.730888603138828], [120.93842665110874, 14.732854041782126], [120.94731684184639, 14.724527107007736], [120.95140678711886, 14.726167734399041], [120.94934946271387, 14.733394046593041], [120.9444952923791, 14.736883924785047], [120.94752695578589, 14.741262068281648], [120.9444072898792, 14.746261141502913], [120.94812221201093, 14.751867270965889], [120.94530147042163, 14.759804599136015], [120.96122019874812, 14.76271893334574], [120.9695861506176, 14.76093078921736], [120.98558371819713, 14.766219613409119], [120.99253938182467, 14.76327796663891], [120.9993699470442, 14.766327648654407], [121.01163617827737, 14.762436698234477], [121.02188084400271, 14.76734505250026], [121.03806085241499, 14.767501837966176], [121.05839238181308, 14.758754428918417], [121.06624940476472, 14.75882019355812], [121.06775842236908, 14.76419134166296], [121.0641508756284, 14.791683754954336], [121.06584872496937, 14.801886276031112], [121.07029005280181, 14.80311827554652], [121.07251986247084, 14.800812316590113], [121.07272113892536, 14.780413114102117], [121.07597226794525, 14.766932307310604], [121.08424697004777, 14.767337772893882], [121.09206005328953, 14.77452362639869], [121.09901539152915, 14.77138615483979], [121.09814215677136, 14.763500171142294], [121.0877738054695, 14.755446632650804], [121.08639706449564, 14.746864020288157], [121.08055013542017, 14.744288709724383], [121.07965127832695, 14.73850839711272], [121.07196738819545, 14.733209311319694], [121.0742829590678, 14.713468445292762], [121.08012421616496, 14.71146639515032], [121.09487436507825, 14.717271549036044], [121.09995472606931, 14.724307957675887], [121.1082465319493, 14.723909497894226], [121.10986819079721, 14.72755936748965], [121.11728846133842, 14.731767832022566], [121.12380485969699, 14.742103985598654], [121.11549981644207, 14.74786189730831], [121.11530985386985, 14.751913145608722], [121.12006991615243, 14.755792998021034], [121.12541953396918, 14.754995661792988], [121.12741370037458, 14.761514315135132], [121.14060886362037, 14.76505627163474], [121.14765614802432, 14.760273452626514], [121.15477557217133, 14.764327614169547], [121.16309970673227, 14.7633999415004], [121.16109495053742, 14.751803333542432], [121.16367745208018, 14.746382334790582], [121.16928604649904, 14.746041016409649], [121.1694818782427, 14.74116612018643], [121.16185138736523, 14.740089121031225], [121.1634680533518, 14.73342425721144], [121.15734092015616, 14.727407696053703], [121.14962452207003, 14.725268215105697], [121.14986236180695, 14.718720351516072], [121.15649753388597, 14.71817678831452], [121.15784991821015, 14.715544186580766], [121.14930378663553, 14.710921290681815], [121.14429235661979, 14.699506538689965], [121.13867796438592, 14.697194732950821], [121.14031107729996, 14.690776284937387], [121.13532236644971, 14.68141712060278], [121.1395315487078, 14.677244112662109], [121.14127994868075, 14.666655142214516], [121.1570076221204, 14.666263591819195], [121.1592049111692, 14.657161858242318], [121.15550886613237, 14.651669146917957], [121.14861320883253, 14.65290468409742], [121.14538667918669, 14.648294512940256], [121.13985771489867, 14.647105738752831], [121.13910340641567, 14.64410134696101], [121.14491906817581, 14.640228178846977], [121.14427190407011, 14.631227044011881], [121.15010633179908, 14.627662576167255], [121.17758464537916, 14.63609122258776], [121.18224170351961, 14.62839593023597], [121.19591319946986, 14.628778298580931], [121.21343297794962, 14.624499463667608], [121.2130434138814, 14.622367089448774], [121.20399378562495, 14.621967463825738], [121.2024385794472, 14.617549169828271], [121.19721367213697, 14.615343895430254], [121.20025432175362, 14.604874949067202], [121.1978855310731, 14.600025213889285], [121.20077663078463, 14.593820888302192], [121.20453579284812, 14.594867111672277], [121.20590502315524, 14.598325189365505], [121.21120180565455, 14.597994550863982], [121.21556747684417, 14.588820122993317], [121.21541920152887, 14.582633116609777], [121.21989522494586, 14.580459694996172], [121.21989784152159, 14.572653132188789], [121.21481611918908, 14.568669145465927], [121.22152779856486, 14.564440868176419], [121.22172809866193, 14.561291011580343], [121.21631582613638, 14.5567138009415], [121.2243818984187, 14.549057021825059], [121.22319874234505, 14.535207832265153], [121.21798441184737, 14.534488109096518], [121.21763233480009, 14.539924500013841], [121.21109583623958, 14.545932651183547], [121.20571776168461, 14.544133874913046], [121.20379827736065, 14.538395559455772], [121.19843079295596, 14.53967916558755], [121.18978949887634, 14.53238152373683], [121.18484245613027, 14.532852790887747], [121.18407123281065, 14.544755683107411], [121.17533226232138, 14.54726317066865], [121.16603166348182, 14.537410444302195], [121.16593283264022, 14.529085470946606], [121.17022051609301, 14.526515152390457], [121.17796686231996, 14.530133247006171], [121.17788709575224, 14.524356702766818], [121.16971748094564, 14.51965257816406], [121.17417832863458, 14.51172271957748], [121.18740764191222, 14.513421233479257], [121.19214623667085, 14.511230287833104], [121.19508610942867, 14.515760511981485], [121.19011438211724, 14.517927608666039], [121.18927013933248, 14.523838918416233], [121.19336944948662, 14.525813726400473], [121.19649245142118, 14.521769667626398], [121.20222956784677, 14.523276802633319], [121.20520719786889, 14.514462081131155], [121.20524985354814, 14.50171443077235], [121.1915480352039, 14.500353208128992], [121.19057813977058, 14.495601821366796], [121.20056680491813, 14.49023951359742], [121.20741397387972, 14.491273143399004], [121.21109871725402, 14.486546803245448], [121.21758320989994, 14.488056221429574], [121.22017911514114, 14.484070939997624], [121.22541508342407, 14.485278109021147], [121.2279201500296, 14.488957982068014], [121.23271290816169, 14.48902120891061], [121.23506253106463, 14.480760940209464], [121.22827121587768, 14.47749597334845], [121.21598670313469, 14.479826338124637], [121.21261630689554, 14.474972219483304], [121.20289850048101, 14.474406268829984], [121.19670742424086, 14.465051277354213], [121.20306898854709, 14.461071541270755], [121.20317830519248, 14.449967666156537], [121.20134829257543, 14.449308965025894], [121.19497987593894, 14.451955530416406], [121.19420507181933, 14.45854909587819], [121.18542823730226, 14.465252561592559], [121.18599820703253, 14.479633922920472], [121.17962782152406, 14.491860000881022], [121.16748260481208, 14.500392582756898], [121.16530062781176, 14.50961440139937], [121.1610263697683, 14.51481450696244], [121.14029808037988, 14.523178334902866], [121.14115643543873, 14.528715399565803], [121.13636395431801, 14.53340271802646], [121.1261970958641, 14.5327434752214], [121.11994235003101, 14.537596249905011], [121.11615935482085, 14.53684223736724], [121.11385806241992, 14.53096603483105], [121.10576956514366, 14.530993730380985], [121.101444985535, 14.536701295449712], [121.08580348095003, 14.533975942787265], [121.08203185070069, 14.52345646879474], [121.08517506619333, 14.51351303638802], [121.08338670700115, 14.508844549687145], [121.08023032662986, 14.506804064528684], [121.07249961169563, 14.510502483624466], [121.0694640847414, 14.509045816098137], [121.06421516739661, 14.49946439466595], [121.0609482687853, 14.476761017892285], [121.05111511526853, 14.44712475462524], [121.05149916151247, 14.401684623328965], [121.0542479260706, 14.382036684674247], [121.06432575726254, 14.37200390627068], [121.06367646447735, 14.36282003509181], [121.06607254491323, 14.358306856085354], [121.0783963115838, 14.356842867000582], [121.0858482781135, 14.349890760829831], [121.09127538388438, 14.34945936777092], [121.09191204731167, 14.344077227988034], [121.09975761311833, 14.336282297233332], [121.1144307379466, 14.329717982236545], [121.12224293451058, 14.319690825690612], [121.12646177448964, 14.304889244504182], [121.12270714063332, 14.301300762820793], [121.11576953077513, 14.301207574253842], [121.08521633221847, 14.30629539931874], [121.07963896014176, 14.300956826277105], [121.06580820722458, 14.299989816852642], [121.06229496655125, 14.304409224786186], [121.05624810280169, 14.306391361079768], [121.05083335645618, 14.30234990409946], [121.037758042657, 14.302261913704225], [121.02822877866255, 14.30928468853428], [121.01886959667955, 14.312090252092226], [121.01363444395383, 14.317548231544187], [121.00633414592501, 14.313556568827709], [121.00323568869986, 14.31914915064526], [121.00579030538462, 14.325476511508027], [121.00490480390208, 14.336992853941393], [121.00779403568148, 14.338220451952834], [121.01091709393675, 14.333371516129551], [121.02041301797432, 14.33393389764723], [121.0262702732078, 14.340638101870757], [121.02363435132708, 14.351242355594355], [121.0181527660859, 14.352957969214978], [121.02208965654401, 14.359889063194753], [121.01973954559483, 14.361736668884925], [121.01345051705984, 14.360357708853146], [121.01134938513776, 14.355976961436664], [121.01309254252402, 14.345426011449174], [121.00818652502234, 14.340867451502222], [121.00473248449256, 14.34453231067127], [121.00491020503237, 14.350456715437769], [120.99734029790751, 14.351485322424486], [120.99634299154722, 14.357687517178174], [120.99218172474691, 14.360209097039906], [120.98424268824456, 14.354654425050533], [120.9860802672729, 14.347967386504516], [120.984003817401, 14.3426239018312], [120.99449414679114, 14.340129963091169], [120.99040517208545, 14.326988348265065], [120.9979755086318, 14.32375860517609], [120.9981910264151, 14.31498921883791], [120.99459142683811, 14.309914684015766], [120.9956453773668, 14.30560297836965], [120.99159582362364, 14.30314358503618], [120.99491592744432, 14.296611200992523], [120.98863731636874, 14.29183250911825], [120.98702718000764, 14.28625306080383], [120.97933385569833, 14.28710071268401], [120.9772836867484, 14.293562374221585], [120.982266728533, 14.295171244421027], [120.98662704923356, 14.293278233173615], [120.98774899602513, 14.297939514708684], [120.97367790179828, 14.303519679796283], [120.95039887310541, 14.295740988870273], [120.94306061477758, 14.298681131301134], [120.9406644094993, 14.292533506467949], [120.93246572821872, 14.290633171544004], [120.93001329318659, 14.29291523886827], [120.93001391542937, 14.305492876831732], [120.92530600505403, 14.307457161360448], [120.92050034548188, 14.294118748371362], [120.91286101422463, 14.292963741492406], [120.90801451772654, 14.297663513010477], [120.90851669625322, 14.31264583067126], [120.9023340611177, 14.3133010785484], [120.89767943358694, 14.308444189370874], [120.89110866444801, 14.31458362582002], [120.88117150592787, 14.313839272436326], [120.87693427222055, 14.310582687025452], [120.8763629986216, 14.305966628164105], [120.86940007469467, 14.30502246328562], [120.87087890035701, 14.291569882707726], [120.86652625437388, 14.290062826282648], [120.86206141196455, 14.306924587046819], [120.85472430902176, 14.309462064048583], [120.85492293174089, 14.328366397840083], [120.84429481208397, 14.32772804739695], [120.8409967145862, 14.330001338360537], [120.8451411165875, 14.334897467233965], [120.84000531391152, 14.344070075927434], [120.84332129427466, 14.356845938817655], [120.85082233145572, 14.356649593610886], [120.85282426802716, 14.358921954702218], [120.8482637201366, 14.367043224130216], [120.8462303129152, 14.379609870732278], [120.8412061414135, 14.379740404763396], [120.83483197739699, 14.368272997491236], [120.83648315233478, 14.356309562023887], [120.83235247808145, 14.354008349995706], [120.83029089111012, 14.340867993654166], [120.82234118719273, 14.342851535607558], [120.82469829051827, 14.354188622573313], [120.82190879529014, 14.357837567136569], [120.81702229168366, 14.35546769376276], [120.80509681051888, 14.355376256629711], [120.80459782337894, 14.357529139647982]], [[121.1980157790654, 14.5501968513152], [121.20411308600383, 14.551799543756072], [121.209749520995, 14.549874806103272], [121.21175302215677, 14.552684649835149], [121.20062242883316, 14.557921182220156], [121.19561198465313, 14.553924425047079], [121.1980157790654, 14.5501968513152]], [[121.20023483668811, 14.57587223630649], [121.20762226620816, 14.571625698777037], [121.21092030306085, 14.577394406968462], [121.20103830766149, 14.581870046932705], [121.19878044167429, 14.57963603196824], [121.20023483668811, 14.57587223630649]], [[121.19583078472131, 14.485668494391435], [121.19592718550646, 14.481951329374462], [121.1998248343972, 14.482174965775686], [121.19991903233685, 14.486396167566532], [121.19583078472131, 14.485668494391435]], [[121.15982094112897, 14.556270297184062], [121.164186378561, 14.546170589229497], [121.16896598988693, 14.545997007522256], [121.16859166251798, 14.552220232281469], [121.17225039809188, 14.555967597831], [121.16981989526161, 14.560533567516899], [121.16236571031646, 14.559993675869112], [121.15982094112897, 14.556270297184062]], [[121.13598327205993, 14.604539468066063], [121.13408228582458, 14.599413080406482], [121.14604078734017, 14.59409583600719], [121.15345512591347, 14.600386680262424], [121.16112717196387, 14.598879278885464], [121.16392213637496, 14.60139258581346], [121.16051472184483, 14.606112608602741], [121.16201440175787, 14.612637783322924], [121.15267744363148, 14.611170740317144], [121.14506299328576, 14.615395861550374], [121.13868028283571, 14.614219663261446], [121.14100683536316, 14.605879830258027], [121.13961792928193, 14.603674657223795], [121.13598327205993, 14.604539468066063]], [[121.1139539519473, 14.70729080477591], [121.11855071392384, 14.70339846385061], [121.12492750893372, 14.707887810440054], [121.12620396381645, 14.718305549628388], [121.11624570702777, 14.717421668428749], [121.1139539519473, 14.70729080477591]], [[121.06068601579898, 14.607837687496803], [121.06302004435435, 14.603847572045787], [121.06659829711687, 14.607427047027778], [121.06429773897796, 14.610423146759706], [121.06068601579898, 14.607837687496803]], [[121.04706700486778, 14.594914661696954], [121.04898845734839, 14.591065996756184], [121.0527722965312, 14.592841643567196], [121.05044753284457, 14.596717530553565], [121.04706700486778, 14.594914661696954]], [[121.03539059892469, 14.324447281217424], [121.03291921383494, 14.321115523022348], [121.0384842862147, 14.315417667467507], [121.04450332651737, 14.317550403404127], [121.05019198379311, 14.323811257039413], [121.04653820947021, 14.327001330188741], [121.03539059892469, 14.324447281217424]], [[121.03159018240423, 14.543932058206545], [121.03446160812547, 14.54023903856403], [121.04184433414736, 14.543754768095873], [121.04275044693804, 14.554376806683132], [121.03635612101804, 14.555991857278418], [121.0321596418573, 14.55422999536418], [121.03159018240423, 14.543932058206545]], [[121.02383870057601, 14.729261289979148], [121.03033645984458, 14.725540296095025], [121.03470906798789, 14.72862636702813], [121.02749268976893, 14.735633977867856], [121.02383870057601, 14.729261289979148]], [[121.01810465050879, 14.509650563922424], [121.0148352645241, 14.508043019692819], [121.01639656572902, 14.504897891431936], [121.01971828950366, 14.506487655114435], [121.01810465050879, 14.509650563922424]], [[121.00662294494776, 14.518539778182744], [121.00981831699751, 14.520330056447953], [121.00803915640027, 14.52339574865359], [121.0045904685611, 14.521649877829498], [121.00662294494776, 14.518539778182744]], [[121.00031250800116, 14.361929742550684], [120.99997341298055, 14.35777913152107], [121.00548016568723, 14.357567266398252], [121.00447845510476, 14.363417114184461], [121.00031250800116, 14.361929742550684]], [[120.9893161129358, 14.363958521492796], [120.99219112313438, 14.36140141802814], [120.99462749894822, 14.364158452659874], [120.99174181891254, 14.367190939179306], [120.9893161129358, 14.363958521492796]], [[120.98770680533649, 14.728365817035705], [120.99015886247943, 14.731670562482709], [120.98617303825102, 14.734356874086421], [120.98435314452477, 14.730325072716761], [120.98770680533649, 14.728365817035705]], [[120.98073889814185, 14.635523578713498], [120.98353153728904, 14.631215191542612], [120.98985804611242, 14.63412473288733], [120.98756354520302, 14.637146504822583], [120.98073889814185, 14.635523578713498]], [[120.98265651241019, 14.422893810956099], [120.98170623614212, 14.41943916867106], [120.98543888683433, 14.418202820633143], [120.98439806249324, 14.4264139532384], [120.98131223441513, 14.42795286360335], [120.97952746158477, 14.424768493904047], [120.98265651241019, 14.422893810956099]], [[120.9425863161106, 14.371708810111269], [120.9420401663466, 14.366682835715453], [120.94679206463103, 14.356519950981472], [120.9563522357673, 14.352487530463728], [120.96319959389501, 14.353978138443217], [120.96417698944619, 14.363062717896815], [120.97539968823507, 14.366173849284053], [120.97736659503153, 14.370831336898233], [120.97389820243978, 14.378534377045055], [120.96800670428581, 14.381982746381613], [120.96258127681448, 14.380744758928413], [120.95635277588035, 14.387481886085999], [120.95015898094293, 14.398208188216227], [120.95236893281154, 14.402483816233165], [120.95019393795907, 14.405381203396468], [120.94466196388915, 14.403368377265432], [120.94687065747775, 14.386192901743435], [120.94282107648826, 14.381548017601355], [120.9425863161106, 14.371708810111269]], [[120.9670215013727, 14.73495619609687], [120.96779860184728, 14.7305569598694], [120.9719826903534, 14.731271055965475], [120.9712950224403, 14.735542500443348], [120.9670215013727, 14.73495619609687]], [[120.96152124565181, 14.343153677109296], [120.96562857538949, 14.332604251029073], [120.97104098038733, 14.331235649192758], [120.96963709111968, 14.346034491859331], [120.96292074434824, 14.34677391677672], [120.96152124565181, 14.343153677109296]], [[120.95068567092714, 14.676113035321222], [120.95197380747233, 14.679720356718953], [120.94619308657444, 14.683497849446907], [120.94540581167662, 14.67929544738153], [120.95068567092714, 14.676113035321222]], [[120.91023640755279, 14.408583200658114], [120.91149862559173, 14.38741826174765], [120.92140028581882, 14.387074083359803], [120.92267444851103, 14.390150702736461], [120.91633797764379, 14.400747957597783], [120.91853345633318, 14.404416876423417], [120.91762551908099, 14.411062206689985], [120.91163529637952, 14.41220366980589], [120.91023640755279, 14.408583200658114]], [[120.88457469251745, 14.34261039619743], [120.89071142616967, 14.335787318012894], [120.89017763293539, 14.327485288550264], [120.89396136803143, 14.32555548173073], [120.89889889198672, 14.327246085433831], [120.90357345531794, 14.318217973044515], [120.909580239426, 14.319970679775675], [120.91467446162694, 14.328509697278035], [120.92066197652188, 14.329168374217783], [120.91879894458087, 14.334767933204224], [120.91423764078777, 14.330656658729566], [120.90845068672968, 14.330772435468312], [120.90343345725184, 14.336325307579598], [120.90440054844068, 14.341955111835258], [120.91494149376221, 14.34694093483772], [120.91535393123405, 14.350535627482103], [120.90652267341368, 14.35128243270855], [120.89615924197254, 14.347225612865438], [120.89319710908563, 14.34933160846757], [120.89378720698447, 14.358583645317486], [120.89046850935536, 14.363445050212613], [120.88710285570394, 14.36167654144524], [120.88457469251745, 14.34261039619743]], [[120.89542439871256, 14.370649267916596], [120.90008583707046, 14.364956346162918], [120.91199446597696, 14.36744963321164], [120.90992828345792, 14.372262343524495], [120.90233150003148, 14.375948766090582], [120.89652477221884, 14.373843255268936], [120.89542439871256, 14.370649267916596]], [[120.9025641675988, 14.427434737057212], [120.90431484328343, 14.425108131948715], [120.9084795433456, 14.42556321174209], [120.91003283616872, 14.429614888758147], [120.90432898125631, 14.431083220600044], [120.9025641675988, 14.427434737057212]], [[120.86759702107632, 14.404705663388164], [120.86379023485621, 14.40466511281089], [120.86316101794493, 14.400573090532568], [120.87013653327487, 14.39901690446942], [120.87057557122093, 14.393445237149034], [120.87590068106974, 14.391223908978485], [120.88309876080069, 14.395539578553866], [120.88229522488692, 14.399427374151184], [120.87548322792021, 14.398059655813775], [120.86759702107632, 14.404705663388164]], [[120.85509657002564, 14.354992023349572], [120.85307373431469, 14.350625748445266], [120.86362282948845, 14.344524539694408], [120.86096810237345, 14.33656004008178], [120.86242815509593, 14.325871858076672], [120.8653244762491, 14.325043584748128], [120.8676105771535, 14.32947874769023], [120.87315556777753, 14.329621434038659], [120.87487372859306, 14.325184011313729], [120.88040829053054, 14.324865451800683], [120.87788378147934, 14.350315279897908], [120.87108863251285, 14.361643294731763], [120.87852512864981, 14.37250551409102], [120.87511856272495, 14.379352588730189], [120.87024270685365, 14.380921792869241], [120.86325624281602, 14.376481807792173], [120.86199732959854, 14.38146034629736], [120.85785630972492, 14.380797428199202], [120.85845275758406, 14.356588817367536], [120.85509657002564, 14.354992023349572]], [[120.86217870926866, 14.309370700849346], [120.86344736596696, 14.30584135741789], [120.86801504040841, 14.307094207521398], [120.86660755551105, 14.312089473268514], [120.86217870926866, 14.309370700849346]]]}}]}