{"type": "FeatureCollection", "features": [{"type": "Feature", "properties": {"threshold": 70}, "geometry": {"type": "MultiPolygon", "coordinates": [[[[111.01232069525464, -7.63888893151789], [111.01664195237015, -7.636755738771716], [111.02624372506904, -7.6412872370724205], [111.03077242834856, -7.6380421989542215], [111.03368249375576, -7.630142536333303], [111.04091665162275, -7.630114491351655], [111.04817107584373, -7.635211956280737], [111.05349717499463, -7.628600820365899], [111.05684567791656, -7.628475260246942], [111.06063377936945, -7.634552982886798], [111.05371382450834, -7.635345997786449], [111.05198590386561, -7.639517001538034], [111.05367455872269, -7.645999531419449], [111.06227050489882, -7.654654997071535], [111.062306337099, -7.661190350750998], [111.04857053029313, -7.657545016134297], [111.04286336050927, -7.661641599458352], [111.03961091775614, -7.650888616810729], [111.0128243950083, -7.642497754855051], [111.01232069525464, -7.63888893151789]]], [[[111.00740825728235, -7.618003011210877], [111.00661033268602, -7.614633172364811], [111.01306006875573, -7.610106267873177], [111.01607108999728, -7.6140418574302435], [111.02278618134264, -7.615516645372554], [111.03894362666684, -7.612594990858858], [111.04233558542956, -7.615843082849715], [111.03841273857137, -7.620048152521996], [111.01906364236268, -7.621746010324068], [111.00740825728235, -7.618003011210877]]], [[[111.01407687231082, -7.434868185053036], [111.01570382535266, -7.417490266841927], [111.02095907023488, -7.416208735467055], [111.02313598857748, -7.41855848517717], [111.02222026593932, -7.425765858294769], [111.02956872890543, -7.428042120336413], [111.03058321318552, -7.433940550580992], [111.01407687231082, -7.434868185053036]]], [[[110.78132233677402, -7.591329535255969], [110.78215620555314, -7.582183837613861], [110.79021669833718, -7.579244724152874], [110.79511539836142, -7.568151578144578], [110.7935957589699, -7.560147117128932], [110.78630488725858, -7.557089164034363], [110.7885028683472, -7.550984591642253], [110.7935465806015, -7.5494354815578815], [110.7954976291422, -7.559151882447216], [110.8017249834229, -7.560809537640777], [110.80007233400312, -7.568594748367601], [110.80255567066588, -7.571014359955748], [110.80753183399842, -7.566039251699391], [110.81383108614006, -7.565692565661239], [110.81711436140361, -7.558025669809718], [110.81442208045671, -7.5542938310812575], [110.80991314706655, -7.559213805464907], [110.80411755511035, -7.558576585784178], [110.80385962607332, -7.553059320413664], [110.80632339261504, -7.550954128390854], [110.81394654910645, -7.552709442700706], [110.81702659798916, -7.546803620522885], [110.8227003889659, -7.547877319952541], [110.83080694472402, -7.560069944437662], [110.83529396286242, -7.55681193969212], [110.84268569356868, -7.557207275736991], [110.84399143301691, -7.552107879051274], [110.84932220805464, -7.548539939723178], [110.85746767746633, -7.550686003826459], [110.86489703940377, -7.547685183250007], [110.8661302397668, -7.554832429576604], [110.85772181692927, -7.554912153598303], [110.85446725628088, -7.560915187226294], [110.86025367606466, -7.563579737074873], [110.8698900988318, -7.563001462151247], [110.87473301657161, -7.5571511754075615], [110.87480817804638, -7.550518319456107], [110.88629354378217, -7.5394573091435175], [110.88718052393041, -7.532068098706187], [110.87854299693443, -7.5293929052570965], [110.88075883107511, -7.521259309798739], [110.88734846574843, -7.517704342202933], [110.89311945826223, -7.5256698344440975], [110.90065390876143, -7.525822805428198], [110.90466061336683, -7.517614572787584], [110.90393656649329, -7.510712497019171], [110.90751471189974, -7.50539494069904], [110.91174734737517, -7.504157700591831], [110.91418912703992, -7.4970719907731835], [110.93553025322723, -7.499848684232555], [110.93840047150232, -7.481021921562381], [110.9325389399887, -7.479628973481745], [110.93037405078869, -7.485755712022614], [110.92580733272992, -7.488312570167434], [110.92141232075804, -7.472903368548443], [110.92247494822792, -7.466328234023684], [110.92772112823728, -7.4637487773432065], [110.93108611831252, -7.4578255440621035], [110.94004496065588, -7.459425566604319], [110.94701295336253, -7.457313080531674], [110.95269785928444, -7.446209125073592], [110.95862111887521, -7.4480954964270785], [110.97539551987916, -7.439890840125423], [110.97695792752822, -7.432024880305299], [110.98709167327591, -7.436427565868452], [110.98714012417231, -7.440744283509464], [110.97619173840347, -7.448545312803657], [110.97530003074824, -7.452578196526266], [110.96091213840845, -7.461026621203676], [110.95169281385765, -7.463106689150872], [110.94653787828015, -7.470120266441243], [110.94873040549986, -7.475255088574149], [110.9564031009876, -7.480908907254893], [110.95071494772223, -7.48993302797309], [110.95092418340761, -7.494293007285299], [110.9677902313076, -7.504571060107094], [110.96739461566078, -7.508183829344851], [110.93986755662684, -7.50668548885257], [110.93602786315864, -7.512557814633334], [110.92966576124311, -7.513532065904242], [110.92324386247263, -7.50896718548458], [110.91696766672588, -7.520775773793783], [110.91002360658733, -7.527613634765116], [110.90223456473227, -7.527340121094395], [110.89843853531784, -7.535804284279241], [110.89578945285638, -7.553550253803541], [110.89798149511833, -7.558717761363753], [110.89374525440941, -7.570520952840975], [110.88962664271048, -7.571399422356987], [110.88867687095225, -7.5742756311770005], [110.89317180884565, -7.580414114455701], [110.90437329441788, -7.57019857756272], [110.91439478176456, -7.571990649845819], [110.91725984146169, -7.581638511673239], [110.92550503162913, -7.588209195199249], [110.92273190814599, -7.600744602112279], [110.91180148513443, -7.600000424854796], [110.91032062258945, -7.5913053789438925], [110.8992896215209, -7.590008585748106], [110.89212836840582, -7.581609960444207], [110.88510875262995, -7.5841780845927556], [110.87596585956288, -7.573500019966712], [110.8535098509387, -7.569388699475157], [110.84788232102251, -7.571774221193657], [110.84256684193636, -7.56773159124778], [110.83760739545488, -7.567849696812951], [110.83647034574172, -7.578168003420155], [110.83264035778448, -7.579286135160353], [110.83240475298176, -7.582941854944639], [110.83640353717996, -7.58407335048953], [110.83765153419074, -7.579213704453494], [110.8447059840444, -7.578446515837688], [110.84711811522445, -7.584348637805503], [110.8405308324079, -7.5873291066694115], [110.83863631508068, -7.5930493225718125], [110.83552339018837, -7.594245201810265], [110.83072091297905, -7.594079604990335], [110.82858740719756, -7.585890740043775], [110.81973898113206, -7.582220382815235], [110.82039085378378, -7.572397513187982], [110.81672974461836, -7.5685020299352574], [110.81380880641841, -7.568733052739264], [110.81273417134352, -7.573126137457107], [110.80725217035872, -7.5772253839803385], [110.80953223114854, -7.58824060009591], [110.81748268286628, -7.587686561271288], [110.82195708398697, -7.596243521407356], [110.82764759432952, -7.5977496085993765], [110.8293203420253, -7.601590849998611], [110.83727009783897, -7.600931208384775], [110.83954335775434, -7.6039254002556], [110.8372035613577, -7.620596729858862], [110.84126155650821, -7.630129867598735], [110.83553636705884, -7.637225520157624], [110.83471628267262, -7.642482674265623], [110.83877922590212, -7.658089099769282], [110.84577320269044, -7.666839694246172], [110.85596622964336, -7.67020130274064], [110.85677336676797, -7.675140281260592], [110.86434763254935, -7.681103924017343], [110.8759678740136, -7.676728898610282], [110.87636584777884, -7.668866542872328], [110.88145055713468, -7.663617762193409], [110.87732884789098, -7.657836545885371], [110.88617248791167, -7.657071925327226], [110.88797505796576, -7.665938726766174], [110.88309544604236, -7.678214727161452], [110.88462095045435, -7.682666814664161], [110.87788343171364, -7.690388292698179], [110.89023189554658, -7.692741487055953], [110.89544465584675, -7.699747885384342], [110.89350626753169, -7.704791427363747], [110.87770475629455, -7.704158904887289], [110.87159914670049, -7.709072660764228], [110.86755131176098, -7.708204205938823], [110.85898360119553, -7.687045411710128], [110.84049980759765, -7.6763224229070826], [110.83021147812237, -7.6848544151855664], [110.83439268674577, -7.690899938572455], [110.84099979016779, -7.690228805427688], [110.84276956265478, -7.697103679243785], [110.83135047834679, -7.699588633189319], [110.82646054967375, -7.707419327349334], [110.82062547855165, -7.704712450731355], [110.82585456459115, -7.687579934570029], [110.82212298398242, -7.683633496203995], [110.82212463319362, -7.679669012761136], [110.8338230827435, -7.669562969189245], [110.83096687983469, -7.660533433705251], [110.82709312267394, -7.656842457938329], [110.83029953117625, -7.646663563114937], [110.82551219895485, -7.642919820881407], [110.82221655693235, -7.631774566003137], [110.81031527789607, -7.6333587879800415], [110.80627609492055, -7.630836976097492], [110.79948772760366, -7.635858170986115], [110.79306788678136, -7.63221921182531], [110.7940843640269, -7.629339054562696], [110.80348411860012, -7.625909673705345], [110.80932082657263, -7.627250614013238], [110.81391312407418, -7.62176019436109], [110.80243353945491, -7.616571036132573], [110.79893937121354, -7.610438793519152], [110.79295456015117, -7.607037742821355], [110.79303374469308, -7.602097472824002], [110.80016121923363, -7.596969947634907], [110.8000462800225, -7.592364649012664], [110.78613799490897, -7.595888545013757], [110.78146131932053, -7.593982438942772], [110.78132233677402, -7.591329535255969]], [[110.80573600613134, -7.59514203072057], [110.80897764199878, -7.593546417975026], [110.80746573973927, -7.590353156647057], [110.80417260428204, -7.5919303400257485], [110.80573600613134, -7.59514203072057]]], [[[110.90120161454765, -7.554793247800876], [110.90438043251132, -7.537733881782861], [110.91002169073937, -7.536902648997069], [110.91415121809246, -7.54307589343038], [110.92214814907175, -7.545678141301558], [110.92300896800549, -7.550398608521931], [110.91919390255016, -7.555918004799915], [110.91163779159066, -7.553797226980141], [110.90628106405545, -7.55763942200991], [110.90120161454765, -7.554793247800876]]], [[[110.97063382301701, -7.510469562688763], [110.99964955803107, -7.517688367731575], [111.00191060275237, -7.515291690997168], [110.99998446328588, -7.50551964300186], [111.00928592661197, -7.5052794393135605], [111.00799085087284, -7.513165996407559], [111.00186774813578, -7.517210734152145], [111.00657682916169, -7.522356889031524], [111.01116376503496, -7.522885575256555], [111.01140442986355, -7.5255089838269384], [111.00996463088116, -7.527669956355367], [111.0028916990867, -7.525203003869487], [111.00003405088671, -7.528482722432097], [110.9886308488594, -7.529287583902808], [110.97167914189208, -7.5166205656993075], [110.97063382301701, -7.510469562688763]]], [[[110.79365141239393, -7.549135524135762], [110.78709140424075, -7.533382976929646], [110.79067165644001, -7.524555268203229], [110.79634608556741, -7.523486579544703], [110.801248966287, -7.526649714952141], [110.8011646504882, -7.5313645967776335], [110.79613239341244, -7.535920734489272], [110.8004186862489, -7.544373371190172], [110.79365141239393, -7.549135524135762]]], [[[110.96881583757359, -7.7432891842814575], [110.97790230295229, -7.74442548641743], [110.9785567179478, -7.755479011112474], [110.99335739371641, -7.755812387628993], [110.99380735713031, -7.76039657111901], [110.98785982442938, -7.760858401763173], [110.98401677069357, -7.7640906210556215], [110.97178891562811, -7.763121777727014], [110.97529505098477, -7.7552156921653905], [110.97068375779253, -7.751169156347734], [110.96881583757359, -7.7432891842814575]]], [[[110.93644244024993, -7.619551116327639], [110.93485967087022, -7.615460753322402], [110.94038454205263, -7.614706915843472], [110.94266859507005, -7.609364190135931], [110.95513258143448, -7.608533231921681], [110.95723627663634, -7.611680907026286], [110.95459654973045, -7.618994423613833], [110.95714017163318, -7.631298986612884], [110.94767178136232, -7.630806013225655], [110.94658719066896, -7.623294333985524], [110.93644244024993, -7.619551116327639]]], [[[110.86793069748157, -7.748643621269375], [110.86651053706406, -7.741015169868227], [110.87674085157124, -7.740082681548139], [110.88618997664798, -7.748708158699802], [110.88622865940067, -7.75516138546444], [110.89044260328066, -7.758095065338507], [110.88948216535573, -7.764544359503023], [110.88165186698734, -7.764771084982972], [110.87753801120638, -7.755903196751319], [110.86793069748157, -7.748643621269375]]], [[[110.85812242362128, -7.7179910229837905], [110.85951547318793, -7.712471702115565], [110.86441163498125, -7.716453726271133], [110.87402354378199, -7.716670044152523], [110.88265353094584, -7.72098715800222], [110.88625821211723, -7.726864566098863], [110.87910293815243, -7.732382634641526], [110.8727013422902, -7.733240615282], [110.86928927581674, -7.728679466304642], [110.8615079952174, -7.726370555473359], [110.85812242362128, -7.7179910229837905]]], [[[110.80298660674774, -7.433467341873274], [110.83165067622515, -7.380439191897249], [110.82916605141249, -7.376264147344621], [110.82027283064845, -7.376943769629159], [110.81492556719789, -7.371739779865581], [110.81698384049412, -7.3617392548808915], [110.80838533441933, -7.36101856224958], [110.80815839760797, -7.355705865467799], [110.81484878037476, -7.353691131739079], [110.82039629231905, -7.357823346314031], [110.82817261854036, -7.354107436379426], [110.82900625858899, -7.349054837510342], [110.8410580392242, -7.332937536104281], [110.85630376521254, -7.32872134942825], [110.86289164781545, -7.331555229496919], [110.86789581520935, -7.328736845950488], [110.87268797506964, -7.32969450929765], [110.8721845320714, -7.340614001290528], [110.8691074317012, -7.342462758608016], [110.86586754963704, -7.351959330575075], [110.85656994832193, -7.350051478557402], [110.85773608440424, -7.342302478312317], [110.85518917481484, -7.339719760408868], [110.84789482706489, -7.339627824085353], [110.84480239923515, -7.342713120833004], [110.84438487917075, -7.351723653443391], [110.85043841230777, -7.356624215515586], [110.85053068159438, -7.362091133679257], [110.84145040210889, -7.374900545044403], [110.84301950892352, -7.381234524271642], [110.83903076934236, -7.385123392586145], [110.83968174396855, -7.394436271066924], [110.84332371765299, -7.397791412267376], [110.85425374047553, -7.395409340770538], [110.85371671465039, -7.402428477658805], [110.84792425527843, -7.402369055410548], [110.84234504512041, -7.408604302777946], [110.83354201632167, -7.40530089124508], [110.82731529165794, -7.407252458296323], [110.81935706910735, -7.421924522147848], [110.81941220466334, -7.430011783783891], [110.80980996203459, -7.437726631267166], [110.80418246103908, -7.437600336958152], [110.80298660674774, -7.433467341873274]], [[110.82797284391573, -7.3625582592329835], [110.83117024612272, -7.364069477603272], [110.83283355769781, -7.360683225756793], [110.82930634924351, -7.358947113795092], [110.82797284391573, -7.3625582592329835]]], [[[110.73382326031975, -7.7234775870055445], [110.74055767265745, -7.719086114950027], [110.74336092863976, -7.712449534860006], [110.75552557547324, -7.714121487710107], [110.75885178171774, -7.71736328066005], [110.77002551113667, -7.713034224521263], [110.77098278823618, -7.7041212602857], [110.79021252837558, -7.7094040571957425], [110.80901351646338, -7.706684355690475], [110.8092931994187, -7.711797510819524], [110.8143898055381, -7.715316387427559], [110.81451223633316, -7.71926871849325], [110.80397425589635, -7.72791402770654], [110.8029547208017, -7.7399414790098175], [110.8104672473922, -7.747786938118466], [110.82535270562805, -7.757020810468554], [110.81779461899711, -7.759753011780678], [110.81580758383019, -7.765580076447923], [110.81101029847636, -7.765701814266897], [110.80867095648115, -7.760786520169871], [110.81240108078795, -7.756361484020561], [110.8110886155871, -7.752805779948622], [110.80358503365177, -7.754056559405409], [110.801193297947, -7.751681100123188], [110.7896723303834, -7.7504210068241335], [110.79191795873673, -7.740147451739049], [110.78639511902975, -7.737993440043991], [110.78533548814147, -7.733082538554401], [110.79319771455529, -7.729343173501478], [110.79120404203336, -7.7188554006431795], [110.79701058320916, -7.716002966068895], [110.7905411574264, -7.711202433492629], [110.78206959221401, -7.7140900985509315], [110.77242999060593, -7.71213159207675], [110.77103554575207, -7.719476820442033], [110.76208288801979, -7.731273356724698], [110.76527501390729, -7.7433040688578725], [110.76043371066503, -7.7490280353370125], [110.7471676630176, -7.744631309394596], [110.74525429977466, -7.740775342086597], [110.7476128162412, -7.735125475367647], [110.74055878622514, -7.733028204890824], [110.74031691433375, -7.72688636599213], [110.73402270684184, -7.725622789041959], [110.73382326031975, -7.7234775870055445]], [[110.79940196103747, -7.722860158149523], [110.8036323007834, -7.726767401474926], [110.80530056938079, -7.720720411269489], [110.80081874431482, -7.719213423925883], [110.79940196103747, -7.722860158149523]]], [[[110.79481659326343, -7.472168596884274], [110.7961284163084, -7.467725856123876], [110.81203564372349, -7.4681554073277026], [110.81236922929709, -7.473884842909904], [110.81628399790836, -7.477543077801265], [110.81974390457522, -7.505205723421231], [110.82295583200064, -7.508426145112739], [110.81913278590099, -7.5218121167342495], [110.81215356128367, -7.519565266312623], [110.81282953761335, -7.510747123790445], [110.80799062714873, -7.502082510676859], [110.80788660491734, -7.491969770499387], [110.80462924012495, -7.486937877928398], [110.80603436310167, -7.477123427918837], [110.79680274081994, -7.475965343733931], [110.79481659326343, -7.472168596884274]]], [[[110.73129172179534, -7.55215861736494], [110.73049709690716, -7.547123461297382], [110.73988064925679, -7.540861787541613], [110.74047210302228, -7.535545410781742], [110.7486754687286, -7.524492938194322], [110.74775824008083, -7.520543404876725], [110.74140658353835, -7.518982255043072], [110.73958863228374, -7.513701238047884], [110.74224916872802, -7.504611642474715], [110.74805986729784, -7.501830439677069], [110.75343922966861, -7.506862864753035], [110.76016820082468, -7.501024563554719], [110.76927698679964, -7.502014415246771], [110.76943931370998, -7.50478129175975], [110.76364215027903, -7.507373817139378], [110.76276835437204, -7.511083023002035], [110.76997040906686, -7.511913540868497], [110.77276796635117, -7.517698142515869], [110.77680151627902, -7.518891876906225], [110.77516425963204, -7.524888131952906], [110.76808451289892, -7.525469963786706], [110.765224413067, -7.530076655353738], [110.77836956367845, -7.535267587229], [110.78290901962264, -7.542680189535229], [110.7827150313019, -7.5473070810217315], [110.7765271338395, -7.550595123326751], [110.776085557635, -7.556395013575895], [110.77015322221736, -7.559908583613914], [110.77019099817716, -7.568943664125457], [110.76553761069836, -7.572558174385968], [110.75914505213358, -7.570807845857461], [110.75483640940914, -7.561872169821353], [110.74873837924956, -7.557824945220702], [110.74905339041867, -7.552349824230491], [110.75172263652269, -7.550160239332593], [110.76081352689553, -7.5536969535261544], [110.76343395742185, -7.55238893745871], [110.76326140978887, -7.540658106840298], [110.76059072626029, -7.536957197035399], [110.75227156348237, -7.535992265716075], [110.75023237755069, -7.544727085842991], [110.7407511665279, -7.554981300168859], [110.73129172179534, -7.55215861736494]], [[110.75931483156101, -7.517042580464695], [110.76361505602489, -7.517552480361379], [110.76412835391262, -7.51360821601731], [110.75957035854698, -7.5130441117901725], [110.75931483156101, -7.517042580464695]]], [[[110.74214206014823, -7.766768201035572], [110.74532132391289, -7.764861078915426], [110.75087334152492, -7.768976190710093], [110.76133660599736, -7.768231746523017], [110.76736730071399, -7.774291363080005], [110.7710275878646, -7.770702601586105], [110.7833202070053, -7.77255815095846], [110.78355874400619, -7.776846468779809], [110.78056342234696, -7.77871391947537], [110.77699387225464, -7.788396441858048], [110.77841495701277, -7.797030525697294], [110.77335634183947, -7.798960196481778], [110.76619046637236, -7.792726696909777], [110.7662347422632, -7.788545299173259], [110.77141991009626, -7.78487805615206], [110.77023229440212, -7.780455365010883], [110.75647244422655, -7.782242913628055], [110.75603400439071, -7.7759040582453665], [110.74898190958062, -7.771198062597676], [110.74393776778199, -7.77386699329752], [110.74214206014823, -7.766768201035572]]], [[[110.72243772897295, -7.349462364036267], [110.73031571211257, -7.344491549206474], [110.73894683529072, -7.3466620042967525], [110.73954362089461, -7.341255838700189], [110.73567524140678, -7.339174964467035], [110.73548540031634, -7.336212694905866], [110.73941553638761, -7.3320302664672825], [110.74363376965297, -7.332300217370413], [110.74510206861663, -7.33921207006944], [110.75460033271983, -7.336994663685679], [110.76212571916406, -7.339255233708199], [110.75997831891466, -7.344423292268604], [110.75297787303107, -7.342895837773923], [110.74989468880894, -7.346942497177563], [110.74517140925106, -7.3455836427267815], [110.73840603702291, -7.348026541337891], [110.7357162896246, -7.353593797886422], [110.72098307626254, -7.352725023442571], [110.72243772897295, -7.349462364036267]]], [[[110.69381456576451, -7.592810780562454], [110.69476194182973, -7.589372902863917], [110.70451905255968, -7.585535008913707], [110.71014982248508, -7.580054508888456], [110.71584348442732, -7.581895429215764], [110.72113276368081, -7.588205111142433], [110.71797249447958, -7.595005277856653], [110.69687118005663, -7.596667843097406], [110.69381456576451, -7.592810780562454]]], [[[110.68174554905144, -7.369492487175829], [110.68460521464054, -7.3648712523877915], [110.68220961539008, -7.3582013569958535], [110.69165859274217, -7.349585058648461], [110.70478866186463, -7.350302472461556], [110.7078168765543, -7.353154413660485], [110.70744268359526, -7.35521367296329], [110.6960729304966, -7.3581669175520785], [110.69621141608829, -7.3664112792270835], [110.69006376149838, -7.373438688061488], [110.68337423651245, -7.372643423341485], [110.68174554905144, -7.369492487175829]]], [[[110.68370158379263, -7.4627074886736455], [110.68679935772835, -7.4585250127049525], [110.6985732592486, -7.458866094997152], [110.70120528381153, -7.46773418990654], [110.69595256001678, -7.470227226573976], [110.69691472205406, -7.480644269254695], [110.70363318585821, -7.489812502936528], [110.7033236088037, -7.494981427543456], [110.69694130162888, -7.495945285874591], [110.69466504008001, -7.493914252632261], [110.69485185692267, -7.488865308152663], [110.6895444296979, -7.482790227559235], [110.69090312517552, -7.475625229882217], [110.68456709879483, -7.472876610642021], [110.68370158379263, -7.4627074886736455]]], [[[110.66793527837942, -7.67430704403455], [110.6677372494518, -7.668000267579797], [110.67087618951429, -7.664932742893588], [110.68280261396269, -7.663264925668722], [110.69438015962322, -7.668098964106835], [110.69331471104354, -7.673008556250085], [110.67942396748022, -7.682781883913795], [110.68184782109984, -7.69005621116537], [110.67785443179669, -7.693202121157325], [110.67520837414769, -7.692548471391147], [110.67517693297287, -7.6820056399943475], [110.66793656552501, -7.678816590209418], [110.66793527837942, -7.67430704403455]]], [[[110.6630690804861, -7.434628840951163], [110.66460562739074, -7.430167747554436], [110.67029606333392, -7.433457959040616], [110.67713357394388, -7.431848884686146], [110.68514325537531, -7.434590839330887], [110.6870441629398, -7.443584177431323], [110.68188972593407, -7.447652432085898], [110.6834619751925, -7.453243447045412], [110.67728227542646, -7.454071403574136], [110.67455504910002, -7.451147475456334], [110.67412170214136, -7.441273741077746], [110.66324303324143, -7.437515701952879], [110.6630690804861, -7.434628840951163]]], [[[110.64880095039128, -7.604381569738384], [110.65241534544771, -7.6008697587064065], [110.6578205755221, -7.600814912143217], [110.6714747270188, -7.606746298948333], [110.67381833520204, -7.613158329146584], [110.68177968062243, -7.614516388926294], [110.68181669199272, -7.621195085780927], [110.67478259391585, -7.619823677621785], [110.6727062209576, -7.6154821500117595], [110.65149941089575, -7.610690879937692], [110.64880095039128, -7.604381569738384]]], [[[110.60107317861886, -7.5342646249035905], [110.601383114651, -7.527699013118144], [110.60833609578083, -7.52859235412076], [110.60798932546318, -7.537570290305775], [110.61980717459822, -7.540943648224991], [110.62142654618435, -7.546894263437687], [110.62927476283316, -7.549546575750114], [110.62832851256914, -7.5597495715082665], [110.62082149424417, -7.5649447931425735], [110.61609984538629, -7.561058095929104], [110.6170423052991, -7.553802295741714], [110.60839669165222, -7.55496466929183], [110.60296932922057, -7.551403140766602], [110.60190014491094, -7.546572349715548], [110.60494317056158, -7.537775003489256], [110.60107317861886, -7.5342646249035905]]], [[[110.6078293729222, -7.502840817743973], [110.60669942705331, -7.4992492663064665], [110.61534426921453, -7.497553359292885], [110.62378418353775, -7.499244433443765], [110.62776621672793, -7.507714822079515], [110.6134393709785, -7.512516169893158], [110.61036740037764, -7.511258555438149], [110.6078293729222, -7.502840817743973]]], [[[110.5658696706054, -7.734516737563889], [110.56659082374966, -7.731420509041203], [110.58561852905072, -7.732510729694686], [110.59370954390911, -7.750312866553753], [110.59915854947961, -7.753679421516215], [110.59791725534633, -7.769832676565582], [110.60285116131168, -7.776913406591768], [110.61895431169985, -7.782485999217219], [110.61727872392179, -7.78948424268839], [110.61144053171964, -7.7905185420367244], [110.60297313038613, -7.785281650393005], [110.59885393959745, -7.79201906699585], [110.59315534853482, -7.793018359333994], [110.57354494160177, -7.781118518482071], [110.57163557676847, -7.774764646654698], [110.57361421289121, -7.772399413910654], [110.57939086854681, -7.77225262391305], [110.58428200857024, -7.775425450783055], [110.58880209547578, -7.772850017328879], [110.58914658860718, -7.768418991397262], [110.58345512630518, -7.7603734774594395], [110.57786552783244, -7.759583609813792], [110.57532098768263, -7.753085149197596], [110.56929996345391, -7.7501898119336605], [110.5658696706054, -7.734516737563889]]], [[[110.58846656579503, -7.630775623506579], [110.58866361236433, -7.625193912279386], [110.59423163975283, -7.624067523851044], [110.60645132434037, -7.628376628575142], [110.60583310689319, -7.642844982088323], [110.59717150475464, -7.642233412255426], [110.58846656579503, -7.630775623506579]]]]}}, {"type": "Feature", "properties": {"threshold": 80}, "geometry": {"type": "MultiPolygon", "coordinates": [[[[110.99072164762073, -7.632154226243643], [110.9897997507557, -7.626586063982357], [110.99387107490809, -7.616765837131203], [110.99954624627324, -7.6170048163252835], [111.00056568498736, -7.624756792381676], [111.00893848637874, -7.631056082424686], [111.01306059825814, -7.62758722989375], [111.02481582298905, -7.62916326551567], [111.02445050153315, -7.6315990689675965], [111.01653359026743, -7.634562813226759], [111.0121301233129, -7.63165523147843], [111.0073833990827, -7.637562467932758], [110.99072164762073, -7.632154226243643]]], [[[111.01221856175755, -7.638210761853354], [111.0164838096257, -7.635151196034419], [111.02624372506904, -7.6412872370724205], [111.03077242834856, -7.6380421989542215], [111.03368249375576, -7.630142536333303], [111.04091665162275, -7.630114491351655], [111.04817107584373, -7.635211956280737], [111.05349717499463, -7.628600820365899], [111.05684567791656, -7.628475260246942], [111.06063377936945, -7.634552982886798], [111.05371382450834, -7.635345997786449], [111.05198590386561, -7.639517001538034], [111.05367455872269, -7.645999531419449], [111.06227050489882, -7.654654997071535], [111.062306337099, -7.661190350750998], [111.04857053029313, -7.657545016134297], [111.04286336050927, -7.661641599458352], [111.04161353928824, -7.65744475393029], [111.0360440016223, -7.656571027455234], [111.02639630634872, -7.646234280483286], [111.01261513392804, -7.642372628069173], [111.01221856175755, -7.638210761853354]]], [[[111.00740825728235, -7.618003011210877], [111.00661033268602, -7.614633172364811], [111.01306006875573, -7.610106267873177], [111.01607108999728, -7.6140418574302435], [111.02278618134264, -7.615516645372554], [111.03894362666684, -7.612594990858858], [111.04233558542956, -7.615843082849715], [111.03841273857137, -7.620048152521996], [111.01906364236268, -7.621746010324068], [111.00740825728235, -7.618003011210877]]], [[[110.78132233677402, -7.591329535255969], [110.78215620555314, -7.582183837613861], [110.79021669833718, -7.579244724152874], [110.79511539836142, -7.568151578144578], [110.7935957589699, -7.560147117128932], [110.78630488725858, -7.557089164034363], [110.7885028683472, -7.550984591642253], [110.7935465806015, -7.5494354815578815], [110.7954976291422, -7.559151882447216], [110.8017249834229, -7.560809537640777], [110.80007233400312, -7.568594748367601], [110.80255567066588, -7.571014359955748], [110.80753183399842, -7.566039251699391], [110.81383108614006, -7.565692565661239], [110.81711436140361, -7.558025669809718], [110.81442208045671, -7.5542938310812575], [110.80991314706655, -7.559213805464907], [110.80411755511035, -7.558576585784178], [110.80385962607332, -7.553059320413664], [110.80632339261504, -7.550954128390854], [110.81394654910645, -7.552709442700706], [110.81702659798916, -7.546803620522885], [110.8227003889659, -7.547877319952541], [110.83080694472402, -7.560069944437662], [110.83529396286242, -7.55681193969212], [110.84268569356868, -7.557207275736991], [110.84399143301691, -7.552107879051274], [110.84932220805464, -7.548539939723178], [110.85746767746633, -7.550686003826459], [110.86489703940377, -7.547685183250007], [110.8661302397668, -7.554832429576604], [110.85772181692927, -7.554912153598303], [110.85446725628088, -7.560915187226294], [110.86025367606466, -7.563579737074873], [110.8698900988318, -7.563001462151247], [110.87473301657161, -7.5571511754075615], [110.87480817804638, -7.550518319456107], [110.88629354378217, -7.5394573091435175], [110.88718052393041, -7.532068098706187], [110.87854299693443, -7.5293929052570965], [110.88070404143046, -7.521319604735249], [110.88734846574843, -7.517704342202933], [110.89311945826223, -7.5256698344440975], [110.90108659475088, -7.525592129146746], [110.90507590379772, -7.515641937311433], [110.90390907323486, -7.510789127914169], [110.90739948573341, -7.5055098879596445], [110.91160008778232, -7.504344165906996], [110.91425464320196, -7.497023516690618], [110.9237404476433, -7.495495804763683], [110.92545778994892, -7.488852133030775], [110.92140022007082, -7.473655283325881], [110.92247494822792, -7.466328234023684], [110.93358839324604, -7.456161062241766], [110.94633570193866, -7.456362216777856], [110.9508409930087, -7.451021916458827], [110.95103007101636, -7.444544077747978], [110.95658788898317, -7.443630223979359], [110.96008849212127, -7.44642640529133], [110.9669497245367, -7.441181016889882], [110.97217538940129, -7.44077393288298], [110.9755968673643, -7.438277125860374], [110.97479293761117, -7.4334616700925356], [110.97695792752822, -7.432024880305299], [110.98709167327591, -7.436427565868452], [110.98714012417231, -7.440744283509464], [110.97619173840347, -7.448545312803657], [110.97530003074824, -7.452578196526266], [110.96091213840845, -7.461026621203676], [110.95169281385765, -7.463106689150872], [110.94809395106209, -7.467339468487513], [110.95802798226376, -7.481319746665398], [110.96725749269363, -7.484320088950437], [110.96651164987617, -7.4877240511660155], [110.95423594895473, -7.485628341862382], [110.95146665987917, -7.494436347853787], [110.9642511646878, -7.499525323030803], [110.96490671236056, -7.503486992985792], [110.98106999492326, -7.51118279296145], [110.98282210939782, -7.514554709279352], [110.99200945395519, -7.51640686558325], [111.00097392325031, -7.515133776619097], [110.99979981818055, -7.5059645235657815], [111.00183336457528, -7.5036913179826366], [111.0101200252723, -7.505279420850386], [111.00523650045753, -7.520245452488035], [111.0115520147077, -7.519371567796133], [111.0242238804838, -7.522732493393154], [111.0245100950813, -7.526664621625887], [111.00805273969367, -7.527681938878544], [111.0028916990867, -7.525203003869487], [111.00011084590342, -7.528455301157614], [110.98795257066534, -7.5309996247773725], [110.98085399155059, -7.527442657428406], [110.9782495330535, -7.520971913276236], [110.96351817978012, -7.507954965343218], [110.93986755662684, -7.50668548885257], [110.93602786315864, -7.512557814633334], [110.92966576124311, -7.513532065904242], [110.92259617847853, -7.5093125384767285], [110.91707104965145, -7.520650106341105], [110.91023283425538, -7.52748854417296], [110.90164446973334, -7.528084397122653], [110.89613739136641, -7.545207498286013], [110.89798149511833, -7.558717761363753], [110.89370330172133, -7.570590757393113], [110.88854060198882, -7.573540085737694], [110.89317180884565, -7.580414114455701], [110.90437329441788, -7.57019857756272], [110.91439478176456, -7.571990649845819], [110.91725984146169, -7.581638511673239], [110.92550503162913, -7.588209195199249], [110.92236670087998, -7.6009168686646795], [110.91180148513443, -7.600000424854796], [110.90911267939592, -7.591403970470736], [110.89845516610553, -7.590840818080844], [110.89212836840582, -7.581609960444207], [110.88510875262995, -7.5841780845927556], [110.87596585956288, -7.573500019966712], [110.8535098509387, -7.569388699475157], [110.84788232102251, -7.571774221193657], [110.84256684193636, -7.56773159124778], [110.83760739545488, -7.567849696812951], [110.83647034574172, -7.578168003420155], [110.83264035778448, -7.579286135160353], [110.83240475298176, -7.582941854944639], [110.83640353717996, -7.58407335048953], [110.83765153419074, -7.579213704453494], [110.8447059840444, -7.578446515837688], [110.84711811522445, -7.584348637805503], [110.84018377936516, -7.58767514439395], [110.83946416908537, -7.593851908854521], [110.83552339018837, -7.594245201810265], [110.83072091297905, -7.594079604990335], [110.82858740719756, -7.585890740043775], [110.81973898113206, -7.582220382815235], [110.82039085378378, -7.572397513187982], [110.81672974461836, -7.5685020299352574], [110.81380880641841, -7.568733052739264], [110.81273417134352, -7.573126137457107], [110.80725217035872, -7.5772253839803385], [110.80935863558646, -7.588067232975339], [110.8175526331238, -7.587728435850277], [110.8213079464587, -7.595689112162533], [110.82764759432952, -7.5977496085993765], [110.8293203420253, -7.601590849998611], [110.83937785918907, -7.600706278172978], [110.84023402292262, -7.594688045001377], [110.84910767105727, -7.59598813410564], [110.85205934256784, -7.598935299422462], [110.85198140427414, -7.602210747052581], [110.84819370756074, -7.604207189410232], [110.84024299623059, -7.6022483785643375], [110.83794800722126, -7.613701374997082], [110.84126155650821, -7.630129867598735], [110.83471628267262, -7.642482674265623], [110.84398207639781, -7.664129853703287], [110.85590071245544, -7.670152793856755], [110.85861388758295, -7.675155254891451], [110.86498200371737, -7.678610541463088], [110.87250681914242, -7.676360193413746], [110.8761577058145, -7.67179847771856], [110.87662704259863, -7.665428138368288], [110.87131442068211, -7.661020044683469], [110.87321194955068, -7.656942621655869], [110.87962983693899, -7.6574758864394745], [110.88542054499595, -7.654202827596645], [110.88788319252464, -7.657142188228339], [110.88796306540796, -7.6660192371941465], [110.88465548797485, -7.674305986268415], [110.88543509715416, -7.68441083327561], [110.87788343171364, -7.690388292698179], [110.89017145283316, -7.692686810494076], [110.89538231779031, -7.6995976539625275], [110.89544372148896, -7.70355910474112], [110.88790995278765, -7.706646122620189], [110.87720806412912, -7.704260686751079], [110.87431775265178, -7.709139614021214], [110.88703074804833, -7.725400604039192], [110.88515492821207, -7.72892949017894], [110.87286120641673, -7.733272383062854], [110.86928927581674, -7.728679466304642], [110.86145321566104, -7.726310228492427], [110.85802875549547, -7.713738066532434], [110.86059367803578, -7.712483997747883], [110.86417655345676, -7.716382511710446], [110.86866767353935, -7.715689755510064], [110.87033140931092, -7.710363077265886], [110.8655418914701, -7.705365823285277], [110.85898360119553, -7.687045411710128], [110.84122025285737, -7.6764656611310595], [110.83018749575905, -7.684610516059185], [110.83417746491855, -7.690792292814269], [110.84266808181022, -7.691894262081378], [110.8427209330071, -7.697169037782189], [110.83180567432183, -7.700433163655574], [110.82888484729231, -7.7074400800237], [110.8189024554338, -7.702986577943665], [110.82046645934565, -7.697094662540414], [110.81544280018191, -7.694452136665444], [110.81544738998701, -7.683828298338923], [110.8211054440803, -7.683910473691947], [110.82308527337881, -7.67779579787008], [110.8338230827435, -7.669562969189245], [110.83082284606463, -7.660289252229597], [110.8270924515996, -7.658507300879708], [110.83029953117625, -7.646663563114937], [110.82551219895485, -7.642919820881407], [110.82221655693235, -7.631774566003137], [110.8111492532912, -7.63419157492034], [110.80627609492055, -7.630836976097492], [110.79948772760366, -7.635858170986115], [110.79306788678136, -7.63221921182531], [110.7940843640269, -7.629339054562696], [110.80348411860012, -7.625909673705345], [110.80932082657263, -7.627250614013238], [110.81391312407418, -7.62176019436109], [110.80243353945491, -7.616571036132573], [110.79893937121354, -7.610438793519152], [110.79295456015117, -7.607037742821355], [110.79303374469308, -7.602097472824002], [110.80016121923363, -7.596969947634907], [110.8000462800225, -7.592364649012664], [110.78613799490897, -7.595888545013757], [110.78146131932053, -7.593982438942772], [110.78132233677402, -7.591329535255969]], [[110.92942940481679, -7.495022757840572], [110.9277480140628, -7.499565946200487], [110.93523798707054, -7.500241855521951], [110.93399038903759, -7.494904583653494], [110.92942940481679, -7.495022757840572]], [[110.80573600613134, -7.59514203072057], [110.80897764199878, -7.593546417975026], [110.80746573973927, -7.590353156647057], [110.80417260428204, -7.5919303400257485], [110.80573600613134, -7.59514203072057]]], [[[110.90120161454765, -7.554793247800876], [110.90438043251132, -7.537733881782861], [110.91002169073937, -7.536902648997069], [110.91395399144305, -7.542929865417642], [110.92112827077226, -7.543975390278436], [110.92298217696447, -7.54651071751076], [110.91919390255016, -7.555918004799915], [110.91163779159066, -7.553797226980141], [110.90628106405545, -7.55763942200991], [110.90120161454765, -7.554793247800876]]], [[[110.79365141239393, -7.549135524135762], [110.78709140424075, -7.533382976929646], [110.79067165644001, -7.524555268203229], [110.79634608556741, -7.523486579544703], [110.801248966287, -7.526649714952141], [110.8011646504882, -7.5313645967776335], [110.79613239341244, -7.535920734489272], [110.8004186862489, -7.544373371190172], [110.79365141239393, -7.549135524135762]]], [[[110.96625398584885, -7.498261173711474], [110.96694572280555, -7.494456689142683], [110.97719136762778, -7.491900902953902], [110.98224880128018, -7.493199357415621], [110.98720032019263, -7.489404012774189], [110.99267794204974, -7.489498080789791], [110.99811762519721, -7.495142913198311], [110.99802347903837, -7.498944921358733], [110.9956837907496, -7.499386350212688], [110.98624738116072, -7.494804475264502], [110.9836382511026, -7.50002721720637], [110.97735376781507, -7.501876076468351], [110.96625398584885, -7.498261173711474]]], [[[110.96881583757359, -7.7432891842814575], [110.97790230295229, -7.74442548641743], [110.97985892079068, -7.756264368556928], [110.99335739371641, -7.755812387628993], [110.99464195066709, -7.760396582210331], [110.97345800831084, -7.764786727194524], [110.97060083398968, -7.761437837594347], [110.97524713070513, -7.754975327516515], [110.97068375779253, -7.751169156347734], [110.96881583757359, -7.7432891842814575]]], [[[110.93644244024993, -7.619551116327639], [110.93485967087022, -7.615460753322402], [110.94038454205263, -7.614706915843472], [110.94266859507005, -7.609364190135931], [110.95520254893206, -7.608575084676895], [110.9572432838692, -7.611823509494392], [110.95462037217293, -7.6187500673499855], [110.95538415981414, -7.625783473895218], [110.95960093355717, -7.634698741914299], [110.9534416485528, -7.635759383446854], [110.94733054552157, -7.630465477164245], [110.94641352541343, -7.623121021004937], [110.93644244024993, -7.619551116327639]]], [[[110.80131869141326, -7.433466598107421], [110.80395851096712, -7.425628224047987], [110.80776081365816, -7.424910631281303], [110.81030464501742, -7.420739075604399], [110.81146931444906, -7.413145026768691], [110.81935006562342, -7.406613151613795], [110.82390953149357, -7.392482742070062], [110.83165067622515, -7.380439191897249], [110.82893928338808, -7.376170275247456], [110.8174253892709, -7.375902966728592], [110.814679476641, -7.371091884397091], [110.81698384049412, -7.3617392548808915], [110.80838533441933, -7.36101856224958], [110.80815839760797, -7.355705865467799], [110.81484878037476, -7.353691131739079], [110.82039629231905, -7.357823346314031], [110.82817261854036, -7.354107436379426], [110.8323919241927, -7.343996135888959], [110.84078845911785, -7.333117237000073], [110.84530423967924, -7.331246726492816], [110.85965884733888, -7.328715402928377], [110.86338140653291, -7.3315313570586405], [110.8688302526215, -7.328718170501345], [110.87685634947285, -7.331360541393797], [110.87796003478094, -7.335771213524431], [110.8692358858119, -7.34226151943652], [110.8657907773633, -7.3519867289924745], [110.85573641317983, -7.349218776655756], [110.85776006742458, -7.342546379597309], [110.85518917481484, -7.339719760408868], [110.84789482706489, -7.339627824085353], [110.84507968432197, -7.342083975205222], [110.84445850598823, -7.351959783687122], [110.85034797461789, -7.356488992311857], [110.85136478455306, -7.361258977450073], [110.84820928035427, -7.367645512468902], [110.84876515570434, -7.373221864633067], [110.84312813634824, -7.375116734806194], [110.84379433596783, -7.380638471325687], [110.83910211783616, -7.3848888979477865], [110.84035066550051, -7.393829343861004], [110.84665717877367, -7.397803141456814], [110.85544952107391, -7.391986056174232], [110.86820103654539, -7.3928343821584335], [110.8745638343833, -7.396607631204189], [110.88912702640631, -7.393692285672943], [110.89635053248723, -7.400073998674501], [110.8945761425773, -7.409931921203959], [110.88758596477041, -7.410991480768058], [110.8858442712284, -7.406121555240805], [110.88085069984298, -7.4051142100350855], [110.87436367849547, -7.397173385688237], [110.86795553168646, -7.399467819487951], [110.86318363786935, -7.3962382486085705], [110.8573147670203, -7.396211328486373], [110.84500237934596, -7.40939046890966], [110.83021487893441, -7.406224319637404], [110.82612128113972, -7.40817367798626], [110.81951900770503, -7.421951988606426], [110.82512325321282, -7.431782079707814], [110.81319959376471, -7.433794176656091], [110.80972929413477, -7.437738539794932], [110.80425238645545, -7.437642213386988], [110.80131869141326, -7.433466598107421]], [[110.82797284391573, -7.3625582592329835], [110.83117024612272, -7.364069477603272], [110.83283355769781, -7.360683225756793], [110.82930634924351, -7.358947113795092], [110.82797284391573, -7.3625582592329835]]], [[[110.8656273059822, -7.747725481057008], [110.86663657722825, -7.740912061724156], [110.87674085157124, -7.740082681548139], [110.88618997664798, -7.748708158699802], [110.88622865940067, -7.75516138546444], [110.89127676300149, -7.759760119119716], [110.89031654976864, -7.765376994789806], [110.88165186698734, -7.764771084982972], [110.8772679555749, -7.7568642062047175], [110.86734107618393, -7.753842264108228], [110.8656273059822, -7.747725481057008]]], [[[110.73382326031975, -7.7234775870055445], [110.74055767265745, -7.719086114950027], [110.74336092863976, -7.712449534860006], [110.75934524630125, -7.716582175239111], [110.76957842761932, -7.712563343486506], [110.76951455673778, -7.704693177714691], [110.7726521840511, -7.703289732237299], [110.79021252837558, -7.7094040571957425], [110.80893744876217, -7.704992062998598], [110.8092931994187, -7.711797510819524], [110.8143898055381, -7.715316387427559], [110.81453132964143, -7.71904561363683], [110.80412566570864, -7.729360263362979], [110.80782803844181, -7.737255345678199], [110.80727733341068, -7.744615459083855], [110.82766070367273, -7.758637727968934], [110.8361344870948, -7.7515870872206944], [110.84181071613486, -7.753493004285363], [110.8420169161899, -7.757649997770036], [110.83606491657106, -7.772018879088975], [110.83278797879345, -7.772382220673251], [110.8280068196704, -7.767853606708427], [110.82715470010432, -7.763039413213518], [110.82034857255876, -7.760558673473753], [110.81566378087386, -7.765656659561108], [110.80897623820583, -7.764696158940743], [110.80790247996595, -7.761239887221596], [110.81244912205462, -7.756121145531866], [110.81066774145721, -7.752553915513525], [110.80358503365177, -7.754056559405409], [110.80094642588546, -7.7516168221893595], [110.78978754061102, -7.750536033755889], [110.79139344404834, -7.740184778217176], [110.78634034901802, -7.737933103821961], [110.78533548814147, -7.733082538554401], [110.79319771455529, -7.729343173501478], [110.7903695359081, -7.718854992393975], [110.79701058320916, -7.716002966068895], [110.7905411574264, -7.711202433492629], [110.7820687399989, -7.715754932606668], [110.77555698254297, -7.711719795516331], [110.7725432490434, -7.712507907529228], [110.76602347118076, -7.728630683155708], [110.76208288801979, -7.731273356724698], [110.76527501390729, -7.7433040688578725], [110.76043371066503, -7.7490280353370125], [110.7471676630176, -7.744631309394596], [110.7452614087989, -7.740632746738259], [110.74766848825585, -7.735208763277259], [110.74055878622514, -7.733028204890824], [110.74031691433375, -7.72688636599213], [110.73402270684184, -7.725622789041959], [110.73382326031975, -7.7234775870055445]]], [[[110.7955598744408, -7.474777835472739], [110.7959725036592, -7.467772982654248], [110.81203564372349, -7.4681554073277026], [110.81236922929709, -7.473884842909904], [110.81711700015104, -7.480040707873755], [110.81974390457522, -7.505205723421231], [110.82295583200064, -7.508426145112739], [110.81913278590099, -7.5218121167342495], [110.81215356128367, -7.519565266312623], [110.81282953761335, -7.510747123790445], [110.80799062714873, -7.502082510676859], [110.80788660491734, -7.491969770499387], [110.80462924012495, -7.486937877928398], [110.80603436310167, -7.477123427918837], [110.7955598744408, -7.474777835472739]]], [[[110.77552782620502, -7.677167189717103], [110.77775836420467, -7.667486487909563], [110.78316441311627, -7.667548386156597], [110.79785507038872, -7.674899870514777], [110.79574837652162, -7.679873740574092], [110.78974759434955, -7.678357988583474], [110.78695102402438, -7.680567538851739], [110.79032764159832, -7.6864696191081885], [110.78959115115276, -7.691618574466679], [110.78224794297219, -7.688046304414276], [110.77552782620502, -7.677167189717103]]], [[[110.73129172179534, -7.55215861736494], [110.73049709690716, -7.547123461297382], [110.73988064925679, -7.540861787541613], [110.74047210302228, -7.535545410781742], [110.7486754687286, -7.524492938194322], [110.74775824008083, -7.520543404876725], [110.74140658353835, -7.518982255043072], [110.73958863228374, -7.513701238047884], [110.74224916872802, -7.504611642474715], [110.74805986729784, -7.501830439677069], [110.75414405556569, -7.506449844471213], [110.76283160720887, -7.498497014424852], [110.77177967790871, -7.501183296274392], [110.77183773303774, -7.5057406543419605], [110.76425293717847, -7.506966994523762], [110.76260334716731, -7.510622000098236], [110.7701058256818, -7.512003943622381], [110.77276796635117, -7.517698142515869], [110.77680151627902, -7.518891876906225], [110.77622691765085, -7.522799154293873], [110.77314903404773, -7.5259267329078385], [110.76715246489854, -7.526020101694966], [110.76515989308653, -7.52984527410138], [110.77849545822434, -7.535370799074498], [110.7829070057844, -7.546719698489676], [110.77696491529066, -7.550006715425121], [110.776085557635, -7.556395013575895], [110.77026148787772, -7.559694829336226], [110.77019099817716, -7.568943664125457], [110.76553761069836, -7.572558174385968], [110.75914505213358, -7.570807845857461], [110.75483640940914, -7.561872169821353], [110.74873837924956, -7.557824945220702], [110.74905339041867, -7.552349824230491], [110.75172263652269, -7.550160239332593], [110.76081352689553, -7.5536969535261544], [110.76343395742185, -7.55238893745871], [110.76326140978887, -7.540658106840298], [110.76059072626029, -7.536957197035399], [110.75227156348237, -7.535992265716075], [110.75023237755069, -7.544727085842991], [110.7407511665279, -7.554981300168859], [110.73129172179534, -7.55215861736494]], [[110.75931483156101, -7.517042580464695], [110.76361505602489, -7.517552480361379], [110.76412835391262, -7.51360821601731], [110.75957035854698, -7.5130441117901725], [110.75931483156101, -7.517042580464695]]], [[[110.74031874097459, -7.797726888587795], [110.74005156117738, -7.794836673239749], [110.74995069590538, -7.795404275667706], [110.7499187681399, -7.782403623541819], [110.75579378803822, -7.782831385990929], [110.7557624071791, -7.785979121729219], [110.76105190537542, -7.789398774757424], [110.7715636512722, -7.78415937180232], [110.76885383317727, -7.779863813967289], [110.75647244422655, -7.782242913628055], [110.75442354738476, -7.774693972429898], [110.74477137371396, -7.775532320626176], [110.7419167871119, -7.770840718533722], [110.74317856930874, -7.764953731052713], [110.75042694178977, -7.768173724582342], [110.76141342767343, -7.768259210361442], [110.76736730071399, -7.774291363080005], [110.7710275878646, -7.770702601586105], [110.78352592094568, -7.772808415216883], [110.77705833662418, -7.7881502117079], [110.7785999599332, -7.7965857508563055], [110.77649381166987, -7.798899643577957], [110.76027514711811, -7.79269204189716], [110.75572975137128, -7.795836690819096], [110.75028470447747, -7.805645238233916], [110.74385353834059, -7.804617704858625], [110.74370433670796, -7.800490427262358], [110.74031874097459, -7.797726888587795]]], [[[110.72243772897295, -7.349462364036267], [110.73031571211257, -7.344491549206474], [110.73894683529072, -7.3466620042967525], [110.73954362089461, -7.341255838700189], [110.73567524140678, -7.339174964467035], [110.73548540031634, -7.336212694905866], [110.73941553638761, -7.3320302664672825], [110.74363376965297, -7.332300217370413], [110.74533912098744, -7.338659581162779], [110.7596034254295, -7.3361649377122395], [110.76212571916406, -7.339255233708199], [110.75997831891466, -7.344423292268604], [110.7532663792439, -7.343114897127319], [110.74739237182368, -7.348605953764322], [110.73840603702291, -7.348026541337891], [110.7357162896246, -7.353593797886422], [110.72098307626254, -7.352725023442571], [110.72243772897295, -7.349462364036267]]], [[[110.7095402680152, -7.777017138759153], [110.71222407531636, -7.771635037751193], [110.72003557189504, -7.769619565357877], [110.72990046214105, -7.762413466281948], [110.73432293832663, -7.766194770524054], [110.73010770480646, -7.777721843772792], [110.72635274435908, -7.779759551875837], [110.72061999737491, -7.778672058697383], [110.71792855711179, -7.781446278372116], [110.71168253137316, -7.7814618570673755], [110.7095402680152, -7.777017138759153]]], [[[110.69298212762311, -7.592211752475485], [110.69399442520927, -7.587659043994879], [110.70462561671724, -7.585181294699993], [110.71023051921988, -7.580042619591429], [110.71584348442732, -7.581895429215764], [110.72114468103491, -7.588285631761887], [110.7178917954327, -7.595017168459515], [110.69687118005663, -7.596667843097406], [110.69298212762311, -7.592211752475485]]], [[[110.66287222692083, -7.435543124209659], [110.66124614892665, -7.43158927157995], [110.66438209123206, -7.430186527108475], [110.67063246232264, -7.433457314509402], [110.6807542168717, -7.432950290320023], [110.68583732534343, -7.426954542975655], [110.69437543808421, -7.426885991386622], [110.69683133545392, -7.423570272231935], [110.70789371310514, -7.425041994790563], [110.70731822983484, -7.427661970857955], [110.69679090968832, -7.427844413344095], [110.68727017935946, -7.435980944544975], [110.68543713991765, -7.4396961364082115], [110.68698474434623, -7.443820240359186], [110.68181828374567, -7.447886897875204], [110.68220175412534, -7.454301955796923], [110.67467890461161, -7.451446551539362], [110.67381083937202, -7.440895086064961], [110.66287222692083, -7.435543124209659]]], [[[110.68174554905144, -7.369492487175829], [110.68460521464054, -7.3648712523877915], [110.68220961539008, -7.3582013569958535], [110.69165859274217, -7.349585058648461], [110.70478866186463, -7.350302472461556], [110.7078168765543, -7.353154413660485], [110.70744268359526, -7.35521367296329], [110.6960729304966, -7.3581669175520785], [110.69621141608829, -7.3664112792270835], [110.69006376149838, -7.373438688061488], [110.68337423651245, -7.372643423341485], [110.68174554905144, -7.369492487175829]]], [[[110.68370158379263, -7.4627074886736455], [110.68679935772835, -7.4585250127049525], [110.69615430935761, -7.456827970543949], [110.6985732592486, -7.458866094997152], [110.70287331594767, -7.467735315499831], [110.69604661970475, -7.470000283868363], [110.69691472205406, -7.480644269254695], [110.70363318585821, -7.489812502936528], [110.7033236088037, -7.494981427543456], [110.69694130162888, -7.495945285874591], [110.69466504008001, -7.493914252632261], [110.69485185692267, -7.488865308152663], [110.6895444296979, -7.482790227559235], [110.69090312517552, -7.475625229882217], [110.68456709879483, -7.472876610642021], [110.68370158379263, -7.4627074886736455]]], [[[110.66793527837942, -7.67430704403455], [110.6677372494518, -7.668000267579797], [110.6707970317884, -7.664952459495722], [110.68280261396269, -7.663264925668722], [110.69602978322962, -7.667188764280898], [110.6933135183915, -7.674673381413373], [110.68426219137075, -7.677794467447971], [110.67956060187656, -7.682578220125509], [110.68184782109984, -7.69005621116537], [110.67793359408839, -7.693182403620633], [110.67195324968803, -7.691942752813613], [110.67400151473646, -7.683257581332149], [110.66783326807023, -7.678690826466331], [110.66793527837942, -7.67430704403455]]], [[[110.64880095039128, -7.604381569738384], [110.65241534544771, -7.6008697587064065], [110.6578205755221, -7.600814912143217], [110.6714747270188, -7.606746298948333], [110.67381833520204, -7.613158329146584], [110.68177968062243, -7.614516388926294], [110.68181669199272, -7.621195085780927], [110.67478259391585, -7.619823677621785], [110.6727062209576, -7.6154821500117595], [110.65149941089575, -7.610690879937692], [110.64880095039128, -7.604381569738384]]], [[[110.60107317861886, -7.5342646249035905], [110.601383114651, -7.527699013118144], [110.60827571219603, -7.528537639625702], [110.6076793234879, -7.537176008280605], [110.61980717459822, -7.540943648224991], [110.62142654618435, -7.546894263437687], [110.6291715061152, -7.5494208037280774], [110.63088519008181, -7.560523844851514], [110.62082149424417, -7.5649447931425735], [110.61529306991854, -7.561134020555704], [110.61626091466415, -7.553871031305647], [110.60839669165222, -7.55496466929183], [110.60302971513845, -7.55145785608291], [110.60190014491094, -7.546572349715548], [110.60494317056158, -7.537775003489256], [110.60107317861886, -7.5342646249035905]]], [[[110.6078293729222, -7.502840817743973], [110.60635284112082, -7.499456168143391], [110.61337417349161, -7.496757944847552], [110.62378561294985, -7.497579606811027], [110.62776621672793, -7.507714822079515], [110.6134393709785, -7.512516169893158], [110.61036740037764, -7.511258555438149], [110.6078293729222, -7.502840817743973]]], [[[110.56583690591819, -7.732306439681505], [110.57245329953463, -7.730587014399939], [110.57673486507485, -7.732961641126259], [110.58567326915527, -7.7325710908751395], [110.59370954390911, -7.750312866553753], [110.59915854947961, -7.753679421516215], [110.59791725534633, -7.769832676565582], [110.60285116131168, -7.776913406591768], [110.61895431169985, -7.782485999217219], [110.61721820479079, -7.789538847973805], [110.61144053171964, -7.7905185420367244], [110.60297313038613, -7.785281650393005], [110.59885393959745, -7.79201906699585], [110.59315534853482, -7.793018359333994], [110.57349019744017, -7.781058155694853], [110.57163557676847, -7.774764646654698], [110.57361421289121, -7.772399413910654], [110.57939086854681, -7.77225262391305], [110.58428200857024, -7.775425450783055], [110.58880209547578, -7.772850017328879], [110.58914658860718, -7.768418991397262], [110.58345512630518, -7.7603734774594395], [110.57786552783244, -7.759583609813792], [110.57532098768263, -7.753085149197596], [110.56929996345391, -7.7501898119336605], [110.56583690591819, -7.732306439681505]]], [[[110.58782985566712, -7.629349055195257], [110.59172951143687, -7.623232764818754], [110.60651680566592, -7.628425174115004], [110.60578444822447, -7.642910313321257], [110.59710602253604, -7.642184865276481], [110.5877733884269, -7.632839257494069], [110.58782985566712, -7.629349055195257]]]]}}, {"type": "Feature", "properties": {"threshold": 90}, "geometry": {"type": "MultiPolygon", "coordinates": [[[[111.01221856175755, -7.638210761853354], [111.0164838096257, -7.635151196034419], [111.02624372506904, -7.6412872370724205], [111.03077242834856, -7.6380421989542215], [111.03368249375576, -7.630142536333303], [111.04091665162275, -7.630114491351655], [111.04817107584373, -7.635211956280737], [111.05349717499463, -7.628600820365899], [111.05684567791656, -7.628475260246942], [111.06063377936945, -7.634552982886798], [111.05371382450834, -7.635345997786449], [111.05198590386561, -7.639517001538034], [111.05367455872269, -7.645999531419449], [111.06227050489882, -7.654654997071535], [111.062306337099, -7.661190350750998], [111.04857053029313, -7.657545016134297], [111.04286336050927, -7.661641599458352], [111.04161353928824, -7.65744475393029], [111.0360440016223, -7.656571027455234], [111.02639630634872, -7.646234280483286], [111.01261513392804, -7.642372628069173], [111.01221856175755, -7.638210761853354]]], [[[110.73382326031975, -7.7234775870055445], [110.74055767265745, -7.719086114950027], [110.74336092863976, -7.712449534860006], [110.76137990413312, -7.715110822113538], [110.76890513884737, -7.7090151025384674], [110.76957791277563, -7.702878162770022], [110.77257391152236, -7.701644633455284], [110.78972711112782, -7.709331987655454], [110.79445149625467, -7.707293346138433], [110.79176768067937, -7.692834591173121], [110.7823083710588, -7.688100995999057], [110.78097504278564, -7.683176809060555], [110.77623109468325, -7.679449950693367], [110.7774478930804, -7.667580268862901], [110.79008491298973, -7.670368782019102], [110.79310717069728, -7.664403394192554], [110.79735167345919, -7.6625607793559585], [110.80035066687222, -7.665663904261865], [110.80032110576107, -7.675599134610554], [110.81947111121816, -7.684446471351564], [110.82314043515802, -7.676903090734766], [110.83377069685883, -7.669809359395734], [110.83094905280674, -7.660499505294519], [110.82711224369994, -7.658586263628803], [110.83036374688179, -7.646909854801004], [110.82551219895485, -7.642919820881407], [110.82305403223864, -7.632275843830428], [110.8172019751499, -7.631804876613435], [110.81281757499957, -7.635024722410203], [110.80627609492055, -7.630836976097492], [110.79794193029207, -7.6358574510567525], [110.79294256708549, -7.632010381616044], [110.79415435854538, -7.629297242828741], [110.80348411860012, -7.625909673705345], [110.80932082657263, -7.627250614013238], [110.81401966549276, -7.622228060186843], [110.80243353945491, -7.616571036132573], [110.79893937121354, -7.610438793519152], [110.79295456015117, -7.607037742821355], [110.79303374469308, -7.602097472824002], [110.80016121923363, -7.596969947634907], [110.8000462800225, -7.592364649012664], [110.78796948168943, -7.595889442803916], [110.7812812643162, -7.593713268247874], [110.78215620555314, -7.582183837613861], [110.79021669833718, -7.579244724152874], [110.79511539836142, -7.568151578144578], [110.79387078577749, -7.560539041829975], [110.7864849307393, -7.5573583324675795], [110.78643233504697, -7.552915956591469], [110.7935465806015, -7.5494354815578815], [110.7954976291422, -7.559151882447216], [110.8017249834229, -7.560809537640777], [110.80007233400312, -7.568594748367601], [110.80255567066588, -7.571014359955748], [110.80753183399842, -7.566039251699391], [110.81383108614006, -7.565692565661239], [110.81711436140361, -7.558025669809718], [110.81442208045671, -7.5542938310812575], [110.80991314706655, -7.559213805464907], [110.80411755511035, -7.558576585784178], [110.80385962607332, -7.553059320413664], [110.80632339261504, -7.550954128390854], [110.81394654910645, -7.552709442700706], [110.81702659798916, -7.546803620522885], [110.8227003889659, -7.547877319952541], [110.83080694472402, -7.560069944437662], [110.83529396286242, -7.55681193969212], [110.84268569356868, -7.557207275736991], [110.84399143301691, -7.552107879051274], [110.84932220805464, -7.548539939723178], [110.85746767746633, -7.550686003826459], [110.86489703940377, -7.547685183250007], [110.8661302397668, -7.554832429576604], [110.85772181692927, -7.554912153598303], [110.85446725628088, -7.560915187226294], [110.86025367606466, -7.563579737074873], [110.86967253867175, -7.563139592960668], [110.87473301657161, -7.5571511754075615], [110.87480817804638, -7.550518319456107], [110.88629354378217, -7.5394573091435175], [110.88718052393041, -7.532068098706187], [110.87854299693443, -7.5293929052570965], [110.88070404143046, -7.521319604735249], [110.88734846574843, -7.517704342202933], [110.89311945826223, -7.5256698344440975], [110.90108659475088, -7.525592129146746], [110.90507590379772, -7.515641937311433], [110.90390907323486, -7.510789127914169], [110.90739948573341, -7.5055098879596445], [110.91160008778232, -7.504344165906996], [110.91425464320196, -7.497023516690618], [110.9237404476433, -7.495495804763683], [110.92545778994892, -7.488852133030775], [110.92139977353243, -7.4761525777088345], [110.9224201712146, -7.466388534465919], [110.93442264580351, -7.454496321811686], [110.94146212926823, -7.457634046942395], [110.94633570193866, -7.456362216777856], [110.94852831566654, -7.442878927812339], [110.97087189860498, -7.440910351773456], [110.97711380909846, -7.431977689485587], [110.98530861200888, -7.434647670966251], [110.98718204950318, -7.440674469310672], [110.97619173840347, -7.448545312803657], [110.97530003074824, -7.452578196526266], [110.96091213840845, -7.461026621203676], [110.95169281385765, -7.463106689150872], [110.94797817768877, -7.467555590042653], [110.94855939654757, -7.4704737642594585], [110.96722572186816, -7.484160615663948], [110.96674822553356, -7.487664927153263], [110.95653800731725, -7.487999721210465], [110.95665556620314, -7.493903661683962], [110.9641182815465, -7.495880527024976], [110.97987009781832, -7.491715486566347], [110.98271974177352, -7.487832939385509], [110.9878204215709, -7.488051277085996], [110.99015645374078, -7.48454528659127], [110.99351208455394, -7.484503503060043], [110.99808586420302, -7.489988852693772], [110.99798154602892, -7.49984716774973], [110.98602051135323, -7.494898253147635], [110.98357274185656, -7.500075701840793], [110.97344154982696, -7.502749193229146], [110.9752352846829, -7.509631881906622], [110.98106999492326, -7.51118279296145], [110.98329127018476, -7.514733456205706], [110.99674263934338, -7.516405432413593], [111.00141589030673, -7.513177426131705], [110.99920513563542, -7.50545933207197], [111.01087729153947, -7.503587119331526], [111.01311949564584, -7.508704729927837], [111.0084293592607, -7.51069554127053], [111.00827391533022, -7.517654984725996], [111.0243744090153, -7.5227947073888375], [111.0245100950813, -7.526664621625887], [111.00805273969367, -7.527681938878544], [111.0028916990867, -7.525203003869487], [111.00003405088671, -7.528482722432097], [110.9812793876862, -7.530999390428028], [110.97840519294107, -7.521151459327487], [110.96351817978012, -7.507954965343218], [110.93986755662684, -7.50668548885257], [110.93602786315864, -7.512557814633334], [110.92966576124311, -7.513532065904242], [110.92259617847853, -7.5093125384767285], [110.91707104965145, -7.520650106341105], [110.91023283425538, -7.52748854417296], [110.90164446973334, -7.528084397122653], [110.89613739136641, -7.545207498286013], [110.89798149511833, -7.558717761363753], [110.89370330172133, -7.570590757393113], [110.88854060198882, -7.573540085737694], [110.89317180884565, -7.580414114455701], [110.90437329441788, -7.57019857756272], [110.91439478176456, -7.571990649845819], [110.91756558658867, -7.581689306790646], [110.92550503162913, -7.588209195199249], [110.92236670087998, -7.6009168686646795], [110.91180148513443, -7.600000424854796], [110.9093414004451, -7.594796585313521], [110.90465894851535, -7.592462435768074], [110.8974168090433, -7.603389191054392], [110.88176743826969, -7.599993285028689], [110.88176943126503, -7.592703348272808], [110.88724858423917, -7.591778435650451], [110.89566968265156, -7.594740693806668], [110.89796431631464, -7.591565454871791], [110.8931088474811, -7.588834188373426], [110.89256543428027, -7.582559187672936], [110.88510875262995, -7.5841780845927556], [110.87596585956288, -7.573500019966712], [110.8535098509387, -7.569388699475157], [110.84788232102251, -7.571774221193657], [110.84256684193636, -7.56773159124778], [110.83760739545488, -7.567849696812951], [110.83647034574172, -7.578168003420155], [110.83264035778448, -7.579286135160353], [110.83240475298176, -7.582941854944639], [110.83640353717996, -7.58407335048953], [110.83765153419074, -7.579213704453494], [110.8447059840444, -7.578446515837688], [110.84711811522445, -7.584348637805503], [110.84018377936516, -7.58767514439395], [110.83946416908537, -7.593851908854521], [110.83552339018837, -7.594245201810265], [110.83072091297905, -7.594079604990335], [110.82858740719756, -7.585890740043775], [110.81973898113206, -7.582220382815235], [110.82039085378378, -7.572397513187982], [110.81672974461836, -7.5685020299352574], [110.81363311872514, -7.568897215563713], [110.81278279113558, -7.57306078156378], [110.80712655699136, -7.577666983811145], [110.80935863558646, -7.588067232975339], [110.8175526331238, -7.587728435850277], [110.8213079464587, -7.595689112162533], [110.82764759432952, -7.5977496085993765], [110.8293203420253, -7.601590849998611], [110.83938170375599, -7.60070397621306], [110.84023402292262, -7.594688045001377], [110.84910767105727, -7.59598813410564], [110.85448484075492, -7.6004575738408535], [110.85228485897069, -7.607558076880733], [110.84498686091307, -7.606599261633278], [110.84294090998696, -7.601575136913325], [110.83966924701643, -7.603318445008586], [110.83763691027592, -7.62018068113505], [110.84126155650821, -7.630129867598735], [110.83469229951456, -7.6422387748916565], [110.8403875123151, -7.651450476902003], [110.84044738610189, -7.659754565176804], [110.85840395411341, -7.670153624854432], [110.86029955840246, -7.675063108060195], [110.86483004512512, -7.677067367103079], [110.87027805500833, -7.674271544977789], [110.86964420705944, -7.665690460118333], [110.87327241753388, -7.656887978166027], [110.88542054499595, -7.654202827596645], [110.89107546505369, -7.656947506074833], [110.88697477824229, -7.66174179908645], [110.88797331615554, -7.672598112709237], [110.88495729744939, -7.67463263053778], [110.8845143672191, -7.679375241515028], [110.89630257436826, -7.684843441748582], [110.89195785542407, -7.694290623034979], [110.89548340312083, -7.700049964607928], [110.89460821209552, -7.707721010301333], [110.89182460243819, -7.710402819232643], [110.89225871245074, -7.722008686340758], [110.89639988705486, -7.725032921798738], [110.91096044811466, -7.725940034282702], [110.91781479712368, -7.73964353195139], [110.90782966049382, -7.7399287920979924], [110.89984559250375, -7.733698577988533], [110.89348776347803, -7.734051307712565], [110.89095771106712, -7.728337853006529], [110.88141908041693, -7.729220708583052], [110.87917671479711, -7.732347854909399], [110.8730041677497, -7.733279431136091], [110.86908312156092, -7.728560799786802], [110.8632369515128, -7.72809061398347], [110.85882592313705, -7.721106076389516], [110.85799384330426, -7.713811634973153], [110.86059367803578, -7.712483997747883], [110.86417655345676, -7.716382511710446], [110.86866767353935, -7.715689755510064], [110.87023746068117, -7.710136633709106], [110.8655418914701, -7.705365823285277], [110.85898360119553, -7.687045411710128], [110.84049980759765, -7.6763224229070826], [110.83021147812237, -7.6848544151855664], [110.83439268674577, -7.690899938572455], [110.84099979016779, -7.690228805427688], [110.84284644942679, -7.696960313453139], [110.83426482016574, -7.698843988882353], [110.82896400614835, -7.707420334448789], [110.81677871120694, -7.702858595725541], [110.81770322799235, -7.698107226218695], [110.81377424423108, -7.693618995791236], [110.81227841866725, -7.685598681577996], [110.79630748408425, -7.681709304177676], [110.79107062341234, -7.690676810214989], [110.80510446389782, -7.702646693954095], [110.81052911632376, -7.700810897068476], [110.8148071223954, -7.704217775528978], [110.80908122080409, -7.710629980740609], [110.8143898055381, -7.715316387427559], [110.81449237498643, -7.71934766519535], [110.80671624129101, -7.729170914957623], [110.8125496807932, -7.731783607294579], [110.81670064611046, -7.739897834811463], [110.82029717450314, -7.741267278975795], [110.81511503627537, -7.746855063009854], [110.81752982130442, -7.752384456701237], [110.82838128281197, -7.758780990456133], [110.83589774930488, -7.751646137057552], [110.84195601145449, -7.753688557806551], [110.84118014480937, -7.763476613419743], [110.83815764194613, -7.765421105874225], [110.83402007381929, -7.778150484232526], [110.82963040986526, -7.776941036617623], [110.82608186654467, -7.762466905018068], [110.82005826011287, -7.76201627522036], [110.81937480004889, -7.767017608885169], [110.81459074838206, -7.767954022710264], [110.81315703949143, -7.772314898703572], [110.80724394567402, -7.770467631627126], [110.80623139319556, -7.76540121174004], [110.81240108078795, -7.756361484020561], [110.81088438114385, -7.752669536378991], [110.80358503365177, -7.754056559405409], [110.801193297947, -7.751681100123188], [110.78958183295823, -7.750285772166401], [110.78944044360698, -7.740265991144419], [110.78621500301882, -7.73772427172811], [110.78533717065248, -7.729752872285504], [110.79338532546404, -7.7288344113982825], [110.7878453215731, -7.720597537084576], [110.78839080854095, -7.717888950644779], [110.796190518558, -7.717730384664726], [110.79579281934198, -7.713626742794222], [110.78933048582245, -7.711082888905196], [110.7862640754222, -7.716232973223954], [110.77243027508926, -7.7160116235975575], [110.76598148180129, -7.7287004742440795], [110.76208288801979, -7.731273356724698], [110.76527501390729, -7.7433040688578725], [110.76043371066503, -7.7490280353370125], [110.7471676630176, -7.744631309394596], [110.7452614087989, -7.740632746738259], [110.74766848825585, -7.735208763277259], [110.74055878622514, -7.733028204890824], [110.74031691433375, -7.72688636599213], [110.73402270684184, -7.725622789041959], [110.73382326031975, -7.7234775870055445]], [[110.92901776428297, -7.495205525365593], [110.92792550671287, -7.4997122822892095], [110.93539379707849, -7.500052434694092], [110.93380059377213, -7.4947490826322065], [110.92901776428297, -7.495205525365593]], [[110.87795829197213, -7.704146137841469], [110.87561612671011, -7.707527168911689], [110.88080125111144, -7.712460390536691], [110.88751428918503, -7.710010923927552], [110.88624802132364, -7.706184468412472], [110.87795829197213, -7.704146137841469]], [[110.87795960465616, -7.689260430957993], [110.87985320137109, -7.6924420882271365], [110.88422131458779, -7.690403493925062], [110.8817770939174, -7.686688046074287], [110.87795960465616, -7.689260430957993]], [[110.80573600613134, -7.59514203072057], [110.80897764199878, -7.593546417975026], [110.80746573973927, -7.590353156647057], [110.80417260428204, -7.5919303400257485], [110.80573600613134, -7.59514203072057]]], [[[110.90120161454765, -7.554793247800876], [110.90430669140035, -7.537768666638464], [110.90994490007647, -7.536875212008769], [110.91415121809246, -7.54307589343038], [110.9213769718479, -7.543846644133389], [110.9205670176627, -7.5350118725694815], [110.92463874674083, -7.526857114951042], [110.93018663829291, -7.5278262516307635], [110.93629597081757, -7.533952840889219], [110.93442065286537, -7.542476561129112], [110.92316324284045, -7.543804277023842], [110.92300896800549, -7.550398608521931], [110.91926764559194, -7.555883217483736], [110.91163779159066, -7.553797226980141], [110.90628106405545, -7.55763942200991], [110.90120161454765, -7.554793247800876]]], [[[110.93553513820454, -7.776466233533358], [110.9370345308144, -7.769939157666949], [110.94658703380718, -7.7739843366833865], [110.94886795715772, -7.770629017883103], [110.94727909342033, -7.764609678623293], [110.95313700991272, -7.759940245316881], [110.9566161871042, -7.765711518093596], [110.96129956446225, -7.767034868717576], [110.96209042530596, -7.775807249865417], [110.96998755633467, -7.776621905745764], [110.97224283890279, -7.77916189105433], [110.96048275519138, -7.787396859691995], [110.95380731707894, -7.777981000392149], [110.94895554366941, -7.777455782604915], [110.94445963968772, -7.785491289433792], [110.94045135868168, -7.786562099596276], [110.93553513820454, -7.776466233533358]]], [[[110.93644244024993, -7.619551116327639], [110.93485967087022, -7.615460753322402], [110.94038454205263, -7.614706915843472], [110.94266859507005, -7.609364190135931], [110.95520254893206, -7.608575084676895], [110.9572432838692, -7.611823509494392], [110.95462037217293, -7.6187500673499855], [110.95545461517096, -7.625588831235691], [110.96051240430023, -7.631423347165327], [110.95960093355717, -7.634698741914299], [110.9534416485528, -7.635759383446854], [110.94733054552157, -7.630465477164245], [110.94641352541343, -7.623121021004937], [110.93644244024993, -7.619551116327639]]], [[[110.79506208803947, -7.428688728035581], [110.80752054030035, -7.424211323860316], [110.81059380013552, -7.4123820396649895], [110.81921439870327, -7.406828616306288], [110.8239444220779, -7.392409175686118], [110.83162652144522, -7.380683075834636], [110.82893928338808, -7.376170275247456], [110.8174253892709, -7.375902966728592], [110.814679476641, -7.371091884397091], [110.81698384049412, -7.3617392548808915], [110.80838533441933, -7.36101856224958], [110.80820699313728, -7.3556405089927575], [110.81484878037476, -7.353691131739079], [110.82039629231905, -7.357823346314031], [110.82817261854036, -7.354107436379426], [110.8323919241927, -7.343996135888959], [110.84078845911785, -7.333117237000073], [110.84530423967924, -7.331246726492816], [110.85965884733888, -7.328715402928377], [110.86338140653291, -7.3315313570586405], [110.8688302526215, -7.328718170501345], [110.87692181845729, -7.331409046613502], [110.87796003478094, -7.335771213524431], [110.86938299203558, -7.342073439422011], [110.8665002510508, -7.349499067205069], [110.87053230669304, -7.356027210331711], [110.86828950030127, -7.3611442496074275], [110.86329205495083, -7.360103100515691], [110.86012536290887, -7.351468731255257], [110.85564597540461, -7.349083554671931], [110.85694208048822, -7.340818276526839], [110.84834688091445, -7.339543952563234], [110.84507968432197, -7.342083975205222], [110.84445850598823, -7.351959783687122], [110.85136539290113, -7.359431514634083], [110.84816130655251, -7.367885860568488], [110.84891136637029, -7.373303088694696], [110.85894951880775, -7.384753845814411], [110.86372866723312, -7.385693822494567], [110.86109492150821, -7.389949547059467], [110.86256056900716, -7.392629611138526], [110.87078177677644, -7.392854914745481], [110.8745638333135, -7.396607631151439], [110.87788322948082, -7.393669571331624], [110.89274844397487, -7.3938457266816835], [110.896382271817, -7.400233476900312], [110.89452755301889, -7.409997287639446], [110.88788545666958, -7.411115401873504], [110.88280306415056, -7.406347473942006], [110.87841422934328, -7.40599447163265], [110.87814852411604, -7.4000348667355516], [110.87436367849547, -7.397173385688237], [110.86795553168646, -7.399467819487951], [110.85755556723511, -7.396163594019179], [110.84521156794708, -7.40926540778352], [110.83524401768877, -7.4128634326250475], [110.83373629091577, -7.425659724971354], [110.82794214526164, -7.4273742212917595], [110.82789608970049, -7.432316943112564], [110.82421801377181, -7.435153287713497], [110.81790640544145, -7.436909543570176], [110.81380633428316, -7.433660183543786], [110.80996586281982, -7.437679499431435], [110.80448194627317, -7.4377243140367755], [110.8002990770698, -7.432405844127778], [110.7948860614712, -7.430833556761524], [110.79506208803947, -7.428688728035581]], [[110.8395822417294, -7.387399690094365], [110.84455921172236, -7.397749528970052], [110.8497455691831, -7.396643150911659], [110.8563952119106, -7.390264704050471], [110.84839630799925, -7.382546575652796], [110.8404709016949, -7.383145799378224], [110.8395822417294, -7.387399690094365]], [[110.82797284391573, -7.3625582592329835], [110.83117024612272, -7.364069477603272], [110.83283355769781, -7.360683225756793], [110.82930634924351, -7.358947113795092], [110.82797284391573, -7.3625582592329835]]], [[[110.8656273059822, -7.747725481057008], [110.86663657722825, -7.740912061724156], [110.87680638165389, -7.74013118720555], [110.88702410148665, -7.750373220904099], [110.88622865940067, -7.75516138546444], [110.89127676300149, -7.759760119119716], [110.89026748691218, -7.767107198218252], [110.88242000742675, -7.76805248924847], [110.87734828841074, -7.757852276110631], [110.86740152467176, -7.75389694400439], [110.8656273059822, -7.747725481057008]]], [[[110.7955598744408, -7.474777835472739], [110.795898766489, -7.467807749361009], [110.81063139925297, -7.466899884105805], [110.81248488613865, -7.474101026017038], [110.81786932806018, -7.478979418285479], [110.816341389739, -7.48678669550667], [110.81974390457522, -7.505205723421231], [110.82296279396768, -7.508568749744935], [110.81913278590099, -7.5218121167342495], [110.81215356128367, -7.519565266312623], [110.81282953761335, -7.510747123790445], [110.80799062714873, -7.502082510676859], [110.80788660491734, -7.491969770499387], [110.80462924012495, -7.486937877928398], [110.80603436310167, -7.477123427918837], [110.7955598744408, -7.474777835472739]]], [[[110.73129172179534, -7.55215861736494], [110.73049709690716, -7.547123461297382], [110.73988064925679, -7.540861787541613], [110.74047210302228, -7.535545410781742], [110.7486754687286, -7.524492938194322], [110.74775824008083, -7.520543404876725], [110.74140658353835, -7.518982255043072], [110.73958863228374, -7.513701238047884], [110.74220054663304, -7.504676990506303], [110.74797919999578, -7.501818450400297], [110.75414405556569, -7.506449844471213], [110.76252125509029, -7.498590789209118], [110.7700473387191, -7.49863663296269], [110.77277524640438, -7.5056154534615125], [110.76572396890415, -7.506209145037768], [110.76260334716731, -7.510622000098236], [110.7701058256818, -7.512003943622381], [110.77276796635117, -7.517698142515869], [110.77680151627902, -7.518891876906225], [110.77622691765085, -7.522799154293873], [110.77314903404773, -7.5259267329078385], [110.76715246489854, -7.526020101694966], [110.765224413067, -7.530076655353738], [110.77836956367845, -7.535267587229], [110.78290901962264, -7.542680189535229], [110.7827150313019, -7.5473070810217315], [110.7765271338395, -7.550595123326751], [110.776085557635, -7.556395013575895], [110.77015322221736, -7.559908583613914], [110.77023962409172, -7.568878312683319], [110.76553761069836, -7.572558174385968], [110.75914505213358, -7.570807845857461], [110.75483640940914, -7.561872169821353], [110.74873837924956, -7.557824945220702], [110.74905339041867, -7.552349824230491], [110.75172263652269, -7.550160239332593], [110.76081352689553, -7.5536969535261544], [110.76343395742185, -7.55238893745871], [110.76326140978887, -7.540658106840298], [110.76059072626029, -7.536957197035399], [110.75227156348237, -7.535992265716075], [110.75023237755069, -7.544727085842991], [110.7407511665279, -7.554981300168859], [110.73129172179534, -7.55215861736494]], [[110.75931483156101, -7.517042580464695], [110.76361505602489, -7.517552480361379], [110.76412835391262, -7.51360821601731], [110.75957035854698, -7.5130441117901725], [110.75931483156101, -7.517042580464695]]], [[[110.7095402680152, -7.777017138759153], [110.71222407531636, -7.771635037751193], [110.72025234628748, -7.769504184379468], [110.73519131065767, -7.759249768701519], [110.7409939958379, -7.7507074412421035], [110.74564026292025, -7.7508041820746625], [110.74851800014247, -7.754549614981766], [110.74322978883454, -7.762273035885251], [110.74732542102053, -7.767077935967587], [110.76141342767343, -7.768259210361442], [110.76736730071399, -7.774291363080005], [110.7710275878646, -7.770702601586105], [110.7836199513376, -7.773118145556341], [110.77699387225464, -7.788396441858048], [110.77836011733795, -7.797090805562546], [110.77268155964359, -7.798991554693207], [110.7625238177262, -7.793772949275369], [110.75699112092327, -7.794942543691288], [110.75113942977177, -7.805638736485185], [110.74398903949933, -7.804708117188253], [110.73522375189008, -7.796641365156761], [110.7353504108997, -7.792689201055158], [110.73838432272021, -7.791506000409638], [110.74474510255158, -7.795631289481613], [110.74984280215254, -7.793562983437107], [110.75094610682294, -7.786372396113689], [110.74613003821035, -7.782652625204096], [110.74613699912145, -7.776995675148912], [110.7419167871119, -7.770840718533722], [110.74210377601948, -7.762142530438226], [110.73487744478174, -7.7649164712326835], [110.72885661096214, -7.77976115894384], [110.72061999737491, -7.778672058697383], [110.71792855711179, -7.781446278372116], [110.71176324964426, -7.781473854771919], [110.7095402680152, -7.777017138759153]], [[110.75107075555485, -7.778910616858974], [110.7605652475377, -7.789327332022217], [110.77149136633192, -7.784643579425897], [110.76910478048825, -7.779902336214276], [110.75647244422655, -7.782242913628055], [110.75685599036967, -7.777287712570273], [110.75418845384536, -7.774622697036368], [110.75107075555485, -7.778910616858974]]], [[[110.72243772897295, -7.349462364036267], [110.73031571211257, -7.344491549206474], [110.73894683529072, -7.3466620042967525], [110.73954362089461, -7.341255838700189], [110.73567524140678, -7.339174964467035], [110.73548540031634, -7.336212694905866], [110.73941553638761, -7.3320302664672825], [110.74351867948172, -7.332185180197708], [110.74421917907355, -7.336672979830865], [110.7470481349582, -7.3379303057713425], [110.75490560373198, -7.33203897606895], [110.76212571916406, -7.339255233708199], [110.75997831891466, -7.344423292268604], [110.75343515276411, -7.343216857400711], [110.74739237182368, -7.348605953764322], [110.73840603702291, -7.348026541337891], [110.7357162896246, -7.353593797886422], [110.72098307626254, -7.352725023442571], [110.72243772897295, -7.349462364036267]]], [[[110.69298212762311, -7.592211752475485], [110.69733373133836, -7.5843317140720234], [110.71023051921988, -7.580042619591429], [110.71584348442732, -7.581895429215764], [110.72114468103491, -7.588285631761887], [110.7178917954327, -7.595017168459515], [110.69687118005663, -7.596667843097406], [110.69298212762311, -7.592211752475485]]], [[[110.66287222692083, -7.435543124209659], [110.66124614892665, -7.43158927157995], [110.66438209123206, -7.430186527108475], [110.67186585768086, -7.433489826220336], [110.68096048428659, -7.431820558703361], [110.68598785918921, -7.426892427861655], [110.69461583066273, -7.42680943538514], [110.6969104475442, -7.423550548916037], [110.70789371310514, -7.425041994790563], [110.70731822983484, -7.427661970857955], [110.69679090968832, -7.427844413344095], [110.68727017935946, -7.435980944544975], [110.68543713991765, -7.4396961364082115], [110.68698474434623, -7.443820240359186], [110.68181828374567, -7.447886897875204], [110.68220175412534, -7.454301955796923], [110.67467890461161, -7.451446551539362], [110.67381083937202, -7.440895086064961], [110.66287222692083, -7.435543124209659]]], [[[110.68389621906032, -7.464843426496042], [110.68657883681229, -7.4586289229603], [110.69774097351724, -7.456368262229624], [110.70288043118977, -7.467592719398913], [110.69604661970475, -7.470000283868363], [110.69691472205406, -7.480644269254695], [110.70363318585821, -7.489812502936528], [110.7033236088037, -7.494981427543456], [110.69694130162888, -7.495945285874591], [110.69466504008001, -7.493914252632261], [110.69485185692267, -7.488865308152663], [110.6895444296979, -7.482790227559235], [110.69100795281904, -7.47584684361107], [110.68467120785014, -7.4730967147047], [110.68389621906032, -7.464843426496042]]], [[[110.66793527837942, -7.67430704403455], [110.6677372494518, -7.668000267579797], [110.67087618951429, -7.664932742893588], [110.68288330890749, -7.663276927991043], [110.69771717492858, -7.668933734278458], [110.69492125892505, -7.675561598885466], [110.68446631182476, -7.677679310600631], [110.67956060187656, -7.682578220125509], [110.68184782109984, -7.69005621116537], [110.67785443179669, -7.693202121157325], [110.67111944527888, -7.691109703508911], [110.67404925752095, -7.683497975593529], [110.66783326807023, -7.678690826466331], [110.66793527837942, -7.67430704403455]]], [[[110.60107317861886, -7.5342646249035905], [110.6012191589942, -7.527879208826812], [110.60563946063489, -7.526780122428332], [110.6085631706267, -7.52901722322706], [110.60798932546318, -7.537570290305775], [110.61980717459822, -7.540943648224991], [110.62142654618435, -7.546894263437687], [110.62922623046242, -7.549481158851759], [110.63105819540624, -7.560159632748159], [110.62659536512899, -7.564797223230144], [110.61983681788678, -7.564881715064836], [110.6129164633774, -7.5605082762622375], [110.61219140329064, -7.555440673175942], [110.60208120313261, -7.550509614458188], [110.60496701942725, -7.538018912532279], [110.60107317861886, -7.5342646249035905]]], [[[110.56583690591819, -7.732306439681505], [110.57245329953463, -7.730587014399939], [110.57673486507485, -7.732961641126259], [110.58567326915527, -7.7325710908751395], [110.59370954390911, -7.750312866553753], [110.59915854947961, -7.753679421516215], [110.59791725534633, -7.769832676565582], [110.60285116131168, -7.776913406591768], [110.61895431169985, -7.782485999217219], [110.61721820479079, -7.789538847973805], [110.61144053171964, -7.7905185420367244], [110.60297313038613, -7.785281650393005], [110.59885393959745, -7.79201906699585], [110.59315534853482, -7.793018359333994], [110.57349019744017, -7.781058155694853], [110.57163557676847, -7.774764646654698], [110.57361421289121, -7.772399413910654], [110.57939086854681, -7.77225262391305], [110.58428200857024, -7.775425450783055], [110.58880209547578, -7.772850017328879], [110.58914658860718, -7.768418991397262], [110.58345512630518, -7.7603734774594395], [110.57786552783244, -7.759583609813792], [110.57532098768263, -7.753085149197596], [110.56929996345391, -7.7501898119336605], [110.56583690591819, -7.732306439681505]]]]}}, {"type": "Feature", "properties": {"threshold": 95}, "geometry": {"type": "MultiPolygon", "coordinates": [[[[111.01221856175755, -7.638210761853354], [111.0164838096257, -7.635151196034419], [111.02624372506904, -7.6412872370724205], [111.03077242834856, -7.6380421989542215], [111.03368249375576, -7.630142536333303], [111.04091665162275, -7.630114491351655], [111.04817107584373, -7.635211956280737], [111.05349717499463, -7.628600820365899], [111.05684567791656, -7.628475260246942], [111.06063377936945, -7.634552982886798], [111.05371382450834, -7.635345997786449], [111.05198590386561, -7.639517001538034], [111.05367455872269, -7.645999531419449], [111.06227050489882, -7.654654997071535], [111.062306337099, -7.661190350750998], [111.04857053029313, -7.657545016134297], [111.04286336050927, -7.661641599458352], [111.04161353928824, -7.65744475393029], [111.0360440016223, -7.656571027455234], [111.02639630634872, -7.646234280483286], [111.01261513392804, -7.642372628069173], [111.01221856175755, -7.638210761853354]]], [[[110.73382326031975, -7.7234775870055445], [110.74055767265745, -7.719086114950027], [110.7432840854618, -7.712476909433702], [110.76108180908365, -7.71228145595019], [110.76673215776087, -7.702473910694001], [110.77556004174693, -7.701646207618875], [110.78996804505285, -7.709379916429295], [110.79445149625467, -7.707293346138433], [110.79522665768076, -7.702904310437873], [110.78917986069747, -7.692404533042535], [110.78224794297219, -7.688046304414276], [110.78097504278564, -7.683176809060555], [110.77623109468325, -7.679449950693367], [110.7774478930804, -7.667580268862901], [110.78889208098695, -7.669939105337666], [110.79735167345919, -7.6625607793559585], [110.80116528184612, -7.665585326225709], [110.80115342515575, -7.673581157772337], [110.81140210977078, -7.681857956779737], [110.81947111121816, -7.684446471351564], [110.82314043515802, -7.676903090734766], [110.83377069685883, -7.669809359395734], [110.83094905280674, -7.660499505294519], [110.82711224369994, -7.658586263628803], [110.83036374688179, -7.646909854801004], [110.82551219895485, -7.642919820881407], [110.82305403223864, -7.632275843830428], [110.8172019751499, -7.631804876613435], [110.81281757499957, -7.635024722410203], [110.80627609492055, -7.630836976097492], [110.79794193029207, -7.6358574510567525], [110.79294256708549, -7.632010381616044], [110.79415435854538, -7.629297242828741], [110.80348411860012, -7.625909673705345], [110.80932082657263, -7.627250614013238], [110.81401966549276, -7.622228060186843], [110.80243353945491, -7.616571036132573], [110.79893937121354, -7.610438793519152], [110.79295456015117, -7.607037742821355], [110.79303374469308, -7.602097472824002], [110.80016121923363, -7.596969947634907], [110.8000462800225, -7.592364649012664], [110.78796948168943, -7.595889442803916], [110.7812812643162, -7.593713268247874], [110.78215620555314, -7.582183837613861], [110.79021669833718, -7.579244724152874], [110.79511539836142, -7.568151578144578], [110.79387078577749, -7.560539041829975], [110.7864849307393, -7.5573583324675795], [110.78643233504697, -7.552915956591469], [110.7935465806015, -7.5494354815578815], [110.7954976291422, -7.559151882447216], [110.8017249834229, -7.560809537640777], [110.80007233400312, -7.568594748367601], [110.80255567066588, -7.571014359955748], [110.80753183399842, -7.566039251699391], [110.81383108614006, -7.565692565661239], [110.81711436140361, -7.558025669809718], [110.81442208045671, -7.5542938310812575], [110.80991314706655, -7.559213805464907], [110.80411755511035, -7.558576585784178], [110.80385962607332, -7.553059320413664], [110.80632339261504, -7.550954128390854], [110.81394654910645, -7.552709442700706], [110.81702659798916, -7.546803620522885], [110.8227003889659, -7.547877319952541], [110.83080694472402, -7.560069944437662], [110.83529396286242, -7.55681193969212], [110.84268569356868, -7.557207275736991], [110.84399143301691, -7.552107879051274], [110.84932220805464, -7.548539939723178], [110.85746767746633, -7.550686003826459], [110.86489703940377, -7.547685183250007], [110.8661302397668, -7.554832429576604], [110.85772181692927, -7.554912153598303], [110.85446725628088, -7.560915187226294], [110.86025367606466, -7.563579737074873], [110.86967253867175, -7.563139592960668], [110.87473301657161, -7.5571511754075615], [110.87480817804638, -7.550518319456107], [110.88629354378217, -7.5394573091435175], [110.88718052393041, -7.532068098706187], [110.87854299693443, -7.5293929052570965], [110.8806554373944, -7.521384968959013], [110.88734846574843, -7.517704342202933], [110.89311945826223, -7.5256698344440975], [110.90146587126056, -7.525281644824864], [110.90507590379772, -7.515641937311433], [110.90390907323486, -7.510789127914169], [110.90739948573341, -7.5055098879596445], [110.91160008778232, -7.504344165906996], [110.91425464320196, -7.497023516690618], [110.92384118454068, -7.495264865556861], [110.92545778994892, -7.488852133030775], [110.92139977353243, -7.4761525777088345], [110.92237157942694, -7.46645390376126], [110.93442264580351, -7.454496321811686], [110.94212352159947, -7.457375793698087], [110.94695511173344, -7.45560907220201], [110.94713264091813, -7.449059415956295], [110.94155711032181, -7.4440703494567195], [110.94077239615083, -7.438921098625124], [110.94658081533584, -7.4378020981895405], [110.94860882496275, -7.440836042618115], [110.95502831711428, -7.441932450408313], [110.97000724788352, -7.441103800735902], [110.97695792752822, -7.432024880305299], [110.98530861200888, -7.434647670966251], [110.98718204950318, -7.440674469310672], [110.97619173840347, -7.448545312803657], [110.97536045718977, -7.4525235381593316], [110.96091213840845, -7.461026621203676], [110.95169281385765, -7.463106689150872], [110.94797792573038, -7.469691053551807], [110.96716338936592, -7.484010393373874], [110.9668219529876, -7.487630131759923], [110.9580020742825, -7.489217857332632], [110.96214842111941, -7.495363424388146], [110.97987009781832, -7.491715486566347], [110.98848835660897, -7.483712814408459], [110.99281350834744, -7.482928961481516], [110.99808586420302, -7.489988852693772], [110.99798154602892, -7.49984716774973], [110.98602051135323, -7.494898253147635], [110.98357274185656, -7.500075701840793], [110.97344154982696, -7.502749193229146], [110.9752352846829, -7.509631881906622], [110.98106999492326, -7.51118279296145], [110.98305218528945, -7.514655857994106], [110.99274535531822, -7.516405412504276], [111.00101627781984, -7.513403823296182], [110.99896571809722, -7.505964522394357], [111.00190331911486, -7.503649472133222], [111.01337960367202, -7.50441948145411], [111.01378093343642, -7.5090690759350505], [111.00832437015323, -7.51091708635802], [111.00815815012893, -7.517438852162527], [111.0243744090153, -7.5227947073888375], [111.0245100950813, -7.526664621625887], [111.00805273969367, -7.527681938878544], [111.0028916990867, -7.525203003869487], [111.00003405088671, -7.528482722432097], [110.9812793876862, -7.530999390428028], [110.97814394330099, -7.527096810827232], [110.97840519294107, -7.521151459327487], [110.96351817978012, -7.507954965343218], [110.93986755662684, -7.50668548885257], [110.93602786315864, -7.512557814633334], [110.92966576124311, -7.513532065904242], [110.92259617847853, -7.5093125384767285], [110.91707104965145, -7.520650106341105], [110.91023283425538, -7.52748854417296], [110.90164446973334, -7.528084397122653], [110.89613739136641, -7.545207498286013], [110.89798149511833, -7.558717761363753], [110.89370330172133, -7.570590757393113], [110.88854060198882, -7.573540085737694], [110.89317180884565, -7.580414114455701], [110.90437329441788, -7.57019857756272], [110.91439478176456, -7.571990649845819], [110.91756558658867, -7.581689306790646], [110.92550503162913, -7.588209195199249], [110.92236670087998, -7.6009168686646795], [110.9077808038801, -7.5992293850277175], [110.90461092780447, -7.595393095512073], [110.89953541152869, -7.598376732909466], [110.89733767227591, -7.603408949715058], [110.88176743826969, -7.599993285028689], [110.88147004792478, -7.5929739470977], [110.89209247080663, -7.5895409504842], [110.89331212564704, -7.583802944268545], [110.89076205828802, -7.581914829485518], [110.88510875262995, -7.5841780845927556], [110.87596585956288, -7.573500019966712], [110.8535098509387, -7.569388699475157], [110.84788232102251, -7.571774221193657], [110.84256684193636, -7.56773159124778], [110.83760739545488, -7.567849696812951], [110.83647034574172, -7.578168003420155], [110.83264035778448, -7.579286135160353], [110.83240475298176, -7.582941854944639], [110.83640353717996, -7.58407335048953], [110.83765153419074, -7.579213704453494], [110.8447059840444, -7.578446515837688], [110.84711811522445, -7.584348637805503], [110.84018377936516, -7.58767514439395], [110.83946416908537, -7.593851908854521], [110.83552339018837, -7.594245201810265], [110.83072091297905, -7.594079604990335], [110.82858740719756, -7.585890740043775], [110.81973898113206, -7.582220382815235], [110.82039085378378, -7.572397513187982], [110.81672974461836, -7.5685020299352574], [110.81363311872514, -7.568897215563713], [110.81278279113558, -7.57306078156378], [110.80712655699136, -7.577666983811145], [110.80935863558646, -7.588067232975339], [110.8175526331238, -7.587728435850277], [110.8213079464587, -7.595689112162533], [110.82764759432952, -7.5977496085993765], [110.8293203420253, -7.601590849998611], [110.83938170375599, -7.60070397621306], [110.84023402292262, -7.594688045001377], [110.84910767105727, -7.59598813410564], [110.85448484075492, -7.6004575738408535], [110.85228485897069, -7.607558076880733], [110.84498686091307, -7.606599261633278], [110.84294090998696, -7.601575136913325], [110.83983471110436, -7.602857572238481], [110.83763691027592, -7.62018068113505], [110.84126155650821, -7.630129867598735], [110.83940615865049, -7.6355685974355785], [110.8357210848334, -7.6371935266318705], [110.8349292435662, -7.643184050076828], [110.84023687431885, -7.645338056054617], [110.8424844447896, -7.651794152816415], [110.85563033680438, -7.651097936043351], [110.85862254440164, -7.64505716779809], [110.86688128434596, -7.646951633034311], [110.86794192203259, -7.651029945543598], [110.8651498799775, -7.654005685151743], [110.85765923411465, -7.653177220474998], [110.84842363355861, -7.663185526927032], [110.8655380562912, -7.675911461890677], [110.86944363268255, -7.674271292487263], [110.86964420705944, -7.665690460118333], [110.87333796336435, -7.656839510419737], [110.88542054499595, -7.654202827596645], [110.8919646293665, -7.657008039182432], [110.88697477824229, -7.66174179908645], [110.8896425846545, -7.670933697666765], [110.88509175292347, -7.674417840019858], [110.8846387241825, -7.678573873228136], [110.88836775791914, -7.681277752088689], [110.89398225325435, -7.6775318269530475], [110.89713781925754, -7.68151395053035], [110.8941114932663, -7.688612748011361], [110.8954826171657, -7.703257044504668], [110.89301094581381, -7.715818408860729], [110.90023936675854, -7.718549019473628], [110.9017541505874, -7.724256204036841], [110.91096044811466, -7.725940034282702], [110.91311951750731, -7.73050442693834], [110.92026542285143, -7.730207128599719], [110.91781479712368, -7.73964353195139], [110.90767368095854, -7.73988156019866], [110.89984559250375, -7.733698577988533], [110.89341400567639, -7.734016488922047], [110.88948597653143, -7.729067582439252], [110.88141908041693, -7.729220708583052], [110.87917671479711, -7.732347854909399], [110.8730041677497, -7.733279431136091], [110.86908312156092, -7.728560799786802], [110.8632369515128, -7.72809061398347], [110.85882592313705, -7.721106076389516], [110.85799384330426, -7.713811634973153], [110.86059367803578, -7.712483997747883], [110.86417655345676, -7.716382511710446], [110.86866767353935, -7.715689755510064], [110.87023746068117, -7.710136633709106], [110.8655418914701, -7.705365823285277], [110.85898360119553, -7.687045411710128], [110.84049980759765, -7.6763224229070826], [110.83021147812237, -7.6848544151855664], [110.83439268674577, -7.690899938572455], [110.84099979016779, -7.690228805427688], [110.84276956265478, -7.697103679243785], [110.83426482016574, -7.698843988882353], [110.82896400614835, -7.707420334448789], [110.81713541822664, -7.70284357406465], [110.8103067545972, -7.707307409719377], [110.80920613913986, -7.71157430655384], [110.8143898055381, -7.715316387427559], [110.81451223633316, -7.71926871849325], [110.80672036889317, -7.728930778947165], [110.81261011914616, -7.731838294962667], [110.81670064611046, -7.739897834811463], [110.8202623162208, -7.7411936853171], [110.81511503627537, -7.746855063009854], [110.81806705530843, -7.752845444617346], [110.82838128281197, -7.758780990456133], [110.83589774930488, -7.751646137057552], [110.84195601145449, -7.753688557806551], [110.84118014480937, -7.763476613419743], [110.83815764194613, -7.765421105874225], [110.83402007381929, -7.778150484232526], [110.82963040986526, -7.776941036617623], [110.82608186654467, -7.762466905018068], [110.82005826011287, -7.76201627522036], [110.81937480004889, -7.767017608885169], [110.81459074838206, -7.767954022710264], [110.81315703949143, -7.772314898703572], [110.80724394567402, -7.770467631627126], [110.80623139319556, -7.76540121174004], [110.81240108078795, -7.756361484020561], [110.81088438114385, -7.752669536378991], [110.80358503365177, -7.754056559405409], [110.801193297947, -7.751681100123188], [110.7896723303834, -7.7504210068241335], [110.78938449563752, -7.740035226929018], [110.78624985530995, -7.73779786856058], [110.78449054697873, -7.729995550860423], [110.78792717437031, -7.7237004821411706], [110.7866172256149, -7.716840792797937], [110.77227431425393, -7.7162009815724835], [110.76598148180129, -7.7287004742440795], [110.76208288801979, -7.731273356724698], [110.76527501390729, -7.7433040688578725], [110.76035298335721, -7.74903993286068], [110.7471676630176, -7.744631309394596], [110.7452614087989, -7.740632746738259], [110.74766848825585, -7.735208763277259], [110.74055878622514, -7.733028204890824], [110.74031691433375, -7.72688636599213], [110.73402270684184, -7.725622789041959], [110.73382326031975, -7.7234775870055445]], [[110.92901776428297, -7.495205525365593], [110.92792550671287, -7.4997122822892095], [110.93539379707849, -7.500052434694092], [110.93380059377213, -7.4947490826322065], [110.92901776428297, -7.495205525365593]], [[110.87962559075821, -7.710034865039771], [110.88320428198901, -7.712343197255906], [110.88477445500392, -7.7073671444244365], [110.87831189732931, -7.704192739507422], [110.87637605320603, -7.707297918284051], [110.87962559075821, -7.710034865039771]], [[110.79441278199229, -7.686231896550766], [110.79472512171922, -7.691462251682202], [110.80124282859602, -7.699584119874671], [110.81533722018347, -7.697931399801902], [110.81068506274373, -7.686085541394058], [110.79954171638323, -7.681498931570313], [110.79523434889511, -7.6822808661646365], [110.79441278199229, -7.686231896550766]], [[110.80573600613134, -7.59514203072057], [110.80897764199878, -7.593546417975026], [110.80746573973927, -7.590353156647057], [110.80417260428204, -7.5919303400257485], [110.80573600613134, -7.59514203072057]], [[110.78679935061011, -7.712966912116849], [110.78781354483684, -7.71739482476904], [110.79686691122421, -7.71672166290617], [110.7905411574264, -7.711202433492629], [110.78679935061011, -7.712966912116849]], [[110.79105218762864, -7.724923012359592], [110.78854972021449, -7.727527960143188], [110.79136018688746, -7.730043826442872], [110.79377254696149, -7.727318387397769], [110.79105218762864, -7.724923012359592]]], [[[110.90120161454765, -7.554793247800876], [110.90430669140035, -7.537768666638464], [110.90994490007647, -7.536875212008769], [110.91415121809246, -7.54307589343038], [110.9213769718479, -7.543846644133389], [110.9205670176627, -7.5350118725694815], [110.92463874674083, -7.526857114951042], [110.93018663829291, -7.5278262516307635], [110.93629597081757, -7.533952840889219], [110.93442065286537, -7.542476561129112], [110.92316324284045, -7.543804277023842], [110.92300896800549, -7.550398608521931], [110.91926764559194, -7.555883217483736], [110.91163779159066, -7.553797226980141], [110.90628106405545, -7.55763942200991], [110.90120161454765, -7.554793247800876]]], [[[110.93553513820454, -7.776466233533358], [110.9370345308144, -7.769939157666949], [110.94658703380718, -7.7739843366833865], [110.9488813704045, -7.769621400240573], [110.9464445975476, -7.763777153267455], [110.95313700991272, -7.759940245316881], [110.96129956446225, -7.767034868717576], [110.96209042530596, -7.775807249865417], [110.97165680707731, -7.776622020493578], [110.97224283890279, -7.77916189105433], [110.96048275519138, -7.787396859691995], [110.95297268918499, -7.777980908747147], [110.94895554366941, -7.777455782604915], [110.94445963968772, -7.785491289433792], [110.94045135868168, -7.786562099596276], [110.93553513820454, -7.776466233533358]]], [[[110.93644244024993, -7.619551116327639], [110.93485967087022, -7.615460753322402], [110.94038454205263, -7.614706915843472], [110.94266859507005, -7.609364190135931], [110.95520254893206, -7.608575084676895], [110.9572432838692, -7.611823509494392], [110.95462037217293, -7.6187500673499855], [110.95545461517096, -7.625588831235691], [110.96051240430023, -7.631423347165327], [110.95960093355717, -7.634698741914299], [110.9534416485528, -7.635759383446854], [110.94733054552157, -7.630465477164245], [110.94641352541343, -7.623121021004937], [110.93644244024993, -7.619551116327639]]], [[[110.78150015471428, -7.423046002954691], [110.78455715894123, -7.417762756322387], [110.79827342496363, -7.422653938586472], [110.80896332212257, -7.419694698785117], [110.81142842650668, -7.410717533834973], [110.81921439870327, -7.406828616306288], [110.8239444220779, -7.392409175686118], [110.83150718535227, -7.381157915320064], [110.82893928338808, -7.376170275247456], [110.81737065919046, -7.375842634547624], [110.814679476641, -7.371091884397091], [110.81698384049412, -7.3617392548808915], [110.80831986822619, -7.360970046726238], [110.8090959390084, -7.354748146124226], [110.81492785886911, -7.353710941885068], [110.82013888526255, -7.357836499730754], [110.82817261854036, -7.354107436379426], [110.8323919241927, -7.343996135888959], [110.84078845911785, -7.333117237000073], [110.84530423967924, -7.331246726492816], [110.85965884733888, -7.328715402928377], [110.86338140653291, -7.3315313570586405], [110.8688302526215, -7.328718170501345], [110.87781575336065, -7.332296388416896], [110.87791810254572, -7.335841017547424], [110.86938299203558, -7.342073439422011], [110.8665002510508, -7.349499067205069], [110.87053230669304, -7.356027210331711], [110.86828950030127, -7.3611442496074275], [110.86329205495083, -7.360103100515691], [110.86012536290887, -7.351468731255257], [110.85564597540461, -7.349083554671931], [110.85694208048822, -7.340818276526839], [110.84834688091445, -7.339543952563234], [110.84520936560317, -7.341894157951325], [110.84445850598823, -7.351959783687122], [110.85136539290113, -7.359431514634083], [110.84816130655251, -7.367885860568488], [110.84891136637029, -7.373303088694696], [110.85894951880775, -7.384753845814411], [110.86368011611273, -7.385628429933066], [110.8616389642413, -7.390629581016642], [110.86427739434116, -7.393400892572968], [110.87078177677644, -7.392854914745481], [110.87505366303601, -7.396583747639636], [110.88096161426263, -7.3926905724308725], [110.8826587067035, -7.387093383377787], [110.88654819002151, -7.386179955021871], [110.89024801730424, -7.388850515197216], [110.89637032638815, -7.400152959577782], [110.8944727793117, -7.410057584820805], [110.887806364501, -7.411095604427422], [110.88280306415056, -7.406347473942006], [110.87841422934328, -7.40599447163265], [110.87814852411604, -7.4000348667355516], [110.87436367849547, -7.397173385688237], [110.86795553168646, -7.399467819487951], [110.86318363786935, -7.3962382486085705], [110.8570798132415, -7.396282394264309], [110.85355290772857, -7.402608772921548], [110.83903740062608, -7.412129020251876], [110.83957661732529, -7.4181699932078216], [110.83460152211863, -7.421194778471895], [110.83531270293578, -7.428292796911492], [110.82634945271856, -7.433265812833951], [110.82512127688307, -7.436776659115244], [110.81890258235812, -7.438574810713179], [110.81437452916958, -7.434179694723185], [110.80996586281982, -7.437679499431435], [110.80456260372065, -7.4377362927236605], [110.79740956496299, -7.431285449711723], [110.79011379685481, -7.428631015835894], [110.78598247942556, -7.43017671953354], [110.78150015471428, -7.423046002954691]], [[110.8395822417294, -7.387399690094365], [110.84455921172236, -7.397749528970052], [110.8497455691831, -7.396643150911659], [110.8563952119106, -7.390264704050471], [110.84839630799925, -7.382546575652796], [110.8404709016949, -7.383145799378224], [110.8395822417294, -7.387399690094365]], [[110.82797284391573, -7.3625582592329835], [110.83117024612272, -7.364069477603272], [110.83283355769781, -7.360683225756793], [110.82930634924351, -7.358947113795092], [110.82797284391573, -7.3625582592329835]]], [[[110.8656273059822, -7.747725481057008], [110.86663657722825, -7.740912061724156], [110.87674085157124, -7.740082681548139], [110.88618997664798, -7.748708158699802], [110.88622865940067, -7.75516138546444], [110.89125695453747, -7.759681159071128], [110.89115093698946, -7.766209629306382], [110.88165070234002, -7.768933181474276], [110.87624517425269, -7.759696727754837], [110.87062307894175, -7.758777481268641], [110.8656273059822, -7.747725481057008]]], [[[110.7955598744408, -7.474777835472739], [110.795898766489, -7.467807749361009], [110.81063139925297, -7.466899884105805], [110.81248488613865, -7.474101026017038], [110.81786932806018, -7.478979418285479], [110.816341389739, -7.48678669550667], [110.81974390457522, -7.505205723421231], [110.82296279396768, -7.508568749744935], [110.81913278590099, -7.5218121167342495], [110.81215356128367, -7.519565266312623], [110.81282953761335, -7.510747123790445], [110.80799062714873, -7.502082510676859], [110.80788660491734, -7.491969770499387], [110.80462924012495, -7.486937877928398], [110.80603436310167, -7.477123427918837], [110.7955598744408, -7.474777835472739]]], [[[110.73129172179534, -7.55215861736494], [110.73049709690716, -7.547123461297382], [110.73988064925679, -7.540861787541613], [110.74047210302228, -7.535545410781742], [110.7486754687286, -7.524492938194322], [110.74775824008083, -7.520543404876725], [110.74140658353835, -7.518982255043072], [110.73958863228374, -7.513701238047884], [110.74220054663304, -7.504676990506303], [110.74797919999578, -7.501818450400297], [110.75414405556569, -7.506449844471213], [110.76252125509029, -7.498590789209118], [110.7700473387191, -7.49863663296269], [110.77277524640438, -7.5056154534615125], [110.76572396890415, -7.506209145037768], [110.76260334716731, -7.510622000098236], [110.7701058256818, -7.512003943622381], [110.77276796635117, -7.517698142515869], [110.77680151627902, -7.518891876906225], [110.77622691765085, -7.522799154293873], [110.77314903404773, -7.5259267329078385], [110.76715246489854, -7.526020101694966], [110.765224413067, -7.530076655353738], [110.77836956367845, -7.535267587229], [110.78290901962264, -7.542680189535229], [110.7827150313019, -7.5473070810217315], [110.7765271338395, -7.550595123326751], [110.776085557635, -7.556395013575895], [110.77015322221736, -7.559908583613914], [110.77023962409172, -7.568878312683319], [110.76553761069836, -7.572558174385968], [110.75914505213358, -7.570807845857461], [110.75483640940914, -7.561872169821353], [110.74873837924956, -7.557824945220702], [110.74905339041867, -7.552349824230491], [110.75172263652269, -7.550160239332593], [110.76081352689553, -7.5536969535261544], [110.76343395742185, -7.55238893745871], [110.76326140978887, -7.540658106840298], [110.76059072626029, -7.536957197035399], [110.75227156348237, -7.535992265716075], [110.75023237755069, -7.544727085842991], [110.7407511665279, -7.554981300168859], [110.73129172179534, -7.55215861736494]], [[110.75931483156101, -7.517042580464695], [110.76361505602489, -7.517552480361379], [110.76412835391262, -7.51360821601731], [110.75957035854698, -7.5130441117901725], [110.75931483156101, -7.517042580464695]]], [[[110.7095402680152, -7.777017138759153], [110.71222407531636, -7.771635037751193], [110.72025234628748, -7.769504184379468], [110.73519131065767, -7.759249768701519], [110.7409939958379, -7.7507074412421035], [110.74564026292025, -7.7508041820746625], [110.74851800014247, -7.754549614981766], [110.74322978883454, -7.762273035885251], [110.74732542102053, -7.767077935967587], [110.76141342767343, -7.768259210361442], [110.76736730071399, -7.774291363080005], [110.7710275878646, -7.770702601586105], [110.7836199513376, -7.773118145556341], [110.77699387225464, -7.788396441858048], [110.77836011733795, -7.797090805562546], [110.77268155964359, -7.798991554693207], [110.7625238177262, -7.793772949275369], [110.75699112092327, -7.794942543691288], [110.75030426047626, -7.806470656258959], [110.7439190618632, -7.804666230272804], [110.73522375189008, -7.796641365156761], [110.73869267944231, -7.786474244162844], [110.73525241892949, -7.782569340723017], [110.73619390935679, -7.778538727125007], [110.74319983722951, -7.781584787482568], [110.74601473118447, -7.779615820988097], [110.74094441929172, -7.765767545776899], [110.73495734193807, -7.766593158527061], [110.72885661096214, -7.77976115894384], [110.72061999737491, -7.778672058697383], [110.71792855711179, -7.781446278372116], [110.71176324964426, -7.781473854771919], [110.7095402680152, -7.777017138759153]], [[110.75107075555485, -7.778910616858974], [110.7605652475377, -7.789327332022217], [110.77149136633192, -7.784643579425897], [110.76910478048825, -7.779902336214276], [110.75647244422655, -7.782242913628055], [110.75685599036967, -7.777287712570273], [110.75418845384536, -7.774622697036368], [110.75107075555485, -7.778910616858974]], [[110.74104312599769, -7.7907541399087155], [110.74379500796366, -7.794610979944474], [110.7480732030614, -7.794588270367299], [110.75078101609604, -7.78591137166781], [110.74539490596868, -7.783375360898666], [110.74145063119046, -7.785977938446806], [110.74104312599769, -7.7907541399087155]]], [[[110.72243772897295, -7.349462364036267], [110.73031571211257, -7.344491549206474], [110.73894683529072, -7.3466620042967525], [110.73954362089461, -7.341255838700189], [110.73567524140678, -7.339174964467035], [110.73548540031634, -7.336212694905866], [110.73941553638761, -7.3320302664672825], [110.74351867948172, -7.332185180197708], [110.74421917907355, -7.336672979830865], [110.7470481349582, -7.3379303057713425], [110.75490560373198, -7.33203897606895], [110.76212571916406, -7.339255233708199], [110.75997831891466, -7.344423292268604], [110.75343515276411, -7.343216857400711], [110.74739237182368, -7.348605953764322], [110.73840603702291, -7.348026541337891], [110.7357162896246, -7.353593797886422], [110.72098307626254, -7.352725023442571], [110.72243772897295, -7.349462364036267]]], [[[110.66793527837942, -7.67430704403455], [110.6677372494518, -7.668000267579797], [110.67087618951429, -7.664932742893588], [110.68288330890749, -7.663276927991043], [110.69771717492858, -7.668933734278458], [110.69725366608463, -7.674670346385059], [110.68446631182476, -7.677679310600631], [110.67956060187656, -7.682578220125509], [110.68184782109984, -7.69005621116537], [110.67785443179669, -7.693202121157325], [110.67111944527888, -7.691109703508911], [110.67404925752095, -7.683497975593529], [110.66783326807023, -7.678690826466331], [110.66793527837942, -7.67430704403455]]], [[[110.66287222692083, -7.435543124209659], [110.66124614892665, -7.43158927157995], [110.66438209123206, -7.430186527108475], [110.67186585768086, -7.433489826220336], [110.68096048428659, -7.431820558703361], [110.68598785918921, -7.426892427861655], [110.69461583066273, -7.42680943538514], [110.6969104475442, -7.423550548916037], [110.70789371310514, -7.425041994790563], [110.70731822983484, -7.427661970857955], [110.69679090968832, -7.427844413344095], [110.68727017935946, -7.435980944544975], [110.68543713991765, -7.4396961364082115], [110.68698474434623, -7.443820240359186], [110.68181828374567, -7.447886897875204], [110.68220175412534, -7.454301955796923], [110.67467890461161, -7.451446551539362], [110.67381083937202, -7.440895086064961], [110.66287222692083, -7.435543124209659]]], [[[110.68389621906032, -7.464843426496042], [110.68657883681229, -7.4586289229603], [110.69774097351724, -7.456368262229624], [110.70288043118977, -7.467592719398913], [110.69604661970475, -7.470000283868363], [110.69691472205406, -7.480644269254695], [110.70363318585821, -7.489812502936528], [110.7033236088037, -7.494981427543456], [110.69694130162888, -7.495945285874591], [110.69466504008001, -7.493914252632261], [110.69485185692267, -7.488865308152663], [110.6895444296979, -7.482790227559235], [110.69100795281904, -7.47584684361107], [110.68467120785014, -7.4730967147047], [110.68389621906032, -7.464843426496042]]], [[[110.60107317861886, -7.5342646249035905], [110.6012191589942, -7.527879208826812], [110.60563946063489, -7.526780122428332], [110.6085631706267, -7.52901722322706], [110.60798932546318, -7.537570290305775], [110.61980717459822, -7.540943648224991], [110.62142654618435, -7.546894263437687], [110.62922623046242, -7.549481158851759], [110.63105819540624, -7.560159632748159], [110.62659536512899, -7.564797223230144], [110.61983681788678, -7.564881715064836], [110.60208120313261, -7.550509614458188], [110.60496701942725, -7.538018912532279], [110.60107317861886, -7.5342646249035905]]], [[[110.56583690591819, -7.732306439681505], [110.57245329953463, -7.730587014399939], [110.57673486507485, -7.732961641126259], [110.58567326915527, -7.7325710908751395], [110.59370954390911, -7.750312866553753], [110.59915854947961, -7.753679421516215], [110.59791725534633, -7.769832676565582], [110.60285116131168, -7.776913406591768], [110.61895431169985, -7.782485999217219], [110.61721820479079, -7.789538847973805], [110.61144053171964, -7.7905185420367244], [110.60297313038613, -7.785281650393005], [110.59885393959745, -7.79201906699585], [110.59315534853482, -7.793018359333994], [110.57349019744017, -7.781058155694853], [110.57163557676847, -7.774764646654698], [110.57361421289121, -7.772399413910654], [110.57939086854681, -7.77225262391305], [110.58428200857024, -7.775425450783055], [110.58880209547578, -7.772850017328879], [110.58914658860718, -7.768418991397262], [110.58345512630518, -7.7603734774594395], [110.57786552783244, -7.759583609813792], [110.57532098768263, -7.753085149197596], [110.56929996345391, -7.7501898119336605], [110.56583690591819, -7.732306439681505]]]]}}]}